algorithm,function,dimension,run_id,evaluation,fitness
CMAES,Sphere,10,0,1000,0.015724062421855953
CMAES,Sphere,10,0,2000,5.786162126317944e-09
CMAES,Sphere,10,0,3000,3.3449254158768896e-15
CMAES,Sphere,10,1,1000,0.008041909677227128
CMAES,Sphere,10,1,2000,2.9433192011646205e-09
CMAES,Sphere,10,1,3000,5.127797737884633e-16
CMAES,Sphere,10,2,1000,0.006334383239874525
CMAES,Sphere,10,2,2000,2.9826051866348293e-09
CMAES,Sphere,10,3,1000,0.005487222845617318
CMAES,Sphere,10,3,2000,4.231498682255354e-10
CMAES,Sphere,10,4,1000,0.0072555509651686554
CMAES,Sphere,10,4,2000,3.091843445222393e-10
CMAES,Sphere,10,5,1000,0.004456322616026924
CMAES,Sphere,10,5,2000,1.0016164803291438e-09
CMAES,Sphere,10,6,1000,0.0036667441941391037
CMAES,Sphere,10,6,2000,4.891442835711574e-10
CMAES,Sphere,10,7,1000,0.0007363118105678826
CMAES,Sphere,10,7,2000,2.353920637630302e-10
CMAES,Sphere,10,8,1000,0.02358198768614632
CMAES,Sphere,10,8,2000,2.816542993214225e-08
CMAES,Sphere,10,8,3000,3.3601432402214427e-15
CMAES,Sphere,10,9,1000,0.0029000514519197263
CMAES,Sphere,10,9,2000,7.333055103045531e-09
CMAES,Sphere,10,9,3000,3.852537173087934e-16
CMAES,Sphere,30,0,1000,151.5821119129907
CMAES,Sphere,30,0,2000,0.31929441676510795
CMAES,Sphere,30,0,3000,0.0007156837341921033
CMAES,Sphere,30,0,4000,2.352133064348551e-06
CMAES,Sphere,30,0,5000,5.6795272279510525e-09
CMAES,Sphere,30,0,6000,1.2468374870427723e-11
CMAES,Sphere,30,0,7000,5.749315933297105e-14
CMAES,Sphere,30,1,1000,321.8034226410992
CMAES,Sphere,30,1,2000,0.8370682962155814
CMAES,Sphere,30,1,3000,0.004832927643642136
CMAES,Sphere,30,1,4000,1.112378181795305e-05
CMAES,Sphere,30,1,5000,3.5911574739199255e-08
CMAES,Sphere,30,1,6000,1.4544255470283542e-10
CMAES,Sphere,30,1,7000,3.304024402999711e-13
CMAES,Sphere,30,1,8000,2.8506913573080835e-15
CMAES,Sphere,30,2,1000,95.15215991886983
CMAES,Sphere,30,2,2000,0.13714652620194454
CMAES,Sphere,30,2,3000,0.0005305112677132693
CMAES,Sphere,30,2,4000,1.4372384077896556e-06
CMAES,Sphere,30,2,5000,4.3340064262600964e-09
CMAES,Sphere,30,2,6000,1.394255140249927e-11
CMAES,Sphere,30,2,7000,2.375140390853938e-14
CMAES,Sphere,30,3,1000,170.47440188743832
CMAES,Sphere,30,3,2000,0.39967962243381294
CMAES,Sphere,30,3,3000,0.0010346381255326052
CMAES,Sphere,30,3,4000,3.4253797776283113e-06
CMAES,Sphere,30,3,5000,1.0599900438797034e-08
CMAES,Sphere,30,3,6000,4.603524459736359e-11
CMAES,Sphere,30,3,7000,1.937915331775609e-13
CMAES,Sphere,30,4,1000,198.82090846489518
CMAES,Sphere,30,4,2000,0.5068823548951468
CMAES,Sphere,30,4,3000,0.0013170179525139368
CMAES,Sphere,30,4,4000,6.82457798553935e-06
CMAES,Sphere,30,4,5000,3.15858854737735e-08
CMAES,Sphere,30,4,6000,3.3861927717753446e-11
CMAES,Sphere,30,4,7000,8.903424269245259e-14
CMAES,Sphere,30,5,1000,218.91164976505422
CMAES,Sphere,30,5,2000,1.05548193620848
CMAES,Sphere,30,5,3000,0.004688608743388225
CMAES,Sphere,30,5,4000,1.1157535813353008e-05
CMAES,Sphere,30,5,5000,3.6300797561722585e-08
CMAES,Sphere,30,5,6000,2.3165590326236765e-10
CMAES,Sphere,30,5,7000,8.22869077962491e-13
CMAES,Sphere,30,5,8000,1.6569171955790036e-15
CMAES,Sphere,30,6,1000,177.97367511094023
CMAES,Sphere,30,6,2000,0.3222736484098306
CMAES,Sphere,30,6,3000,0.0005613727141755215
CMAES,Sphere,30,6,4000,1.7026649304550656e-06
CMAES,Sphere,30,6,5000,5.267819525699768e-09
CMAES,Sphere,30,6,6000,2.208025067813285e-11
CMAES,Sphere,30,6,7000,7.236412632271451e-14
CMAES,Sphere,30,7,1000,158.91572645887777
CMAES,Sphere,30,7,2000,0.4159004449051256
CMAES,Sphere,30,7,3000,0.0009372362589018004
CMAES,Sphere,30,7,4000,3.7137197283277887e-06
CMAES,Sphere,30,7,5000,9.63312429422325e-09
CMAES,Sphere,30,7,6000,3.921072516110437e-11
CMAES,Sphere,30,7,7000,9.413013101238016e-14
CMAES,Sphere,30,8,1000,307.5950940826224
CMAES,Sphere,30,8,2000,0.43144400228761276
CMAES,Sphere,30,8,3000,0.0016358169629151628
CMAES,Sphere,30,8,4000,3.7235073741485127e-06
CMAES,Sphere,30,8,5000,9.003510559979063e-09
CMAES,Sphere,30,8,6000,2.4710591212659085e-11
CMAES,Sphere,30,8,7000,1.5697144388755696e-13
CMAES,Sphere,30,9,1000,163.15457241477182
CMAES,Sphere,30,9,2000,0.3538946682868419
CMAES,Sphere,30,9,3000,0.0011162979717075023
CMAES,Sphere,30,9,4000,3.833183841572794e-06
CMAES,Sphere,30,9,5000,7.53930186243639e-09
CMAES,Sphere,30,9,6000,1.7742651911049492e-11
CMAES,Sphere,30,9,7000,6.194280500187429e-14
CMAES,Sphere,50,0,1000,2374.0744224010664
CMAES,Sphere,50,0,2000,49.05353726044483
CMAES,Sphere,50,0,3000,0.7649012643996204
CMAES,Sphere,50,0,4000,0.012932690401913373
CMAES,Sphere,50,0,5000,0.00019546933332124502
CMAES,Sphere,50,0,6000,9.804335365290302e-06
CMAES,Sphere,50,0,7000,1.4312245760852336e-07
CMAES,Sphere,50,0,8000,3.3158824375625693e-09
CMAES,Sphere,50,0,9000,9.886152544503182e-11
CMAES,Sphere,50,0,10000,2.1629492898877443e-12
CMAES,Sphere,50,0,11000,2.8326016906408048e-14
CMAES,Sphere,50,0,12000,6.664575631373935e-16
CMAES,Sphere,50,1,1000,2610.1724850894902
CMAES,Sphere,50,1,2000,48.05965868563112
CMAES,Sphere,50,1,3000,0.7595086940000232
CMAES,Sphere,50,1,4000,0.013907735640791632
CMAES,Sphere,50,1,5000,0.0004287221581449766
CMAES,Sphere,50,1,6000,5.905852433217557e-06
CMAES,Sphere,50,1,7000,1.3128268177040924e-07
CMAES,Sphere,50,1,8000,2.5949846739376345e-09
CMAES,Sphere,50,1,9000,4.083983706026699e-11
CMAES,Sphere,50,1,10000,1.0535879618755037e-12
CMAES,Sphere,50,1,11000,2.991745079741365e-14
CMAES,Sphere,50,2,1000,1874.9660824011971
CMAES,Sphere,50,2,2000,36.863565262187265
CMAES,Sphere,50,2,3000,0.5220028916547433
CMAES,Sphere,50,2,4000,0.009518382402285527
CMAES,Sphere,50,2,5000,0.00023910828030612255
CMAES,Sphere,50,2,6000,7.215695037893761e-06
CMAES,Sphere,50,2,7000,1.1650614903529976e-07
CMAES,Sphere,50,2,8000,2.7653323785288335e-09
CMAES,Sphere,50,2,9000,8.872809458828024e-11
CMAES,Sphere,50,2,10000,1.4248952333090135e-12
CMAES,Sphere,50,2,11000,3.1491520478369485e-14
CMAES,Sphere,50,3,1000,2211.641688609416
CMAES,Sphere,50,3,2000,38.90609643856649
CMAES,Sphere,50,3,3000,0.8816895359954793
CMAES,Sphere,50,3,4000,0.019627817617442263
CMAES,Sphere,50,3,5000,0.00030828721469026695
CMAES,Sphere,50,3,6000,4.497129521434945e-06
CMAES,Sphere,50,3,7000,1.2689486895648305e-07
CMAES,Sphere,50,3,8000,3.110306683674242e-09
CMAES,Sphere,50,3,9000,6.501369185780958e-11
CMAES,Sphere,50,3,10000,1.7480733825627865e-12
CMAES,Sphere,50,3,11000,7.398407462488521e-14
CMAES,Sphere,50,3,12000,1.544448288431155e-15
CMAES,Sphere,50,4,1000,2963.692219239558
CMAES,Sphere,50,4,2000,53.93516500436238
CMAES,Sphere,50,4,3000,1.0718580320654785
CMAES,Sphere,50,4,4000,0.022106550571642774
CMAES,Sphere,50,4,5000,0.000566918295406966
CMAES,Sphere,50,4,6000,9.647593662835858e-06
CMAES,Sphere,50,4,7000,3.051915430489921e-07
CMAES,Sphere,50,4,8000,6.643780187938574e-09
CMAES,Sphere,50,4,9000,1.1591637591089404e-10
CMAES,Sphere,50,4,10000,2.843714380046402e-12
CMAES,Sphere,50,4,11000,9.634830363439987e-14
CMAES,Sphere,50,4,12000,1.4338650252631232e-15
CMAES,Sphere,50,5,1000,1911.4795577616032
CMAES,Sphere,50,5,2000,25.539024957915725
CMAES,Sphere,50,5,3000,0.3495732789691329
CMAES,Sphere,50,5,4000,0.009035174107908214
CMAES,Sphere,50,5,5000,0.00014869614326595298
CMAES,Sphere,50,5,6000,3.668515072886623e-06
CMAES,Sphere,50,5,7000,1.0977950837329442e-07
CMAES,Sphere,50,5,8000,2.1239719730181756e-09
CMAES,Sphere,50,5,9000,4.939763552058726e-11
CMAES,Sphere,50,5,10000,1.1115813938067885e-12
CMAES,Sphere,50,5,11000,1.9891620351740228e-14
CMAES,Sphere,50,6,1000,2122.0422929749743
CMAES,Sphere,50,6,2000,23.280878089469404
CMAES,Sphere,50,6,3000,0.6983352271759397
CMAES,Sphere,50,6,4000,0.014765372714074732
CMAES,Sphere,50,6,5000,0.00020283015784219798
CMAES,Sphere,50,6,6000,5.290307548923206e-06
CMAES,Sphere,50,6,7000,8.07245276165454e-08
CMAES,Sphere,50,6,8000,1.2850736171623468e-09
CMAES,Sphere,50,6,9000,2.7271523439579937e-11
CMAES,Sphere,50,6,10000,6.267703698364295e-13
CMAES,Sphere,50,6,11000,1.6658005497984383e-14
CMAES,Sphere,50,7,1000,3308.856611130505
CMAES,Sphere,50,7,2000,55.689052540293794
CMAES,Sphere,50,7,3000,1.4975105779187057
CMAES,Sphere,50,7,4000,0.02441543357643046
CMAES,Sphere,50,7,5000,0.00043256366854400906
CMAES,Sphere,50,7,6000,1.048736668522087e-05
CMAES,Sphere,50,7,7000,2.206371477349971e-07
CMAES,Sphere,50,7,8000,5.3292823322902574e-09
CMAES,Sphere,50,7,9000,7.99314195517301e-11
CMAES,Sphere,50,7,10000,1.9413659162469552e-12
CMAES,Sphere,50,7,11000,7.196585616218156e-14
CMAES,Sphere,50,7,12000,2.2604040852081156e-15
CMAES,Sphere,50,8,1000,1979.353144418659
CMAES,Sphere,50,8,2000,30.69584978951144
CMAES,Sphere,50,8,3000,0.942741408862876
CMAES,Sphere,50,8,4000,0.014010591661224939
CMAES,Sphere,50,8,5000,0.0004314610705800971
CMAES,Sphere,50,8,6000,8.649810383537303e-06
CMAES,Sphere,50,8,7000,1.8125175626297255e-07
CMAES,Sphere,50,8,8000,4.670116310573625e-09
CMAES,Sphere,50,8,9000,8.287959001101793e-11
CMAES,Sphere,50,8,10000,1.7690806260487224e-12
CMAES,Sphere,50,8,11000,4.26533391671929e-14
CMAES,Sphere,50,9,1000,2633.8105431524714
CMAES,Sphere,50,9,2000,60.43742849149519
CMAES,Sphere,50,9,3000,0.8713751994567368
CMAES,Sphere,50,9,4000,0.024655637647894392
CMAES,Sphere,50,9,5000,0.00045217046787894333
CMAES,Sphere,50,9,6000,1.1122532715623392e-05
CMAES,Sphere,50,9,7000,2.4678452872316333e-07
CMAES,Sphere,50,9,8000,5.089204096420606e-09
CMAES,Sphere,50,9,9000,1.131821383358086e-10
CMAES,Sphere,50,9,10000,2.6764679668662864e-12
CMAES,Sphere,50,9,11000,7.101483839776457e-14
CMAES,Sphere,50,9,12000,1.1630187925588576e-15
CMAES,Sphere,100,0,1000,28740.77395397769
CMAES,Sphere,100,0,2000,2998.392454871159
CMAES,Sphere,100,0,3000,329.08501578975114
CMAES,Sphere,100,0,4000,26.120210515678323
CMAES,Sphere,100,0,5000,3.6385707076342717
CMAES,Sphere,100,0,6000,0.44254838144061154
CMAES,Sphere,100,0,7000,0.05060018825965606
CMAES,Sphere,100,0,8000,0.006634018063770639
CMAES,Sphere,100,0,9000,0.0007886568760743612
CMAES,Sphere,100,0,10000,0.00010981982961898034
CMAES,Sphere,100,0,11000,1.0111152699618998e-05
CMAES,Sphere,100,0,12000,1.1374289175609318e-06
CMAES,Sphere,100,0,13000,1.7532903052438303e-07
CMAES,Sphere,100,0,14000,1.8076629735476294e-08
CMAES,Sphere,100,0,15000,2.3009119042935143e-09
CMAES,Sphere,100,0,16000,2.4613158311277765e-10
CMAES,Sphere,100,0,17000,2.979465659481749e-11
CMAES,Sphere,100,0,18000,3.4162184158180755e-12
CMAES,Sphere,100,0,19000,3.369663914779287e-13
CMAES,Sphere,100,0,20000,3.594369774214429e-14
CMAES,Sphere,100,0,21000,3.7515454833227744e-15
CMAES,Sphere,100,1,1000,33167.13544022189
CMAES,Sphere,100,1,2000,3554.495832732062
CMAES,Sphere,100,1,3000,443.9294562518566
CMAES,Sphere,100,1,4000,44.383940958754366
CMAES,Sphere,100,1,5000,5.982598469059918
CMAES,Sphere,100,1,6000,0.6912075483274783
CMAES,Sphere,100,1,7000,0.07237946424075302
CMAES,Sphere,100,1,8000,0.004859411917225069
CMAES,Sphere,100,1,9000,0.0010267627414843156
CMAES,Sphere,100,1,10000,0.00010843178595123288
CMAES,Sphere,100,1,11000,1.1929027411903448e-05
CMAES,Sphere,100,1,12000,1.2888479013053908e-06
CMAES,Sphere,100,1,13000,1.2549666824946443e-07
CMAES,Sphere,100,1,14000,1.2198820517498986e-08
CMAES,Sphere,100,1,15000,1.588182971428962e-09
CMAES,Sphere,100,1,16000,2.1105209843533683e-10
CMAES,Sphere,100,1,17000,2.4324875391509288e-11
CMAES,Sphere,100,1,18000,2.901808540578188e-12
CMAES,Sphere,100,1,19000,5.53231313565308e-13
CMAES,Sphere,100,1,20000,6.591824602560054e-14
CMAES,Sphere,100,1,21000,7.654767202908244e-15
CMAES,Sphere,100,1,22000,7.1043927643582555e-16
CMAES,Sphere,100,2,1000,29998.761907050484
CMAES,Sphere,100,2,2000,3155.2957822041826
CMAES,Sphere,100,2,3000,335.27180916728327
CMAES,Sphere,100,2,4000,37.61073013716145
CMAES,Sphere,100,2,5000,4.027125287725389
CMAES,Sphere,100,2,6000,0.6211641192138925
CMAES,Sphere,100,2,7000,0.06847665551421195
CMAES,Sphere,100,2,8000,0.007442488336928178
CMAES,Sphere,100,2,9000,0.0009285640957965272
CMAES,Sphere,100,2,10000,0.00010154448142986015
CMAES,Sphere,100,2,11000,1.0582480910944828e-05
CMAES,Sphere,100,2,12000,1.2821449448477656e-06
CMAES,Sphere,100,2,13000,1.4966505702795813e-07
CMAES,Sphere,100,2,14000,2.5863771093430512e-08
CMAES,Sphere,100,2,15000,2.3824138828499137e-09
CMAES,Sphere,100,2,16000,2.937219776302109e-10
CMAES,Sphere,100,2,17000,2.88773171244769e-11
CMAES,Sphere,100,2,18000,3.897085237328628e-12
CMAES,Sphere,100,2,19000,6.811873759920876e-13
CMAES,Sphere,100,2,20000,8.151529813564914e-14
CMAES,Sphere,100,2,21000,1.0792196084844783e-14
CMAES,Sphere,100,2,22000,1.3534879298441962e-15
CMAES,Sphere,100,3,1000,35449.002085735985
CMAES,Sphere,100,3,2000,4364.665565508217
CMAES,Sphere,100,3,3000,536.2394529396382
CMAES,Sphere,100,3,4000,63.667804754871646
CMAES,Sphere,100,3,5000,6.225806943299119
CMAES,Sphere,100,3,6000,0.9880494508437877
CMAES,Sphere,100,3,7000,0.1250473785912899
CMAES,Sphere,100,3,8000,0.01620921408732545
CMAES,Sphere,100,3,9000,0.001993939423604978
CMAES,Sphere,100,3,10000,0.0001848424642658028
CMAES,Sphere,100,3,11000,2.2906717494552965e-05
CMAES,Sphere,100,3,12000,1.9204511063305868e-06
CMAES,Sphere,100,3,13000,2.8550133053079623e-07
CMAES,Sphere,100,3,14000,2.713113768459293e-08
CMAES,Sphere,100,3,15000,4.281220732112846e-09
CMAES,Sphere,100,3,16000,4.518188133257459e-10
CMAES,Sphere,100,3,17000,4.730671114148334e-11
CMAES,Sphere,100,3,18000,5.26339424066912e-12
CMAES,Sphere,100,3,19000,4.626599217597372e-13
CMAES,Sphere,100,3,20000,8.606690752592486e-14
CMAES,Sphere,100,3,21000,8.191211865405416e-15
CMAES,Sphere,100,3,22000,8.854875921228571e-16
CMAES,Sphere,100,4,1000,29108.72645240032
CMAES,Sphere,100,4,2000,3214.19579698198
CMAES,Sphere,100,4,3000,475.32667854153425
CMAES,Sphere,100,4,4000,51.11222970406253
CMAES,Sphere,100,4,5000,8.650344304390988
CMAES,Sphere,100,4,6000,0.8579166590772515
CMAES,Sphere,100,4,7000,0.0831235990695426
CMAES,Sphere,100,4,8000,0.011562705632666802
CMAES,Sphere,100,4,9000,0.0016246063775090297
CMAES,Sphere,100,4,10000,0.0001778444224781978
CMAES,Sphere,100,4,11000,1.987168138780765e-05
CMAES,Sphere,100,4,12000,3.1364622745789243e-06
CMAES,Sphere,100,4,13000,4.060831691749424e-07
CMAES,Sphere,100,4,14000,4.1386047071708674e-08
CMAES,Sphere,100,4,15000,4.517887224127991e-09
CMAES,Sphere,100,4,16000,6.098433269168703e-10
CMAES,Sphere,100,4,17000,7.328621850891037e-11
CMAES,Sphere,100,4,18000,8.159711049384995e-12
CMAES,Sphere,100,4,19000,9.335810386155748e-13
CMAES,Sphere,100,4,20000,9.064219766431881e-14
CMAES,Sphere,100,4,21000,1.120405565474303e-14
CMAES,Sphere,100,4,22000,1.5482703674274825e-15
CMAES,Sphere,100,5,1000,36898.017365126165
CMAES,Sphere,100,5,2000,2975.7305244627705
CMAES,Sphere,100,5,3000,513.0218700893059
CMAES,Sphere,100,5,4000,45.19516368628938
CMAES,Sphere,100,5,5000,7.155973539941248
CMAES,Sphere,100,5,6000,0.7965020979374726
CMAES,Sphere,100,5,7000,0.09633495117068112
CMAES,Sphere,100,5,8000,0.010336339696703984
CMAES,Sphere,100,5,9000,0.0012115808708968278
CMAES,Sphere,100,5,10000,0.00013668637813133873
CMAES,Sphere,100,5,11000,1.878938162988968e-05
CMAES,Sphere,100,5,12000,2.4603053174903293e-06
CMAES,Sphere,100,5,13000,3.016938151739366e-07
CMAES,Sphere,100,5,14000,3.63091715686645e-08
CMAES,Sphere,100,5,15000,5.414174002821648e-09
CMAES,Sphere,100,5,16000,6.113703121861023e-10
CMAES,Sphere,100,5,17000,8.093698634962386e-11
CMAES,Sphere,100,5,18000,8.284154116558458e-12
CMAES,Sphere,100,5,19000,1.489459259664459e-12
CMAES,Sphere,100,5,20000,2.1339899337546881e-13
CMAES,Sphere,100,5,21000,2.1842330316619007e-14
CMAES,Sphere,100,5,22000,2.7181526181793044e-15
CMAES,Sphere,100,6,1000,26045.76120955252
CMAES,Sphere,100,6,2000,3017.9896752807963
CMAES,Sphere,100,6,3000,342.46126720150795
CMAES,Sphere,100,6,4000,34.61664758413724
CMAES,Sphere,100,6,5000,4.766076318333604
CMAES,Sphere,100,6,6000,0.43027297287981436
CMAES,Sphere,100,6,7000,0.08461437017776752
CMAES,Sphere,100,6,8000,0.010581736596241736
CMAES,Sphere,100,6,9000,0.0013851233181930215
CMAES,Sphere,100,6,10000,0.0001715298456642135
CMAES,Sphere,100,6,11000,1.874507386098921e-05
CMAES,Sphere,100,6,12000,2.259371764041234e-06
CMAES,Sphere,100,6,13000,2.525475391709194e-07
CMAES,Sphere,100,6,14000,2.9481949543973657e-08
CMAES,Sphere,100,6,15000,3.86857372614981e-09
CMAES,Sphere,100,6,16000,4.859157159882684e-10
CMAES,Sphere,100,6,17000,5.496352768989521e-11
CMAES,Sphere,100,6,18000,4.523831876608491e-12
CMAES,Sphere,100,6,19000,6.202321668752451e-13
CMAES,Sphere,100,6,20000,7.284736619622295e-14
CMAES,Sphere,100,6,21000,6.421175459008194e-15
CMAES,Sphere,100,6,22000,6.797197545080584e-16
CMAES,Sphere,100,7,1000,27412.543987862864
CMAES,Sphere,100,7,2000,3200.513525816373
CMAES,Sphere,100,7,3000,396.2871287514457
CMAES,Sphere,100,7,4000,39.56262318966952
CMAES,Sphere,100,7,5000,5.015859875353403
CMAES,Sphere,100,7,6000,0.8110802336699108
CMAES,Sphere,100,7,7000,0.0963163525664629
CMAES,Sphere,100,7,8000,0.009829208840064546
CMAES,Sphere,100,7,9000,0.0008706234449153124
CMAES,Sphere,100,7,10000,0.00016422239110962835
CMAES,Sphere,100,7,11000,1.6686987338417258e-05
CMAES,Sphere,100,7,12000,2.081584185336254e-06
CMAES,Sphere,100,7,13000,1.9259848312230215e-07
CMAES,Sphere,100,7,14000,2.0535818194505017e-08
CMAES,Sphere,100,7,15000,2.2623778810552073e-09
CMAES,Sphere,100,7,16000,2.0061338135829204e-10
CMAES,Sphere,100,7,17000,3.4936662008891936e-11
CMAES,Sphere,100,7,18000,3.764241567776907e-12
CMAES,Sphere,100,7,19000,5.094982000029169e-13
CMAES,Sphere,100,7,20000,5.839028867900421e-14
CMAES,Sphere,100,7,21000,6.2585486802291634e-15
CMAES,Sphere,100,7,22000,7.086662837090054e-16
CMAES,Sphere,100,8,1000,27424.202652747455
CMAES,Sphere,100,8,2000,2720.63351040097
CMAES,Sphere,100,8,3000,345.86945276434767
CMAES,Sphere,100,8,4000,46.095074079825935
CMAES,Sphere,100,8,5000,4.65735423922105
CMAES,Sphere,100,8,6000,0.6096591944766347
CMAES,Sphere,100,8,7000,0.07250707361191407
CMAES,Sphere,100,8,8000,0.008440609575240818
CMAES,Sphere,100,8,9000,0.0013201956866993934
CMAES,Sphere,100,8,10000,0.00016311498866501253
CMAES,Sphere,100,8,11000,2.029704910258937e-05
CMAES,Sphere,100,8,12000,1.9398690059040657e-06
CMAES,Sphere,100,8,13000,2.750016384285247e-07
CMAES,Sphere,100,8,14000,3.2561687145961624e-08
CMAES,Sphere,100,8,15000,3.976026811545684e-09
CMAES,Sphere,100,8,16000,4.225511262307266e-10
CMAES,Sphere,100,8,17000,4.8176645789272687e-11
CMAES,Sphere,100,8,18000,6.412998486135613e-12
CMAES,Sphere,100,8,19000,4.969124320529435e-13
CMAES,Sphere,100,8,20000,8.659221019798503e-14
CMAES,Sphere,100,8,21000,8.244890553175782e-15
CMAES,Sphere,100,8,22000,9.408427824391623e-16
CMAES,Sphere,100,9,1000,28248.51251388447
CMAES,Sphere,100,9,2000,3221.0636150187415
CMAES,Sphere,100,9,3000,339.0228298776283
CMAES,Sphere,100,9,4000,47.86638439898543
CMAES,Sphere,100,9,5000,4.518266316328443
CMAES,Sphere,100,9,6000,0.4598521665469901
CMAES,Sphere,100,9,7000,0.05273783045132018
CMAES,Sphere,100,9,8000,0.007595483849527714
CMAES,Sphere,100,9,9000,0.0008111497271237248
CMAES,Sphere,100,9,10000,9.034035540781163e-05
CMAES,Sphere,100,9,11000,7.790735346741047e-06
CMAES,Sphere,100,9,12000,1.0696443274638114e-06
CMAES,Sphere,100,9,13000,9.057024940775581e-08
CMAES,Sphere,100,9,14000,1.2331215964061804e-08
CMAES,Sphere,100,9,15000,1.4383346022798437e-09
CMAES,Sphere,100,9,16000,2.0164155543985545e-10
CMAES,Sphere,100,9,17000,2.5902676508106712e-11
CMAES,Sphere,100,9,18000,2.8948891950507728e-12
CMAES,Sphere,100,9,19000,3.339084861057391e-13
CMAES,Sphere,100,9,20000,3.923587837865534e-14
CMAES,Sphere,100,9,21000,4.524435865043385e-15
CMAES,Rastrigin,10,0,1000,31.86335306403042
CMAES,Rastrigin,10,0,2000,21.8890781187809
CMAES,Rastrigin,10,0,3000,21.88907406697497
CMAES,Rastrigin,10,1,1000,30.26325588421318
CMAES,Rastrigin,10,1,2000,23.87931423696348
CMAES,Rastrigin,10,1,3000,23.878971984593505
CMAES,Rastrigin,10,2,1000,18.53838041627975
CMAES,Rastrigin,10,2,2000,17.909227822852188
CMAES,Rastrigin,10,2,3000,17.909227717507576
CMAES,Rastrigin,10,3,1000,57.13441318413903
CMAES,Rastrigin,10,3,2000,10.944727905203322
CMAES,Rastrigin,10,3,3000,10.944544590227693
CMAES,Rastrigin,10,4,1000,39.208418542721866
CMAES,Rastrigin,10,4,2000,16.914399013873336
CMAES,Rastrigin,10,4,3000,16.914283819349805
CMAES,Rastrigin,10,5,1000,21.71980995744829
CMAES,Rastrigin,10,5,2000,19.899144218589143
CMAES,Rastrigin,10,5,3000,19.899140793875972
CMAES,Rastrigin,10,6,1000,44.62266633613807
CMAES,Rastrigin,10,6,2000,7.9600930591723795
CMAES,Rastrigin,10,6,3000,7.959672456809315
CMAES,Rastrigin,10,7,1000,32.75957112638265
CMAES,Rastrigin,10,7,2000,27.85874607271569
CMAES,Rastrigin,10,7,3000,27.85874240194491
CMAES,Rastrigin,10,8,1000,4.7726300320526605
CMAES,Rastrigin,10,8,2000,3.9798365221854652
CMAES,Rastrigin,10,8,3000,3.9798362283731876
CMAES,Rastrigin,10,9,1000,48.521461549298294
CMAES,Rastrigin,10,9,2000,24.21824248370922
CMAES,Rastrigin,10,9,3000,23.8789112537398
CMAES,Rastrigin,10,9,4000,23.878911211388854
CMAES,Rastrigin,30,0,1000,222.81304399308846
CMAES,Rastrigin,30,0,2000,220.65486243615516
CMAES,Rastrigin,30,0,3000,42.296320294317354
CMAES,Rastrigin,30,0,4000,39.80729555487585
CMAES,Rastrigin,30,0,5000,39.798351145719494
CMAES,Rastrigin,30,0,6000,39.79832716341866
CMAES,Rastrigin,30,0,7000,39.79832701961749
CMAES,Rastrigin,30,0,8000,39.7983270189996
CMAES,Rastrigin,30,0,9000,39.79832701899812
CMAES,Rastrigin,30,1,1000,231.4421584172593
CMAES,Rastrigin,30,1,2000,227.6939739723665
CMAES,Rastrigin,30,1,3000,92.84998809611326
CMAES,Rastrigin,30,1,4000,55.82390538505109
CMAES,Rastrigin,30,1,5000,55.71814151415816
CMAES,Rastrigin,30,1,6000,55.71763371634779
CMAES,Rastrigin,30,1,7000,55.71763158963154
CMAES,Rastrigin,30,1,8000,55.71763158452006
CMAES,Rastrigin,30,1,9000,55.717631584500054
CMAES,Rastrigin,30,2,1000,231.42824257211805
CMAES,Rastrigin,30,2,2000,221.9998812385499
CMAES,Rastrigin,30,2,3000,49.92485851530381
CMAES,Rastrigin,30,2,4000,43.79331742918316
CMAES,Rastrigin,30,2,5000,43.77824968276809
CMAES,Rastrigin,30,2,6000,43.778163550875604
CMAES,Rastrigin,30,2,7000,43.77816324893951
CMAES,Rastrigin,30,2,8000,43.77816324737449
CMAES,Rastrigin,30,2,9000,43.77816324737125
CMAES,Rastrigin,30,3,1000,250.30213291484307
CMAES,Rastrigin,30,3,2000,200.79507915170458
CMAES,Rastrigin,30,3,3000,34.289719387920286
CMAES,Rastrigin,30,3,4000,28.889007866550116
CMAES,Rastrigin,30,3,5000,28.853901694080264
CMAES,Rastrigin,30,3,6000,28.85379791936805
CMAES,Rastrigin,30,3,7000,28.853797544105362
CMAES,Rastrigin,30,3,8000,28.853797542253005
CMAES,Rastrigin,30,3,9000,28.85379754224823
CMAES,Rastrigin,30,4,1000,220.1407854331492
CMAES,Rastrigin,30,4,2000,95.89665524003331
CMAES,Rastrigin,30,4,3000,43.041882603199156
CMAES,Rastrigin,30,4,4000,42.78417714449017
CMAES,Rastrigin,30,4,5000,42.78321140684187
CMAES,Rastrigin,30,4,6000,42.783209233083994
CMAES,Rastrigin,30,4,7000,42.78320922810889
CMAES,Rastrigin,30,4,8000,42.78320922809712
CMAES,Rastrigin,30,5,1000,244.06941552004628
CMAES,Rastrigin,30,5,2000,237.57657803588086
CMAES,Rastrigin,30,5,3000,60.47871217793957
CMAES,Rastrigin,30,5,4000,51.789123910950906
CMAES,Rastrigin,30,5,5000,51.73813264455964
CMAES,Rastrigin,30,5,6000,51.73780170909126
CMAES,Rastrigin,30,5,7000,51.73780039869655
CMAES,Rastrigin,30,5,8000,51.737800393963965
CMAES,Rastrigin,30,5,9000,51.737800393945946
CMAES,Rastrigin,30,6,1000,235.75069437573592
CMAES,Rastrigin,30,6,2000,235.75069437573592
CMAES,Rastrigin,30,6,3000,209.76495628229463
CMAES,Rastrigin,30,6,4000,70.04660258671265
CMAES,Rastrigin,30,6,5000,69.64968112935983
CMAES,Rastrigin,30,6,6000,69.647036181245
CMAES,Rastrigin,30,6,7000,69.64702312666162
CMAES,Rastrigin,30,6,8000,69.64702307395265
CMAES,Rastrigin,30,6,9000,69.64702307363527
CMAES,Rastrigin,30,6,10000,69.64702307363444
CMAES,Rastrigin,30,7,1000,225.35482645752404
CMAES,Rastrigin,30,7,2000,224.53627021259143
CMAES,Rastrigin,30,7,3000,224.53627021259143
CMAES,Rastrigin,30,7,4000,224.53627021259143
CMAES,Rastrigin,30,7,5000,209.1359327454934
CMAES,Rastrigin,30,7,6000,73.85898421124256
CMAES,Rastrigin,30,7,7000,53.81359615684423
CMAES,Rastrigin,30,7,8000,53.72828787025645
CMAES,Rastrigin,30,7,9000,53.727741055545465
CMAES,Rastrigin,30,7,10000,53.72773871364245
CMAES,Rastrigin,30,7,11000,53.727738704884274
CMAES,Rastrigin,30,7,12000,53.72773870484713
CMAES,Rastrigin,30,8,1000,251.25222337387314
CMAES,Rastrigin,30,8,2000,228.8982305950423
CMAES,Rastrigin,30,8,3000,217.97989684267284
CMAES,Rastrigin,30,8,4000,99.72035815183847
CMAES,Rastrigin,30,8,5000,41.320472016548194
CMAES,Rastrigin,30,8,6000,40.794658597733815
CMAES,Rastrigin,30,8,7000,40.79325283279604
CMAES,Rastrigin,30,8,8000,40.793245693616996
CMAES,Rastrigin,30,8,9000,40.79324568269766
CMAES,Rastrigin,30,8,10000,40.7932456826627
CMAES,Rastrigin,30,9,1000,214.72956063174456
CMAES,Rastrigin,30,9,2000,214.72956063174456
CMAES,Rastrigin,30,9,3000,120.63908045465021
CMAES,Rastrigin,30,9,4000,63.89691159562841
CMAES,Rastrigin,30,9,5000,63.677956056353764
CMAES,Rastrigin,30,9,6000,63.677263883308086
CMAES,Rastrigin,30,9,7000,63.67725863613967
CMAES,Rastrigin,30,9,8000,63.67725861009001
CMAES,Rastrigin,30,9,9000,63.677258609998574
CMAES,Rastrigin,50,0,1000,442.5223663275028
CMAES,Rastrigin,50,0,2000,430.03335411001285
CMAES,Rastrigin,50,0,3000,202.31781393872222
CMAES,Rastrigin,50,0,4000,78.2877523875593
CMAES,Rastrigin,50,0,5000,74.66315249702961
CMAES,Rastrigin,50,0,6000,74.6231862011096
CMAES,Rastrigin,50,0,7000,74.62179275118234
CMAES,Rastrigin,50,0,8000,74.62176352898359
CMAES,Rastrigin,50,0,9000,74.62176264936289
CMAES,Rastrigin,50,0,10000,74.6217626245911
CMAES,Rastrigin,50,0,11000,74.62176262389505
CMAES,Rastrigin,50,0,12000,74.62176262388004
CMAES,Rastrigin,50,0,13000,74.62176262387965
CMAES,Rastrigin,50,1,1000,462.11401033833624
CMAES,Rastrigin,50,1,2000,423.2500459862056
CMAES,Rastrigin,50,1,3000,423.2500459862056
CMAES,Rastrigin,50,1,4000,423.2500459862056
CMAES,Rastrigin,50,1,5000,423.2500459862056
CMAES,Rastrigin,50,1,6000,352.1726092712085
CMAES,Rastrigin,50,1,7000,108.47198745295628
CMAES,Rastrigin,50,1,8000,95.82554995142272
CMAES,Rastrigin,50,1,9000,95.52257883470071
CMAES,Rastrigin,50,1,10000,95.51607073462606
CMAES,Rastrigin,50,1,11000,95.51592100779294
CMAES,Rastrigin,50,1,12000,95.51591829656422
CMAES,Rastrigin,50,1,13000,95.51591821152562
CMAES,Rastrigin,50,1,14000,95.51591821011755
CMAES,Rastrigin,50,1,15000,95.51591821007014
CMAES,Rastrigin,50,1,16000,95.51591821006929
CMAES,Rastrigin,50,2,1000,514.0970577307213
CMAES,Rastrigin,50,2,2000,433.3853688272145
CMAES,Rastrigin,50,2,3000,433.3853688272145
CMAES,Rastrigin,50,2,4000,192.8035181165335
CMAES,Rastrigin,50,2,5000,96.20272429774275
CMAES,Rastrigin,50,2,6000,92.61708237854305
CMAES,Rastrigin,50,2,7000,92.53215453935184
CMAES,Rastrigin,50,2,8000,92.53104991829144
CMAES,Rastrigin,50,2,9000,92.5310214599512
CMAES,Rastrigin,50,2,10000,92.53102067550714
CMAES,Rastrigin,50,2,11000,92.53102065965044
CMAES,Rastrigin,50,2,12000,92.53102065919535
CMAES,Rastrigin,50,2,13000,92.5310206591783
CMAES,Rastrigin,50,2,14000,92.53102065917795
CMAES,Rastrigin,50,3,1000,478.4673557765986
CMAES,Rastrigin,50,3,2000,414.3632219565252
CMAES,Rastrigin,50,3,3000,414.3632219565252
CMAES,Rastrigin,50,3,4000,136.95181701793575
CMAES,Rastrigin,50,3,5000,78.25050854197173
CMAES,Rastrigin,50,3,6000,76.63772327224285
CMAES,Rastrigin,50,3,7000,76.61243757349217
CMAES,Rastrigin,50,3,8000,76.61169506016893
CMAES,Rastrigin,50,3,9000,76.61167622126158
CMAES,Rastrigin,50,3,10000,76.61167571770466
CMAES,Rastrigin,50,3,11000,76.61167570055164
CMAES,Rastrigin,50,3,12000,76.61167570025242
CMAES,Rastrigin,50,3,13000,76.61167570024713
CMAES,Rastrigin,50,3,14000,76.61167570024713
CMAES,Rastrigin,50,4,1000,467.935603771481
CMAES,Rastrigin,50,4,2000,438.3517896555764
CMAES,Rastrigin,50,4,3000,272.03721023900334
CMAES,Rastrigin,50,4,4000,113.16781748609918
CMAES,Rastrigin,50,4,5000,107.5847959537519
CMAES,Rastrigin,50,4,6000,107.45795413463094
CMAES,Rastrigin,50,4,7000,107.4553699978535
CMAES,Rastrigin,50,4,8000,107.45531702166659
CMAES,Rastrigin,50,4,9000,107.4553156762052
CMAES,Rastrigin,50,4,10000,107.45531565331663
CMAES,Rastrigin,50,4,11000,107.4553156530958
CMAES,Rastrigin,50,4,12000,107.45531565308153
CMAES,Rastrigin,50,4,13000,107.4553156530813
CMAES,Rastrigin,50,5,1000,491.1018361811231
CMAES,Rastrigin,50,5,2000,453.6582570530403
CMAES,Rastrigin,50,5,3000,440.51349757695556
CMAES,Rastrigin,50,5,4000,134.8814011151464
CMAES,Rastrigin,50,5,5000,113.09240207392196
CMAES,Rastrigin,50,5,6000,112.44336262335418
CMAES,Rastrigin,50,5,7000,112.43035472395775
CMAES,Rastrigin,50,5,8000,112.43015800820439
CMAES,Rastrigin,50,5,9000,112.43015179647352
CMAES,Rastrigin,50,5,10000,112.4301515652208
CMAES,Rastrigin,50,5,11000,112.43015156041503
CMAES,Rastrigin,50,5,12000,112.43015156031328
CMAES,Rastrigin,50,5,13000,112.43015156031186
CMAES,Rastrigin,50,6,1000,465.10372170560015
CMAES,Rastrigin,50,6,2000,451.361226221211
CMAES,Rastrigin,50,6,3000,439.604439231669
CMAES,Rastrigin,50,6,4000,210.24735858748795
CMAES,Rastrigin,50,6,5000,129.3616468179506
CMAES,Rastrigin,50,6,6000,127.40920268576122
CMAES,Rastrigin,50,6,7000,127.35547763267039
CMAES,Rastrigin,50,6,8000,127.35443463653951
CMAES,Rastrigin,50,6,9000,127.35441152280526
CMAES,Rastrigin,50,6,10000,127.35441102706983
CMAES,Rastrigin,50,6,11000,127.3544110159811
CMAES,Rastrigin,50,6,12000,127.35441101571365
CMAES,Rastrigin,50,6,13000,127.35441101570848
CMAES,Rastrigin,50,6,14000,127.35441101570842
CMAES,Rastrigin,50,7,1000,453.13038956633903
CMAES,Rastrigin,50,7,2000,443.009854170652
CMAES,Rastrigin,50,7,3000,435.1026849507941
CMAES,Rastrigin,50,7,4000,432.07568584593577
CMAES,Rastrigin,50,7,5000,133.97535322905622
CMAES,Rastrigin,50,7,6000,99.23514584490471
CMAES,Rastrigin,50,7,7000,98.5118852897528
CMAES,Rastrigin,50,7,8000,98.50105020052575
CMAES,Rastrigin,50,7,9000,98.50080418888331
CMAES,Rastrigin,50,7,10000,98.50079564578425
CMAES,Rastrigin,50,7,11000,98.5007953880588
CMAES,Rastrigin,50,7,12000,98.5007953814731
CMAES,Rastrigin,50,7,13000,98.50079538135134
CMAES,Rastrigin,50,7,14000,98.50079538134912
CMAES,Rastrigin,50,7,15000,98.50079538134912
CMAES,Rastrigin,50,8,1000,483.0251899144459
CMAES,Rastrigin,50,8,2000,464.1203481045698
CMAES,Rastrigin,50,8,3000,442.7467008180428
CMAES,Rastrigin,50,8,4000,126.66542132168371
CMAES,Rastrigin,50,8,5000,106.9017967509933
CMAES,Rastrigin,50,8,6000,106.46791151917864
CMAES,Rastrigin,50,8,7000,106.46060122864583
CMAES,Rastrigin,50,8,8000,106.46043678068418
CMAES,Rastrigin,50,8,9000,106.46043261160145
CMAES,Rastrigin,50,8,10000,106.46043252938625
CMAES,Rastrigin,50,8,11000,106.46043252796625
CMAES,Rastrigin,50,8,12000,106.46043252792458
CMAES,Rastrigin,50,8,13000,106.46043252792379
CMAES,Rastrigin,50,9,1000,481.1372388273214
CMAES,Rastrigin,50,9,2000,463.7564754284974
CMAES,Rastrigin,50,9,3000,382.2421425020043
CMAES,Rastrigin,50,9,4000,122.50163250616464
CMAES,Rastrigin,50,9,5000,80.09551667525528
CMAES,Rastrigin,50,9,6000,79.60987080992857
CMAES,Rastrigin,50,9,7000,79.59697591892564
CMAES,Rastrigin,50,9,8000,79.59660377900298
CMAES,Rastrigin,50,9,9000,79.59659861832682
CMAES,Rastrigin,50,9,10000,79.5965984890002
CMAES,Rastrigin,50,9,11000,79.59659848572124
CMAES,Rastrigin,50,9,12000,79.5965984856727
CMAES,Rastrigin,50,9,13000,79.59659848567196
CMAES,Rastrigin,100,0,1000,1081.9890298941996
CMAES,Rastrigin,100,0,2000,1053.4178272675997
CMAES,Rastrigin,100,0,3000,1002.4622776267688
CMAES,Rastrigin,100,0,4000,982.5973698217884
CMAES,Rastrigin,100,0,5000,846.2696058177082
CMAES,Rastrigin,100,0,6000,453.59779523025554
CMAES,Rastrigin,100,0,7000,236.40846958737018
CMAES,Rastrigin,100,0,8000,189.06899793941943
CMAES,Rastrigin,100,0,9000,184.51514888319969
CMAES,Rastrigin,100,0,10000,184.12649739907295
CMAES,Rastrigin,100,0,11000,184.07307839262887
CMAES,Rastrigin,100,0,12000,184.0676199434921
CMAES,Rastrigin,100,0,13000,184.06711637292415
CMAES,Rastrigin,100,0,14000,184.0670462870106
CMAES,Rastrigin,100,0,15000,184.06703817753169
CMAES,Rastrigin,100,0,16000,184.06703713227182
CMAES,Rastrigin,100,0,17000,184.06703698785714
CMAES,Rastrigin,100,0,18000,184.0670369694799
CMAES,Rastrigin,100,0,19000,184.06703696763657
CMAES,Rastrigin,100,0,20000,184.0670369674956
CMAES,Rastrigin,100,0,21000,184.06703696747638
CMAES,Rastrigin,100,0,22000,184.06703696747388
CMAES,Rastrigin,100,0,23000,184.06703696747365
CMAES,Rastrigin,100,0,24000,184.06703696747365
CMAES,Rastrigin,100,1,1000,1146.0563225715855
CMAES,Rastrigin,100,1,2000,979.338752660919
CMAES,Rastrigin,100,1,3000,979.338752660919
CMAES,Rastrigin,100,1,4000,979.338752660919
CMAES,Rastrigin,100,1,5000,979.338752660919
CMAES,Rastrigin,100,1,6000,979.338752660919
CMAES,Rastrigin,100,1,7000,917.0342659138936
CMAES,Rastrigin,100,1,8000,576.9015339640792
CMAES,Rastrigin,100,1,9000,347.76953216266725
CMAES,Rastrigin,100,1,10000,295.8305119637274
CMAES,Rastrigin,100,1,11000,288.6803505643527
CMAES,Rastrigin,100,1,12000,287.6678122405964
CMAES,Rastrigin,100,1,13000,287.5621625521288
CMAES,Rastrigin,100,1,14000,287.5448867304161
CMAES,Rastrigin,100,1,15000,287.5428098478777
CMAES,Rastrigin,100,1,16000,287.5425380968767
CMAES,Rastrigin,100,1,17000,287.54251100312035
CMAES,Rastrigin,100,1,18000,287.5425071281976
CMAES,Rastrigin,100,1,19000,287.54250662231027
CMAES,Rastrigin,100,1,20000,287.5425065521214
CMAES,Rastrigin,100,1,21000,287.542506545749
CMAES,Rastrigin,100,1,22000,287.5425065449583
CMAES,Rastrigin,100,1,23000,287.5425065448908
CMAES,Rastrigin,100,1,24000,287.54250654488
CMAES,Rastrigin,100,1,25000,287.54250654487896
CMAES,Rastrigin,100,1,26000,287.54250654487885
CMAES,Rastrigin,100,1,27000,287.54250654487885
CMAES,Rastrigin,100,2,1000,1006.2986693843534
CMAES,Rastrigin,100,2,2000,964.6954315390755
CMAES,Rastrigin,100,2,3000,964.6954315390755
CMAES,Rastrigin,100,2,4000,944.2069880509099
CMAES,Rastrigin,100,2,5000,686.2453789425058
CMAES,Rastrigin,100,2,6000,293.1997082465035
CMAES,Rastrigin,100,2,7000,201.5407844505895
CMAES,Rastrigin,100,2,8000,188.22620095960053
CMAES,Rastrigin,100,2,9000,186.2337180169933
CMAES,Rastrigin,100,2,10000,186.08457006987862
CMAES,Rastrigin,100,2,11000,186.05986407499267
CMAES,Rastrigin,100,2,12000,186.0574624780361
CMAES,Rastrigin,100,2,13000,186.05702589883902
CMAES,Rastrigin,100,2,14000,186.05698204357975
CMAES,Rastrigin,100,2,15000,186.05697598060988
CMAES,Rastrigin,100,2,16000,186.0569753688394
CMAES,Rastrigin,100,2,17000,186.0569752917271
CMAES,Rastrigin,100,2,18000,186.05697527948223
CMAES,Rastrigin,100,2,19000,186.05697527852112
CMAES,Rastrigin,100,2,20000,186.0569752783931
CMAES,Rastrigin,100,2,21000,186.05697527837674
CMAES,Rastrigin,100,2,22000,186.05697527837492
CMAES,Rastrigin,100,2,23000,186.0569752783748
CMAES,Rastrigin,100,2,24000,186.0569752783748
CMAES,Rastrigin,100,3,1000,1128.6448474994966
CMAES,Rastrigin,100,3,2000,1033.4901916945091
CMAES,Rastrigin,100,3,3000,953.2947216910122
CMAES,Rastrigin,100,3,4000,947.5120057132892
CMAES,Rastrigin,100,3,5000,907.2012212822539
CMAES,Rastrigin,100,3,6000,686.6277012990189
CMAES,Rastrigin,100,3,7000,302.9050450977951
CMAES,Rastrigin,100,3,8000,228.11791437521026
CMAES,Rastrigin,100,3,9000,215.63473686696238
CMAES,Rastrigin,100,3,10000,214.10136474443811
CMAES,Rastrigin,100,3,11000,213.93412892719118
CMAES,Rastrigin,100,3,12000,213.91832805429362
CMAES,Rastrigin,100,3,13000,213.9161880400834
CMAES,Rastrigin,100,3,14000,213.9158736118336
CMAES,Rastrigin,100,3,15000,213.9158363561687
CMAES,Rastrigin,100,3,16000,213.91582981732688
CMAES,Rastrigin,100,3,17000,213.915829215254
CMAES,Rastrigin,100,3,18000,213.91582915980996
CMAES,Rastrigin,100,3,19000,213.9158291518704
CMAES,Rastrigin,100,3,20000,213.9158291508977
CMAES,Rastrigin,100,3,21000,213.91582915077288
CMAES,Rastrigin,100,3,22000,213.91582915076117
CMAES,Rastrigin,100,3,23000,213.91582915076037
CMAES,Rastrigin,100,3,24000,213.91582915076037
CMAES,Rastrigin,100,3,25000,213.91582915076037
CMAES,Rastrigin,100,4,1000,1109.626962707158
CMAES,Rastrigin,100,4,2000,1027.3662660741552
CMAES,Rastrigin,100,4,3000,957.55139313372
CMAES,Rastrigin,100,4,4000,957.55139313372
CMAES,Rastrigin,100,4,5000,957.55139313372
CMAES,Rastrigin,100,4,6000,957.55139313372
CMAES,Rastrigin,100,4,7000,793.859702393926
CMAES,Rastrigin,100,4,8000,391.5052273602879
CMAES,Rastrigin,100,4,9000,290.5038832566257
CMAES,Rastrigin,100,4,10000,277.19724478434136
CMAES,Rastrigin,100,4,11000,275.7678176488664
CMAES,Rastrigin,100,4,12000,275.62002918585733
CMAES,Rastrigin,100,4,13000,275.6052862763821
CMAES,Rastrigin,100,4,14000,275.6032844269172
CMAES,Rastrigin,100,4,15000,275.6030343671706
CMAES,Rastrigin,100,4,16000,275.6030106040373
CMAES,Rastrigin,100,4,17000,275.60300803445205
CMAES,Rastrigin,100,4,18000,275.60300778340115
CMAES,Rastrigin,100,4,19000,275.60300775610915
CMAES,Rastrigin,100,4,20000,275.6030077529175
CMAES,Rastrigin,100,4,21000,275.6030077525578
CMAES,Rastrigin,100,4,22000,275.6030077525098
CMAES,Rastrigin,100,4,23000,275.6030077525012
CMAES,Rastrigin,100,4,24000,275.6030077525005
CMAES,Rastrigin,100,4,25000,275.6030077525004
CMAES,Rastrigin,100,4,26000,275.6030077525004
CMAES,Rastrigin,100,5,1000,1032.4338533647042
CMAES,Rastrigin,100,5,2000,1030.4935636157088
CMAES,Rastrigin,100,5,3000,1024.9688207430197
CMAES,Rastrigin,100,5,4000,1004.9992901730554
CMAES,Rastrigin,100,5,5000,953.414426756242
CMAES,Rastrigin,100,5,6000,953.414426756242
CMAES,Rastrigin,100,5,7000,862.9873460526235
CMAES,Rastrigin,100,5,8000,609.9165506550123
CMAES,Rastrigin,100,5,9000,300.51061799719525
CMAES,Rastrigin,100,5,10000,243.14903420214478
CMAES,Rastrigin,100,5,11000,235.8608819292017
CMAES,Rastrigin,100,5,12000,234.92145330619826
CMAES,Rastrigin,100,5,13000,234.822359402315
CMAES,Rastrigin,100,5,14000,234.8111298981098
CMAES,Rastrigin,100,5,15000,234.80986127452366
CMAES,Rastrigin,100,5,16000,234.80973006591478
CMAES,Rastrigin,100,5,17000,234.80970928521515
CMAES,Rastrigin,100,5,18000,234.80970608229677
CMAES,Rastrigin,100,5,19000,234.809705771342
CMAES,Rastrigin,100,5,20000,234.8097057406619
CMAES,Rastrigin,100,5,21000,234.80970573627178
CMAES,Rastrigin,100,5,22000,234.80970573590957
CMAES,Rastrigin,100,5,23000,234.80970573585944
CMAES,Rastrigin,100,5,24000,234.80970573585387
CMAES,Rastrigin,100,5,25000,234.80970573585307
CMAES,Rastrigin,100,5,26000,234.80970573585296
CMAES,Rastrigin,100,5,27000,234.80970573585296
CMAES,Rastrigin,100,6,1000,1071.4130353941734
CMAES,Rastrigin,100,6,2000,1027.4982451691474
CMAES,Rastrigin,100,6,3000,1027.4982451691474
CMAES,Rastrigin,100,6,4000,1027.4982451691474
CMAES,Rastrigin,100,6,5000,1013.5742794424607
CMAES,Rastrigin,100,6,6000,1007.2097101713946
CMAES,Rastrigin,100,6,7000,1007.2097101713946
CMAES,Rastrigin,100,6,8000,979.1908676856777
CMAES,Rastrigin,100,6,9000,787.7914247261459
CMAES,Rastrigin,100,6,10000,455.52220265887945
CMAES,Rastrigin,100,6,11000,287.7998176608311
CMAES,Rastrigin,100,6,12000,266.1167102914768
CMAES,Rastrigin,100,6,13000,264.0501866199794
CMAES,Rastrigin,100,6,14000,263.7003046457336
CMAES,Rastrigin,100,6,15000,263.66677701626213
CMAES,Rastrigin,100,6,16000,263.66390758790214
CMAES,Rastrigin,100,6,17000,263.6635510835364
CMAES,Rastrigin,100,6,18000,263.6635062519035
CMAES,Rastrigin,100,6,19000,263.66349992586345
CMAES,Rastrigin,100,6,20000,263.66349911884765
CMAES,Rastrigin,100,6,21000,263.66349903566277
CMAES,Rastrigin,100,6,22000,263.66349902312083
CMAES,Rastrigin,100,6,23000,263.6634990221132
CMAES,Rastrigin,100,6,24000,263.6634990219644
CMAES,Rastrigin,100,6,25000,263.66349902194554
CMAES,Rastrigin,100,6,26000,263.66349902194304
CMAES,Rastrigin,100,6,27000,263.6634990219429
CMAES,Rastrigin,100,6,28000,263.6634990219428
CMAES,Rastrigin,100,7,1000,1089.9209538402113
CMAES,Rastrigin,100,7,2000,971.0016464653445
CMAES,Rastrigin,100,7,3000,971.0016464653445
CMAES,Rastrigin,100,7,4000,951.288468505208
CMAES,Rastrigin,100,7,5000,844.7878302715148
CMAES,Rastrigin,100,7,6000,502.355449562737
CMAES,Rastrigin,100,7,7000,284.9033724260479
CMAES,Rastrigin,100,7,8000,249.46144845071308
CMAES,Rastrigin,100,7,9000,244.26273775287348
CMAES,Rastrigin,100,7,10000,243.815109290176
CMAES,Rastrigin,100,7,11000,243.77248407319564
CMAES,Rastrigin,100,7,12000,243.76511592460508
CMAES,Rastrigin,100,7,13000,243.76444437915143
CMAES,Rastrigin,100,7,14000,243.76437005047785
CMAES,Rastrigin,100,7,15000,243.76435916378773
CMAES,Rastrigin,100,7,16000,243.76435817756078
CMAES,Rastrigin,100,7,17000,243.76435806255165
CMAES,Rastrigin,100,7,18000,243.7643580470501
CMAES,Rastrigin,100,7,19000,243.7643580453929
CMAES,Rastrigin,100,7,20000,243.76435804519417
CMAES,Rastrigin,100,7,21000,243.7643580451729
CMAES,Rastrigin,100,7,22000,243.76435804517098
CMAES,Rastrigin,100,7,23000,243.76435804517087
CMAES,Rastrigin,100,7,24000,243.76435804517075
CMAES,Rastrigin,100,8,1000,1025.6519942991795
CMAES,Rastrigin,100,8,2000,1025.6519942991795
CMAES,Rastrigin,100,8,3000,1025.6519942991795
CMAES,Rastrigin,100,8,4000,1025.6519942991795
CMAES,Rastrigin,100,8,5000,1025.6519942991795
CMAES,Rastrigin,100,8,6000,1025.6519942991795
CMAES,Rastrigin,100,8,7000,939.3171662016293
CMAES,Rastrigin,100,8,8000,560.6956026843129
CMAES,Rastrigin,100,8,9000,360.55249699607555
CMAES,Rastrigin,100,8,10000,320.41625966469564
CMAES,Rastrigin,100,8,11000,314.9768333649092
CMAES,Rastrigin,100,8,12000,314.4923854354363
CMAES,Rastrigin,100,8,13000,314.4171052211641
CMAES,Rastrigin,100,8,14000,314.40745171082153
CMAES,Rastrigin,100,8,15000,314.4064034904502
CMAES,Rastrigin,100,8,16000,314.40623728240996
CMAES,Rastrigin,100,8,17000,314.40621655510813
CMAES,Rastrigin,100,8,18000,314.4062143657834
CMAES,Rastrigin,100,8,19000,314.40621405829563
CMAES,Rastrigin,100,8,20000,314.40621400894975
CMAES,Rastrigin,100,8,21000,314.40621400406155
CMAES,Rastrigin,100,8,22000,314.4062140033527
CMAES,Rastrigin,100,8,23000,314.4062140032438
CMAES,Rastrigin,100,8,24000,314.406214003232
CMAES,Rastrigin,100,8,25000,314.40621400323084
CMAES,Rastrigin,100,8,26000,314.40621400323084
CMAES,Rastrigin,100,8,27000,314.40621400323084
CMAES,Rastrigin,100,9,1000,1116.505804165678
CMAES,Rastrigin,100,9,2000,1116.505804165678
CMAES,Rastrigin,100,9,3000,1047.6410489676239
CMAES,Rastrigin,100,9,4000,1019.6742506289761
CMAES,Rastrigin,100,9,5000,963.2170481685126
CMAES,Rastrigin,100,9,6000,922.3386633669713
CMAES,Rastrigin,100,9,7000,780.5108323777182
CMAES,Rastrigin,100,9,8000,620.2096126656418
CMAES,Rastrigin,100,9,9000,307.6518336895548
CMAES,Rastrigin,100,9,10000,222.5371496586672
CMAES,Rastrigin,100,9,11000,210.6308516135648
CMAES,Rastrigin,100,9,12000,209.12925242234144
CMAES,Rastrigin,100,9,13000,208.96221951146913
CMAES,Rastrigin,100,9,14000,208.94324611962202
CMAES,Rastrigin,100,9,15000,208.94125278306
CMAES,Rastrigin,100,9,16000,208.94103993137503
CMAES,Rastrigin,100,9,17000,208.94101304805895
CMAES,Rastrigin,100,9,18000,208.94100916648733
CMAES,Rastrigin,100,9,19000,208.9410086917519
CMAES,Rastrigin,100,9,20000,208.94100863661936
CMAES,Rastrigin,100,9,21000,208.94100863166636
CMAES,Rastrigin,100,9,22000,208.9410086308776
CMAES,Rastrigin,100,9,23000,208.941008630772
CMAES,Rastrigin,100,9,24000,208.9410086307613
CMAES,Rastrigin,100,9,25000,208.94100863076017
CMAES,Rastrigin,100,9,26000,208.94100863076017
CMAES,Rastrigin,100,9,27000,208.94100863076017
CMAES,Rosenbrock,10,0,1000,9.776335174525464
CMAES,Rosenbrock,10,0,2000,7.505102042283285
CMAES,Rosenbrock,10,0,3000,5.001389440964434
CMAES,Rosenbrock,10,0,4000,4.021287693124632
CMAES,Rosenbrock,10,0,5000,3.986582015493311
CMAES,Rosenbrock,10,0,6000,3.9865791123506744
CMAES,Rosenbrock,10,1,1000,76.59593945516305
CMAES,Rosenbrock,10,1,2000,13.629793675352893
CMAES,Rosenbrock,10,1,3000,6.696984914174628
CMAES,Rosenbrock,10,1,4000,4.145709211936102
CMAES,Rosenbrock,10,1,5000,3.9866450676431153
CMAES,Rosenbrock,10,1,6000,3.9865791123737933
CMAES,Rosenbrock,10,2,1000,143.26205756812678
CMAES,Rosenbrock,10,2,2000,6.367081513891645
CMAES,Rosenbrock,10,2,3000,3.381554733070196
CMAES,Rosenbrock,10,2,4000,0.7235367537034368
CMAES,Rosenbrock,10,2,5000,0.00928371109544507
CMAES,Rosenbrock,10,2,6000,2.402336809439559e-08
CMAES,Rosenbrock,10,2,7000,4.479076741746964e-15
CMAES,Rosenbrock,10,3,1000,502.59987984888795
CMAES,Rosenbrock,10,3,2000,137.12311604356478
CMAES,Rosenbrock,10,3,3000,3.41936934581772
CMAES,Rosenbrock,10,3,4000,0.9686282468933183
CMAES,Rosenbrock,10,3,5000,0.00977717805764559
CMAES,Rosenbrock,10,3,6000,1.2729151207185334e-08
CMAES,Rosenbrock,10,3,7000,1.9568876228043332e-15
CMAES,Rosenbrock,10,4,1000,11.749807417694516
CMAES,Rosenbrock,10,4,2000,6.436496194780389
CMAES,Rosenbrock,10,4,3000,3.2511123050229065
CMAES,Rosenbrock,10,4,4000,0.9287974160975261
CMAES,Rosenbrock,10,4,5000,0.011593191012929027
CMAES,Rosenbrock,10,4,6000,3.8209456070102274e-08
CMAES,Rosenbrock,10,4,7000,6.238207468703523e-14
CMAES,Rosenbrock,10,5,1000,9.030050120903743
CMAES,Rosenbrock,10,5,2000,5.674423177995212
CMAES,Rosenbrock,10,5,3000,2.899960333213393
CMAES,Rosenbrock,10,5,4000,0.44552419132799964
CMAES,Rosenbrock,10,5,5000,0.010451513442416703
CMAES,Rosenbrock,10,5,6000,1.412749226121799e-08
CMAES,Rosenbrock,10,5,7000,3.798375598032952e-15
CMAES,Rosenbrock,10,6,1000,9.74161280183181
CMAES,Rosenbrock,10,6,2000,9.396036894966862
CMAES,Rosenbrock,10,6,3000,6.83611147512211
CMAES,Rosenbrock,10,6,4000,3.4277680234944867
CMAES,Rosenbrock,10,6,5000,0.9815661037272945
CMAES,Rosenbrock,10,6,6000,0.03639957063123715
CMAES,Rosenbrock,10,6,7000,1.6941139334630837e-07
CMAES,Rosenbrock,10,6,8000,2.3270492868191487e-13
CMAES,Rosenbrock,10,7,1000,885.4902294548392
CMAES,Rosenbrock,10,7,2000,7.464522074772219
CMAES,Rosenbrock,10,7,3000,4.15724645414623
CMAES,Rosenbrock,10,7,4000,1.0554156432278827
CMAES,Rosenbrock,10,7,5000,0.05390412105391454
CMAES,Rosenbrock,10,7,6000,5.885426068761443e-07
CMAES,Rosenbrock,10,7,7000,1.0881873992527875e-12
CMAES,Rosenbrock,10,8,1000,7.730276876848881
CMAES,Rosenbrock,10,8,2000,3.1371546246676356
CMAES,Rosenbrock,10,8,3000,0.6725539367251845
CMAES,Rosenbrock,10,8,4000,0.011005940866452145
CMAES,Rosenbrock,10,8,5000,1.8334463160464154e-08
CMAES,Rosenbrock,10,8,6000,1.2834689371530895e-14
CMAES,Rosenbrock,10,9,1000,9.699786823997151
CMAES,Rosenbrock,10,9,2000,9.003080788585804
CMAES,Rosenbrock,10,9,3000,5.996695056648709
CMAES,Rosenbrock,10,9,4000,2.6540727171987673
CMAES,Rosenbrock,10,9,5000,0.27159373618224414
CMAES,Rosenbrock,10,9,6000,7.461252446315285e-05
CMAES,Rosenbrock,10,9,7000,1.808862078679454e-11
CMAES,Rosenbrock,30,0,1000,14838.35324073408
CMAES,Rosenbrock,30,0,2000,146.4570502231785
CMAES,Rosenbrock,30,0,3000,32.55707068551475
CMAES,Rosenbrock,30,0,4000,29.26672328046942
CMAES,Rosenbrock,30,0,5000,29.044278590451743
CMAES,Rosenbrock,30,0,6000,28.174296740635008
CMAES,Rosenbrock,30,0,7000,27.1426553215488
CMAES,Rosenbrock,30,0,8000,26.308858394526165
CMAES,Rosenbrock,30,0,9000,25.184069541986204
CMAES,Rosenbrock,30,0,10000,24.282449364226977
CMAES,Rosenbrock,30,0,11000,23.133568496745994
CMAES,Rosenbrock,30,0,12000,22.168965196124088
CMAES,Rosenbrock,30,0,13000,21.304247285838443
CMAES,Rosenbrock,30,0,14000,20.323270170973576
CMAES,Rosenbrock,30,0,15000,19.209355940540956
CMAES,Rosenbrock,30,0,16000,18.31795255889998
CMAES,Rosenbrock,30,0,17000,17.341549838047264
CMAES,Rosenbrock,30,0,18000,16.228727880587005
CMAES,Rosenbrock,30,0,19000,15.420624556707688
CMAES,Rosenbrock,30,0,20000,14.478716158822845
CMAES,Rosenbrock,30,0,21000,13.593996698659366
CMAES,Rosenbrock,30,0,22000,12.426391660161078
CMAES,Rosenbrock,30,0,23000,11.497928509836798
CMAES,Rosenbrock,30,0,24000,10.568642642978794
CMAES,Rosenbrock,30,0,25000,9.488726049374472
CMAES,Rosenbrock,30,0,26000,8.492359420735903
CMAES,Rosenbrock,30,0,27000,7.319932227893092
CMAES,Rosenbrock,30,0,28000,6.289166029595485
CMAES,Rosenbrock,30,0,29000,5.465153615248827
CMAES,Rosenbrock,30,0,30000,4.67284400105289
CMAES,Rosenbrock,30,0,31000,4.262969221453968
CMAES,Rosenbrock,30,0,32000,4.069464992773921
CMAES,Rosenbrock,30,0,33000,3.99468901896892
CMAES,Rosenbrock,30,0,34000,3.986900409969815
CMAES,Rosenbrock,30,0,35000,3.986626338822669
CMAES,Rosenbrock,30,0,36000,3.9866238768719953
CMAES,Rosenbrock,30,0,37000,3.986623854412171
CMAES,Rosenbrock,30,0,38000,3.9866238543014805
CMAES,Rosenbrock,30,0,39000,3.9866238543009365
CMAES,Rosenbrock,30,1,1000,18374.50940061751
CMAES,Rosenbrock,30,1,2000,194.99529068543322
CMAES,Rosenbrock,30,1,3000,135.27248913906203
CMAES,Rosenbrock,30,1,4000,44.95457435881941
CMAES,Rosenbrock,30,1,5000,27.99148296360162
CMAES,Rosenbrock,30,1,6000,27.25303182877306
CMAES,Rosenbrock,30,1,7000,26.091504662179897
CMAES,Rosenbrock,30,1,8000,24.865483121134353
CMAES,Rosenbrock,30,1,9000,23.410224593651463
CMAES,Rosenbrock,30,1,10000,22.470742325486302
CMAES,Rosenbrock,30,1,11000,21.440310935085908
CMAES,Rosenbrock,30,1,12000,20.362726631330514
CMAES,Rosenbrock,30,1,13000,19.210884495679945
CMAES,Rosenbrock,30,1,14000,18.077143344381415
CMAES,Rosenbrock,30,1,15000,16.912258663463
CMAES,Rosenbrock,30,1,16000,16.009753876218046
CMAES,Rosenbrock,30,1,17000,15.075313165744848
CMAES,Rosenbrock,30,1,18000,14.009747342376151
CMAES,Rosenbrock,30,1,19000,12.944083693031814
CMAES,Rosenbrock,30,1,20000,12.056757085310496
CMAES,Rosenbrock,30,1,21000,11.027951160049968
CMAES,Rosenbrock,30,1,22000,10.065562444414622
CMAES,Rosenbrock,30,1,23000,8.993139065973786
CMAES,Rosenbrock,30,1,24000,8.030781441592712
CMAES,Rosenbrock,30,1,25000,6.965108161656311
CMAES,Rosenbrock,30,1,26000,6.044744746511136
CMAES,Rosenbrock,30,1,27000,5.222906924351203
CMAES,Rosenbrock,30,1,28000,4.426700116617355
CMAES,Rosenbrock,30,1,29000,3.493192428997821
CMAES,Rosenbrock,30,1,30000,2.44666425811265
CMAES,Rosenbrock,30,1,31000,1.560355046215083
CMAES,Rosenbrock,30,1,32000,0.7865360924176679
CMAES,Rosenbrock,30,1,33000,0.40987022318218946
CMAES,Rosenbrock,30,1,34000,0.14162486678365124
CMAES,Rosenbrock,30,1,35000,0.021186839009772106
CMAES,Rosenbrock,30,1,36000,0.0020403169641373276
CMAES,Rosenbrock,30,1,37000,4.9849143470377394e-05
CMAES,Rosenbrock,30,1,38000,2.2314737755765383e-07
CMAES,Rosenbrock,30,1,39000,1.0928560130241875e-09
CMAES,Rosenbrock,30,1,40000,1.740153934824182e-11
CMAES,Rosenbrock,30,1,41000,9.115265709476492e-14
CMAES,Rosenbrock,30,2,1000,11871.386249783583
CMAES,Rosenbrock,30,2,2000,639.3443210953768
CMAES,Rosenbrock,30,2,3000,76.19580904914113
CMAES,Rosenbrock,30,2,4000,26.74520926089572
CMAES,Rosenbrock,30,2,5000,25.889149222924285
CMAES,Rosenbrock,30,2,6000,24.422276272798708
CMAES,Rosenbrock,30,2,7000,23.20306736070252
CMAES,Rosenbrock,30,2,8000,22.107393114291995
CMAES,Rosenbrock,30,2,9000,21.005870921648622
CMAES,Rosenbrock,30,2,10000,19.8720993613389
CMAES,Rosenbrock,30,2,11000,18.840846787385537
CMAES,Rosenbrock,30,2,12000,18.058621879433126
CMAES,Rosenbrock,30,2,13000,16.79708427396899
CMAES,Rosenbrock,30,2,14000,15.894314792103282
CMAES,Rosenbrock,30,2,15000,14.902784966984262
CMAES,Rosenbrock,30,2,16000,14.045575691799508
CMAES,Rosenbrock,30,2,17000,12.88511097749126
CMAES,Rosenbrock,30,2,18000,11.869070445556456
CMAES,Rosenbrock,30,2,19000,10.97642740653302
CMAES,Rosenbrock,30,2,20000,10.086581882263623
CMAES,Rosenbrock,30,2,21000,9.16095835928749
CMAES,Rosenbrock,30,2,22000,8.159228256971298
CMAES,Rosenbrock,30,2,23000,6.842669981520674
CMAES,Rosenbrock,30,2,24000,5.903705618762835
CMAES,Rosenbrock,30,2,25000,4.925991552945344
CMAES,Rosenbrock,30,2,26000,4.103444027444181
CMAES,Rosenbrock,30,2,27000,3.264676220327159
CMAES,Rosenbrock,30,2,28000,2.351258325414754
CMAES,Rosenbrock,30,2,29000,1.5011630630471589
CMAES,Rosenbrock,30,2,30000,0.7809418490868327
CMAES,Rosenbrock,30,2,31000,0.3296599338186257
CMAES,Rosenbrock,30,2,32000,0.1495728926154752
CMAES,Rosenbrock,30,2,33000,0.023821606548494807
CMAES,Rosenbrock,30,2,34000,0.0008945658535498388
CMAES,Rosenbrock,30,2,35000,1.1255148480811823e-05
CMAES,Rosenbrock,30,2,36000,1.056843746417813e-07
CMAES,Rosenbrock,30,2,37000,3.593329544174376e-10
CMAES,Rosenbrock,30,2,38000,1.9044384655368933e-12
CMAES,Rosenbrock,30,2,39000,5.4650894892884355e-15
CMAES,Rosenbrock,30,3,1000,18482.952160332614
CMAES,Rosenbrock,30,3,2000,233.15434661977883
CMAES,Rosenbrock,30,3,3000,112.18191375282372
CMAES,Rosenbrock,30,3,4000,100.89213098547283
CMAES,Rosenbrock,30,3,5000,97.95370356537445
CMAES,Rosenbrock,30,3,6000,55.050295781974995
CMAES,Rosenbrock,30,3,7000,25.895329329345827
CMAES,Rosenbrock,30,3,8000,25.33469574149635
CMAES,Rosenbrock,30,3,9000,24.278133201004227
CMAES,Rosenbrock,30,3,10000,23.169769910538136
CMAES,Rosenbrock,30,3,11000,21.91203786380581
CMAES,Rosenbrock,30,3,12000,20.63650908484327
CMAES,Rosenbrock,30,3,13000,19.652163980850933
CMAES,Rosenbrock,30,3,14000,18.587740740122623
CMAES,Rosenbrock,30,3,15000,17.6142037088725
CMAES,Rosenbrock,30,3,16000,16.578299671464272
CMAES,Rosenbrock,30,3,17000,15.728263530155987
CMAES,Rosenbrock,30,3,18000,14.668536111997032
CMAES,Rosenbrock,30,3,19000,13.83257314756609
CMAES,Rosenbrock,30,3,20000,12.941474620565945
CMAES,Rosenbrock,30,3,21000,11.884675049017796
CMAES,Rosenbrock,30,3,22000,10.865659891420645
CMAES,Rosenbrock,30,3,23000,9.99881838010652
CMAES,Rosenbrock,30,3,24000,9.035553841370401
CMAES,Rosenbrock,30,3,25000,8.308101109288236
CMAES,Rosenbrock,30,3,26000,7.32731818216715
CMAES,Rosenbrock,30,3,27000,6.4239466515947505
CMAES,Rosenbrock,30,3,28000,5.656222984976642
CMAES,Rosenbrock,30,3,29000,4.945231139279569
CMAES,Rosenbrock,30,3,30000,4.444679772303029
CMAES,Rosenbrock,30,3,31000,4.194610980437213
CMAES,Rosenbrock,30,3,32000,4.032124562504052
CMAES,Rosenbrock,30,3,33000,3.9906169406507668
CMAES,Rosenbrock,30,3,34000,3.986788249198873
CMAES,Rosenbrock,30,3,35000,3.9866251391696728
CMAES,Rosenbrock,30,3,36000,3.986623859112513
CMAES,Rosenbrock,30,3,37000,3.986623854358369
CMAES,Rosenbrock,30,3,38000,3.9866238543011785
CMAES,Rosenbrock,30,4,1000,10976.923610329688
CMAES,Rosenbrock,30,4,2000,189.97784493986472
CMAES,Rosenbrock,30,4,3000,124.50742598767494
CMAES,Rosenbrock,30,4,4000,121.48902820804452
CMAES,Rosenbrock,30,4,5000,120.19423262468135
CMAES,Rosenbrock,30,4,6000,118.53259999159766
CMAES,Rosenbrock,30,4,7000,116.32807516879446
CMAES,Rosenbrock,30,4,8000,114.53158908198301
CMAES,Rosenbrock,30,4,9000,112.5813136988562
CMAES,Rosenbrock,30,4,10000,110.00933242132868
CMAES,Rosenbrock,30,4,11000,106.9978840298407
CMAES,Rosenbrock,30,4,12000,104.44341102948424
CMAES,Rosenbrock,30,4,13000,101.24023108586893
CMAES,Rosenbrock,30,4,14000,96.81657429762983
CMAES,Rosenbrock,30,4,15000,91.96608466197826
CMAES,Rosenbrock,30,4,16000,85.85258259893742
CMAES,Rosenbrock,30,4,17000,78.24223270345365
CMAES,Rosenbrock,30,4,18000,59.86532754780495
CMAES,Rosenbrock,30,4,19000,26.147286241294317
CMAES,Rosenbrock,30,4,20000,11.215991087962266
CMAES,Rosenbrock,30,4,21000,8.834972233667067
CMAES,Rosenbrock,30,4,22000,7.844019310742474
CMAES,Rosenbrock,30,4,23000,6.762040554175449
CMAES,Rosenbrock,30,4,24000,5.829276786033395
CMAES,Rosenbrock,30,4,25000,5.0581050211970755
CMAES,Rosenbrock,30,4,26000,3.8731347252145696
CMAES,Rosenbrock,30,4,27000,2.8102499421836415
CMAES,Rosenbrock,30,4,28000,1.8727022073904234
CMAES,Rosenbrock,30,4,29000,1.1475339936768063
CMAES,Rosenbrock,30,4,30000,0.5666618501906708
CMAES,Rosenbrock,30,4,31000,0.18816367058733843
CMAES,Rosenbrock,30,4,32000,0.03665579567342475
CMAES,Rosenbrock,30,4,33000,0.003043327617028525
CMAES,Rosenbrock,30,4,34000,4.583214412342045e-05
CMAES,Rosenbrock,30,4,35000,6.026609081299861e-07
CMAES,Rosenbrock,30,4,36000,7.505754232607391e-09
CMAES,Rosenbrock,30,4,37000,1.614362699145467e-11
CMAES,Rosenbrock,30,4,38000,1.0968396403865362e-13
CMAES,Rosenbrock,30,5,1000,30913.01444149101
CMAES,Rosenbrock,30,5,2000,252.52843476142584
CMAES,Rosenbrock,30,5,3000,104.47737874186093
CMAES,Rosenbrock,30,5,4000,92.5068545147736
CMAES,Rosenbrock,30,5,5000,89.14568910312961
CMAES,Rosenbrock,30,5,6000,86.27635457373127
CMAES,Rosenbrock,30,5,7000,84.4599415274469
CMAES,Rosenbrock,30,5,8000,81.5708327841314
CMAES,Rosenbrock,30,5,9000,79.64773416797392
CMAES,Rosenbrock,30,5,10000,77.76651774037556
CMAES,Rosenbrock,30,5,11000,76.01804252177386
CMAES,Rosenbrock,30,5,12000,74.36240805684861
CMAES,Rosenbrock,30,5,13000,73.3337672463773
CMAES,Rosenbrock,30,5,14000,72.30772606370299
CMAES,Rosenbrock,30,5,15000,70.68158815725835
CMAES,Rosenbrock,30,5,16000,68.80279337491527
CMAES,Rosenbrock,30,5,17000,66.06959072161379
CMAES,Rosenbrock,30,5,18000,2.424205825603119
CMAES,Rosenbrock,30,5,19000,1.016235052961525
CMAES,Rosenbrock,30,5,20000,0.9657625555544507
CMAES,Rosenbrock,30,5,21000,0.8043200783635862
CMAES,Rosenbrock,30,5,22000,0.4511896463252094
CMAES,Rosenbrock,30,5,23000,0.20307455085481302
CMAES,Rosenbrock,30,5,24000,0.04698253856454984
CMAES,Rosenbrock,30,5,25000,0.0045462754916794305
CMAES,Rosenbrock,30,5,26000,0.00016231217375212202
CMAES,Rosenbrock,30,5,27000,2.091238585948453e-06
CMAES,Rosenbrock,30,5,28000,1.019541943906487e-08
CMAES,Rosenbrock,30,5,29000,2.6450645471273795e-11
CMAES,Rosenbrock,30,5,30000,1.8282840509316704e-13
CMAES,Rosenbrock,30,6,1000,37334.895625418474
CMAES,Rosenbrock,30,6,2000,192.14356385782142
CMAES,Rosenbrock,30,6,3000,29.051966254906198
CMAES,Rosenbrock,30,6,4000,28.158051549027174
CMAES,Rosenbrock,30,6,5000,26.81610730539545
CMAES,Rosenbrock,30,6,6000,25.609000624179483
CMAES,Rosenbrock,30,6,7000,24.42828741559145
CMAES,Rosenbrock,30,6,8000,23.337141571577682
CMAES,Rosenbrock,30,6,9000,22.26573339045966
CMAES,Rosenbrock,30,6,10000,21.332541112463318
CMAES,Rosenbrock,30,6,11000,20.236020979824143
CMAES,Rosenbrock,30,6,12000,19.16940938107906
CMAES,Rosenbrock,30,6,13000,17.913807317446125
CMAES,Rosenbrock,30,6,14000,17.109844713097726
CMAES,Rosenbrock,30,6,15000,15.99135611824621
CMAES,Rosenbrock,30,6,16000,15.121264907958958
CMAES,Rosenbrock,30,6,17000,14.132893364529995
CMAES,Rosenbrock,30,6,18000,13.141587268633316
CMAES,Rosenbrock,30,6,19000,12.111225668713644
CMAES,Rosenbrock,30,6,20000,11.030799908010081
CMAES,Rosenbrock,30,6,21000,10.020118959212358
CMAES,Rosenbrock,30,6,22000,9.165402292874468
CMAES,Rosenbrock,30,6,23000,8.19853793026339
CMAES,Rosenbrock,30,6,24000,7.102074470164417
CMAES,Rosenbrock,30,6,25000,6.205307048489806
CMAES,Rosenbrock,30,6,26000,5.347700252007313
CMAES,Rosenbrock,30,6,27000,4.3306364275008375
CMAES,Rosenbrock,30,6,28000,3.3286693398045264
CMAES,Rosenbrock,30,6,29000,2.5716577340259645
CMAES,Rosenbrock,30,6,30000,1.4949772321902242
CMAES,Rosenbrock,30,6,31000,0.7993431483199912
CMAES,Rosenbrock,30,6,32000,0.3252075180603627
CMAES,Rosenbrock,30,6,33000,0.13261044913725997
CMAES,Rosenbrock,30,6,34000,0.02747479133702385
CMAES,Rosenbrock,30,6,35000,0.0018099965282155452
CMAES,Rosenbrock,30,6,36000,4.759822172713301e-05
CMAES,Rosenbrock,30,6,37000,3.964989324761765e-07
CMAES,Rosenbrock,30,6,38000,4.8141131429327754e-09
CMAES,Rosenbrock,30,6,39000,2.2346592321096285e-11
CMAES,Rosenbrock,30,6,40000,9.06518997751171e-14
CMAES,Rosenbrock,30,7,1000,4290.501950354673
CMAES,Rosenbrock,30,7,2000,130.19236147311406
CMAES,Rosenbrock,30,7,3000,32.44629676901319
CMAES,Rosenbrock,30,7,4000,28.782777629385535
CMAES,Rosenbrock,30,7,5000,27.664389468805886
CMAES,Rosenbrock,30,7,6000,26.48598435042464
CMAES,Rosenbrock,30,7,7000,25.36553192477107
CMAES,Rosenbrock,30,7,8000,24.11334305982643
CMAES,Rosenbrock,30,7,9000,23.1630013695453
CMAES,Rosenbrock,30,7,10000,22.073741215948917
CMAES,Rosenbrock,30,7,11000,20.939365936486578
CMAES,Rosenbrock,30,7,12000,19.9067828102214
CMAES,Rosenbrock,30,7,13000,18.855242345140493
CMAES,Rosenbrock,30,7,14000,17.69891051035142
CMAES,Rosenbrock,30,7,15000,16.772072188876624
CMAES,Rosenbrock,30,7,16000,15.83879677200069
CMAES,Rosenbrock,30,7,17000,14.9669280413862
CMAES,Rosenbrock,30,7,18000,13.929802882896709
CMAES,Rosenbrock,30,7,19000,12.838067708183068
CMAES,Rosenbrock,30,7,20000,11.927696809231042
CMAES,Rosenbrock,30,7,21000,10.858991752934598
CMAES,Rosenbrock,30,7,22000,9.909132094779311
CMAES,Rosenbrock,30,7,23000,9.042225944567123
CMAES,Rosenbrock,30,7,24000,7.948227904090289
CMAES,Rosenbrock,30,7,25000,6.841158550858336
CMAES,Rosenbrock,30,7,26000,5.9034720525444495
CMAES,Rosenbrock,30,7,27000,5.059048148119059
CMAES,Rosenbrock,30,7,28000,4.264764750208724
CMAES,Rosenbrock,30,7,29000,3.522154350831327
CMAES,Rosenbrock,30,7,30000,2.623903152684686
CMAES,Rosenbrock,30,7,31000,1.6580399931283454
CMAES,Rosenbrock,30,7,32000,0.914365963026009
CMAES,Rosenbrock,30,7,33000,0.3824076623972005
CMAES,Rosenbrock,30,7,34000,0.1537710946596631
CMAES,Rosenbrock,30,7,35000,0.02321875673478295
CMAES,Rosenbrock,30,7,36000,0.0017822823696498381
CMAES,Rosenbrock,30,7,37000,3.2385447447771416e-05
CMAES,Rosenbrock,30,7,38000,1.46422760775182e-07
CMAES,Rosenbrock,30,7,39000,9.349351546006787e-10
CMAES,Rosenbrock,30,7,40000,1.859643327206342e-12
CMAES,Rosenbrock,30,7,41000,7.347303014045684e-15
CMAES,Rosenbrock,30,8,1000,3591.177697526109
CMAES,Rosenbrock,30,8,2000,55.60949300873941
CMAES,Rosenbrock,30,8,3000,27.514421299833263
CMAES,Rosenbrock,30,8,4000,26.46270939495881
CMAES,Rosenbrock,30,8,5000,25.007748815336736
CMAES,Rosenbrock,30,8,6000,23.6767212285457
CMAES,Rosenbrock,30,8,7000,22.378126992975808
CMAES,Rosenbrock,30,8,8000,21.307847968715855
CMAES,Rosenbrock,30,8,9000,20.194843389014753
CMAES,Rosenbrock,30,8,10000,19.099782198916387
CMAES,Rosenbrock,30,8,11000,18.188052209978185
CMAES,Rosenbrock,30,8,12000,17.09084049085939
CMAES,Rosenbrock,30,8,13000,16.007959015772943
CMAES,Rosenbrock,30,8,14000,15.139082700506286
CMAES,Rosenbrock,30,8,15000,13.948868824737378
CMAES,Rosenbrock,30,8,16000,13.204710394074995
CMAES,Rosenbrock,30,8,17000,12.146760855106464
CMAES,Rosenbrock,30,8,18000,11.261700307076646
CMAES,Rosenbrock,30,8,19000,10.452582143774844
CMAES,Rosenbrock,30,8,20000,9.527089996139631
CMAES,Rosenbrock,30,8,21000,8.442760220107296
CMAES,Rosenbrock,30,8,22000,7.334181542104378
CMAES,Rosenbrock,30,8,23000,6.437017637130262
CMAES,Rosenbrock,30,8,24000,5.498321564678348
CMAES,Rosenbrock,30,8,25000,4.433630823534417
CMAES,Rosenbrock,30,8,26000,3.318122525584898
CMAES,Rosenbrock,30,8,27000,2.435894588616382
CMAES,Rosenbrock,30,8,28000,1.620937539398151
CMAES,Rosenbrock,30,8,29000,0.9508997237906205
CMAES,Rosenbrock,30,8,30000,0.4766801539545456
CMAES,Rosenbrock,30,8,31000,0.18647153397066954
CMAES,Rosenbrock,30,8,32000,0.04581102647674705
CMAES,Rosenbrock,30,8,33000,0.004617877998723652
CMAES,Rosenbrock,30,8,34000,0.00026953308814862606
CMAES,Rosenbrock,30,8,35000,2.3165581550692957e-06
CMAES,Rosenbrock,30,8,36000,7.3842312990068665e-09
CMAES,Rosenbrock,30,8,37000,2.70401222259248e-11
CMAES,Rosenbrock,30,8,38000,1.4153060251870208e-13
CMAES,Rosenbrock,30,9,1000,16511.063882132177
CMAES,Rosenbrock,30,9,2000,203.4228950221995
CMAES,Rosenbrock,30,9,3000,100.53199642436057
CMAES,Rosenbrock,30,9,4000,93.93631933091926
CMAES,Rosenbrock,30,9,5000,89.65229845199578
CMAES,Rosenbrock,30,9,6000,86.38326239084623
CMAES,Rosenbrock,30,9,7000,83.89429029510237
CMAES,Rosenbrock,30,9,8000,82.13064260224569
CMAES,Rosenbrock,30,9,9000,80.0931696121109
CMAES,Rosenbrock,30,9,10000,78.58563761443324
CMAES,Rosenbrock,30,9,11000,76.22847094614305
CMAES,Rosenbrock,30,9,12000,74.23160883052316
CMAES,Rosenbrock,30,9,13000,72.6798406911152
CMAES,Rosenbrock,30,9,14000,70.65988564958091
CMAES,Rosenbrock,30,9,15000,69.4168778011913
CMAES,Rosenbrock,30,9,16000,68.06498748085696
CMAES,Rosenbrock,30,9,17000,46.869653046170335
CMAES,Rosenbrock,30,9,18000,1.723426062395509
CMAES,Rosenbrock,30,9,19000,0.2475328022941097
CMAES,Rosenbrock,30,9,20000,0.14567055404242435
CMAES,Rosenbrock,30,9,21000,0.1354891404278155
CMAES,Rosenbrock,30,9,22000,0.08011207456241096
CMAES,Rosenbrock,30,9,23000,0.01859715703277566
CMAES,Rosenbrock,30,9,24000,0.0015761718698132394
CMAES,Rosenbrock,30,9,25000,2.7885804179433516e-05
CMAES,Rosenbrock,30,9,26000,1.7070938343909255e-07
CMAES,Rosenbrock,30,9,27000,1.595693299489947e-09
CMAES,Rosenbrock,30,9,28000,1.4526726231107734e-11
CMAES,Rosenbrock,30,9,29000,1.0865457764684888e-13
CMAES,Rosenbrock,50,0,1000,869808.2105530761
CMAES,Rosenbrock,50,0,2000,13194.162042644282
CMAES,Rosenbrock,50,0,3000,509.26291767521343
CMAES,Rosenbrock,50,0,4000,62.21399875639702
CMAES,Rosenbrock,50,0,5000,48.305828778622775
CMAES,Rosenbrock,50,0,6000,47.48864378688268
CMAES,Rosenbrock,50,0,7000,46.62806311388587
CMAES,Rosenbrock,50,0,8000,45.69572157001166
CMAES,Rosenbrock,50,0,9000,44.77512506397084
CMAES,Rosenbrock,50,0,10000,43.98353667909101
CMAES,Rosenbrock,50,0,11000,43.14455687932864
CMAES,Rosenbrock,50,0,12000,42.50532711768708
CMAES,Rosenbrock,50,0,13000,41.76993424603961
CMAES,Rosenbrock,50,0,14000,41.18363192870262
CMAES,Rosenbrock,50,0,15000,40.60377583873158
CMAES,Rosenbrock,50,0,16000,39.9850553539254
CMAES,Rosenbrock,50,0,17000,39.33003785820428
CMAES,Rosenbrock,50,0,18000,38.66230809502763
CMAES,Rosenbrock,50,0,19000,37.981211505791364
CMAES,Rosenbrock,50,0,20000,37.29215554628337
CMAES,Rosenbrock,50,0,21000,36.77756779923694
CMAES,Rosenbrock,50,0,22000,36.1353284015279
CMAES,Rosenbrock,50,0,23000,35.493246248804994
CMAES,Rosenbrock,50,0,24000,34.96038407767858
CMAES,Rosenbrock,50,0,25000,34.49378912317013
CMAES,Rosenbrock,50,0,26000,33.76933484500955
CMAES,Rosenbrock,50,0,27000,33.15808798806023
CMAES,Rosenbrock,50,0,28000,32.57679685004218
CMAES,Rosenbrock,50,0,29000,32.01817299431884
CMAES,Rosenbrock,50,0,30000,31.397885756850698
CMAES,Rosenbrock,50,0,31000,30.942187245942964
CMAES,Rosenbrock,50,0,32000,30.31290997590032
CMAES,Rosenbrock,50,0,33000,29.71294496513519
CMAES,Rosenbrock,50,0,34000,29.19544069850406
CMAES,Rosenbrock,50,0,35000,28.518524169305543
CMAES,Rosenbrock,50,0,36000,27.90707474480833
CMAES,Rosenbrock,50,0,37000,27.42709841237405
CMAES,Rosenbrock,50,0,38000,26.76615281134078
CMAES,Rosenbrock,50,0,39000,26.224819805541557
CMAES,Rosenbrock,50,0,40000,25.689235516400736
CMAES,Rosenbrock,50,0,41000,25.210787733269868
CMAES,Rosenbrock,50,0,42000,24.6762951177003
CMAES,Rosenbrock,50,0,43000,24.033088827367504
CMAES,Rosenbrock,50,0,44000,23.465529969695755
CMAES,Rosenbrock,50,0,45000,22.8861138379008
CMAES,Rosenbrock,50,0,46000,22.20093039061449
CMAES,Rosenbrock,50,0,47000,21.554462301078544
CMAES,Rosenbrock,50,0,48000,21.092249845072512
CMAES,Rosenbrock,50,0,49000,20.58417053517235
CMAES,Rosenbrock,50,0,50000,19.958486296230905
CMAES,Rosenbrock,50,0,51000,19.431424912315897
CMAES,Rosenbrock,50,0,52000,18.837545772632293
CMAES,Rosenbrock,50,0,53000,18.376295373476697
CMAES,Rosenbrock,50,0,54000,17.908089557790216
CMAES,Rosenbrock,50,0,55000,17.32793509296839
CMAES,Rosenbrock,50,0,56000,16.817668512137608
CMAES,Rosenbrock,50,0,57000,16.179964885634472
CMAES,Rosenbrock,50,0,58000,15.63557278276189
CMAES,Rosenbrock,50,0,59000,15.129603601792187
CMAES,Rosenbrock,50,0,60000,14.63516647062468
CMAES,Rosenbrock,50,0,61000,14.040158453287557
CMAES,Rosenbrock,50,0,62000,13.518938989192842
CMAES,Rosenbrock,50,0,63000,12.979309055791859
CMAES,Rosenbrock,50,0,64000,12.359295194894147
CMAES,Rosenbrock,50,0,65000,11.816435382496204
CMAES,Rosenbrock,50,0,66000,11.29477169953194
CMAES,Rosenbrock,50,0,67000,10.769299599608921
CMAES,Rosenbrock,50,0,68000,10.360933435213338
CMAES,Rosenbrock,50,0,69000,9.923255914168035
CMAES,Rosenbrock,50,0,70000,9.410877684294325
CMAES,Rosenbrock,50,0,71000,8.873603428171487
CMAES,Rosenbrock,50,0,72000,8.424512598579337
CMAES,Rosenbrock,50,0,73000,7.889274512902281
CMAES,Rosenbrock,50,0,74000,7.246380058795962
CMAES,Rosenbrock,50,0,75000,6.622279274714257
CMAES,Rosenbrock,50,0,76000,5.933671885354992
CMAES,Rosenbrock,50,0,77000,5.313731140339761
CMAES,Rosenbrock,50,0,78000,4.814452574406576
CMAES,Rosenbrock,50,0,79000,4.186423132787888
CMAES,Rosenbrock,50,0,80000,3.516198853899622
CMAES,Rosenbrock,50,0,81000,3.0072232990493317
CMAES,Rosenbrock,50,0,82000,2.3304247550965598
CMAES,Rosenbrock,50,0,83000,1.7647577329946669
CMAES,Rosenbrock,50,0,84000,1.278985311446668
CMAES,Rosenbrock,50,0,85000,0.9909464041490663
CMAES,Rosenbrock,50,0,86000,0.6791746754388586
CMAES,Rosenbrock,50,0,87000,0.4366860688362135
CMAES,Rosenbrock,50,0,88000,0.25907447701675507
CMAES,Rosenbrock,50,0,89000,0.12264015828692465
CMAES,Rosenbrock,50,0,90000,0.05526796701783174
CMAES,Rosenbrock,50,0,91000,0.01655801674301816
CMAES,Rosenbrock,50,0,92000,0.002724754863584005
CMAES,Rosenbrock,50,0,93000,0.00025239274712018066
CMAES,Rosenbrock,50,0,94000,1.7839904626717248e-05
CMAES,Rosenbrock,50,0,95000,6.125961050828656e-07
CMAES,Rosenbrock,50,0,96000,4.670946013591599e-08
CMAES,Rosenbrock,50,0,97000,2.9486503305987147e-09
CMAES,Rosenbrock,50,0,98000,1.6636305493018088e-10
CMAES,Rosenbrock,50,0,99000,9.451962060461195e-12
CMAES,Rosenbrock,50,0,100000,3.145579223986515e-13
CMAES,Rosenbrock,50,0,101000,1.7715195087155994e-14
CMAES,Rosenbrock,50,1,1000,736092.7624049205
CMAES,Rosenbrock,50,1,2000,4889.784363648991
CMAES,Rosenbrock,50,1,3000,538.745143587571
CMAES,Rosenbrock,50,1,4000,265.71032067179397
CMAES,Rosenbrock,50,1,5000,234.96724812504382
CMAES,Rosenbrock,50,1,6000,231.4221056331053
CMAES,Rosenbrock,50,1,7000,230.65337109714275
CMAES,Rosenbrock,50,1,8000,226.99691510836163
CMAES,Rosenbrock,50,1,9000,219.81573091273094
CMAES,Rosenbrock,50,1,10000,212.25291795080537
CMAES,Rosenbrock,50,1,11000,199.65284168045952
CMAES,Rosenbrock,50,1,12000,175.41106606518724
CMAES,Rosenbrock,50,1,13000,141.7989815277979
CMAES,Rosenbrock,50,1,14000,104.01212567209599
CMAES,Rosenbrock,50,1,15000,54.12549483668919
CMAES,Rosenbrock,50,1,16000,42.02538660671705
CMAES,Rosenbrock,50,1,17000,39.35273866929615
CMAES,Rosenbrock,50,1,18000,39.03496145054671
CMAES,Rosenbrock,50,1,19000,38.81478603130067
CMAES,Rosenbrock,50,1,20000,38.362623453315045
CMAES,Rosenbrock,50,1,21000,37.65976317050572
CMAES,Rosenbrock,50,1,22000,36.94877644399914
CMAES,Rosenbrock,50,1,23000,36.40097898605285
CMAES,Rosenbrock,50,1,24000,35.74410117507007
CMAES,Rosenbrock,50,1,25000,35.11159763841179
CMAES,Rosenbrock,50,1,26000,34.38295537709119
CMAES,Rosenbrock,50,1,27000,33.60650111478812
CMAES,Rosenbrock,50,1,28000,33.020081752585924
CMAES,Rosenbrock,50,1,29000,32.50329373328188
CMAES,Rosenbrock,50,1,30000,31.750703639836964
CMAES,Rosenbrock,50,1,31000,31.07508149586101
CMAES,Rosenbrock,50,1,32000,30.44905349864734
CMAES,Rosenbrock,50,1,33000,29.83601714122971
CMAES,Rosenbrock,50,1,34000,29.3492151379374
CMAES,Rosenbrock,50,1,35000,28.86820754528002
CMAES,Rosenbrock,50,1,36000,28.08980807641625
CMAES,Rosenbrock,50,1,37000,27.652926823905773
CMAES,Rosenbrock,50,1,38000,27.285368508014802
CMAES,Rosenbrock,50,1,39000,26.81062334416149
CMAES,Rosenbrock,50,1,40000,26.071519548910498
CMAES,Rosenbrock,50,1,41000,25.47155979285526
CMAES,Rosenbrock,50,1,42000,24.907849572944315
CMAES,Rosenbrock,50,1,43000,24.337676340036086
CMAES,Rosenbrock,50,1,44000,23.852552319782703
CMAES,Rosenbrock,50,1,45000,23.192191620761122
CMAES,Rosenbrock,50,1,46000,22.508797712349484
CMAES,Rosenbrock,50,1,47000,21.998830594099058
CMAES,Rosenbrock,50,1,48000,21.535288665387423
CMAES,Rosenbrock,50,1,49000,21.020030012637218
CMAES,Rosenbrock,50,1,50000,20.373751041009303
CMAES,Rosenbrock,50,1,51000,19.902734640063006
CMAES,Rosenbrock,50,1,52000,19.336165657747408
CMAES,Rosenbrock,50,1,53000,18.785555533719698
CMAES,Rosenbrock,50,1,54000,18.23439252967223
CMAES,Rosenbrock,50,1,55000,17.822334442555245
CMAES,Rosenbrock,50,1,56000,17.310399935344336
CMAES,Rosenbrock,50,1,57000,16.661246552618596
CMAES,Rosenbrock,50,1,58000,16.02818422996078
CMAES,Rosenbrock,50,1,59000,15.50444158573544
CMAES,Rosenbrock,50,1,60000,14.988518472896061
CMAES,Rosenbrock,50,1,61000,14.403495709889066
CMAES,Rosenbrock,50,1,62000,13.873881487168386
CMAES,Rosenbrock,50,1,63000,13.242711720971315
CMAES,Rosenbrock,50,1,64000,12.782795648854831
CMAES,Rosenbrock,50,1,65000,12.293155435200203
CMAES,Rosenbrock,50,1,66000,11.706505665200854
CMAES,Rosenbrock,50,1,67000,11.073117161949341
CMAES,Rosenbrock,50,1,68000,10.602418406016671
CMAES,Rosenbrock,50,1,69000,10.044692784343647
CMAES,Rosenbrock,50,1,70000,9.587100740894876
CMAES,Rosenbrock,50,1,71000,9.19402630092526
CMAES,Rosenbrock,50,1,72000,8.508502947469013
CMAES,Rosenbrock,50,1,73000,7.983547541535501
CMAES,Rosenbrock,50,1,74000,7.5327478529112275
CMAES,Rosenbrock,50,1,75000,7.098366039410464
CMAES,Rosenbrock,50,1,76000,6.5767155683704415
CMAES,Rosenbrock,50,1,77000,6.036221958819563
CMAES,Rosenbrock,50,1,78000,5.5581695137243035
CMAES,Rosenbrock,50,1,79000,5.004802168497721
CMAES,Rosenbrock,50,1,80000,4.525214160383415
CMAES,Rosenbrock,50,1,81000,4.034644043395202
CMAES,Rosenbrock,50,1,82000,3.4750496445130548
CMAES,Rosenbrock,50,1,83000,2.9822649011364275
CMAES,Rosenbrock,50,1,84000,2.4846455036499746
CMAES,Rosenbrock,50,1,85000,1.8179628556291867
CMAES,Rosenbrock,50,1,86000,1.3124606865514519
CMAES,Rosenbrock,50,1,87000,0.9756243523819201
CMAES,Rosenbrock,50,1,88000,0.619704274085187
CMAES,Rosenbrock,50,1,89000,0.38910578402134954
CMAES,Rosenbrock,50,1,90000,0.19917102614933357
CMAES,Rosenbrock,50,1,91000,0.10005285627671481
CMAES,Rosenbrock,50,1,92000,0.04805411003762109
CMAES,Rosenbrock,50,1,93000,0.017269810828244716
CMAES,Rosenbrock,50,1,94000,0.004446714288273709
CMAES,Rosenbrock,50,1,95000,0.000499384657458502
CMAES,Rosenbrock,50,1,96000,5.021516542379404e-05
CMAES,Rosenbrock,50,1,97000,3.5393985042330688e-06
CMAES,Rosenbrock,50,1,98000,3.4273849635692084e-07
CMAES,Rosenbrock,50,1,99000,1.494357927301553e-08
CMAES,Rosenbrock,50,1,100000,8.572869328391004e-10
CMAES,Rosenbrock,50,1,101000,3.159673052939043e-11
CMAES,Rosenbrock,50,1,102000,2.42037805982664e-12
CMAES,Rosenbrock,50,1,103000,7.139979327734226e-14
CMAES,Rosenbrock,50,1,104000,3.326908438367449e-15
CMAES,Rosenbrock,50,2,1000,793195.1556082703
CMAES,Rosenbrock,50,2,2000,3010.7421153736277
CMAES,Rosenbrock,50,2,3000,171.49062762074738
CMAES,Rosenbrock,50,2,4000,51.29989574030863
CMAES,Rosenbrock,50,2,5000,49.11249253701124
CMAES,Rosenbrock,50,2,6000,49.00538714354719
CMAES,Rosenbrock,50,2,7000,48.69351307359167
CMAES,Rosenbrock,50,2,8000,48.12199277345537
CMAES,Rosenbrock,50,2,9000,47.386988983013545
CMAES,Rosenbrock,50,2,10000,46.566423277061226
CMAES,Rosenbrock,50,2,11000,45.88123474521345
CMAES,Rosenbrock,50,2,12000,45.21709540457632
CMAES,Rosenbrock,50,2,13000,44.48918252179355
CMAES,Rosenbrock,50,2,14000,43.78782744121325
CMAES,Rosenbrock,50,2,15000,43.138655647101906
CMAES,Rosenbrock,50,2,16000,42.425697255425064
CMAES,Rosenbrock,50,2,17000,41.732246450207434
CMAES,Rosenbrock,50,2,18000,41.11651263161243
CMAES,Rosenbrock,50,2,19000,40.45647624609254
CMAES,Rosenbrock,50,2,20000,39.7242410763195
CMAES,Rosenbrock,50,2,21000,39.115222825080586
CMAES,Rosenbrock,50,2,22000,38.54165318169224
CMAES,Rosenbrock,50,2,23000,38.12642368007781
CMAES,Rosenbrock,50,2,24000,37.46039149860114
CMAES,Rosenbrock,50,2,25000,36.79610458471882
CMAES,Rosenbrock,50,2,26000,36.0909116028032
CMAES,Rosenbrock,50,2,27000,35.474297851034216
CMAES,Rosenbrock,50,2,28000,34.96214827286239
CMAES,Rosenbrock,50,2,29000,34.422239499265075
CMAES,Rosenbrock,50,2,30000,33.92985828556378
CMAES,Rosenbrock,50,2,31000,33.23846394924347
CMAES,Rosenbrock,50,2,32000,32.49527869667039
CMAES,Rosenbrock,50,2,33000,31.782631139390556
CMAES,Rosenbrock,50,2,34000,31.16849318082857
CMAES,Rosenbrock,50,2,35000,30.632311960543124
CMAES,Rosenbrock,50,2,36000,30.061281797253546
CMAES,Rosenbrock,50,2,37000,29.436822328686794
CMAES,Rosenbrock,50,2,38000,28.730905073949852
CMAES,Rosenbrock,50,2,39000,28.18370289289987
CMAES,Rosenbrock,50,2,40000,27.689193416330024
CMAES,Rosenbrock,50,2,41000,27.05247620182249
CMAES,Rosenbrock,50,2,42000,26.488120397133233
CMAES,Rosenbrock,50,2,43000,25.93327496746274
CMAES,Rosenbrock,50,2,44000,25.354915645761817
CMAES,Rosenbrock,50,2,45000,24.779785675599335
CMAES,Rosenbrock,50,2,46000,24.230149088677052
CMAES,Rosenbrock,50,2,47000,23.79235596388725
CMAES,Rosenbrock,50,2,48000,23.274777270497303
CMAES,Rosenbrock,50,2,49000,22.812872423973186
CMAES,Rosenbrock,50,2,50000,22.289676184532837
CMAES,Rosenbrock,50,2,51000,21.671327536365965
CMAES,Rosenbrock,50,2,52000,21.143055656405036
CMAES,Rosenbrock,50,2,53000,20.74858076770994
CMAES,Rosenbrock,50,2,54000,20.313971741539337
CMAES,Rosenbrock,50,2,55000,19.734808939694656
CMAES,Rosenbrock,50,2,56000,19.203448112849838
CMAES,Rosenbrock,50,2,57000,18.667424253820982
CMAES,Rosenbrock,50,2,58000,18.191698382463457
CMAES,Rosenbrock,50,2,59000,17.62437586005686
CMAES,Rosenbrock,50,2,60000,17.084518231088015
CMAES,Rosenbrock,50,2,61000,16.529992262444324
CMAES,Rosenbrock,50,2,62000,15.852248984847163
CMAES,Rosenbrock,50,2,63000,15.43510209366813
CMAES,Rosenbrock,50,2,64000,14.86289621215959
CMAES,Rosenbrock,50,2,65000,14.431968295189595
CMAES,Rosenbrock,50,2,66000,13.907425514937858
CMAES,Rosenbrock,50,2,67000,13.415852999015554
CMAES,Rosenbrock,50,2,68000,12.82212939200338
CMAES,Rosenbrock,50,2,69000,12.343912940424422
CMAES,Rosenbrock,50,2,70000,11.831358774621432
CMAES,Rosenbrock,50,2,71000,11.244929599101326
CMAES,Rosenbrock,50,2,72000,10.731131894119242
CMAES,Rosenbrock,50,2,73000,10.136146315314802
CMAES,Rosenbrock,50,2,74000,9.577927331780892
CMAES,Rosenbrock,50,2,75000,9.073760472367333
CMAES,Rosenbrock,50,2,76000,8.520968206642207
CMAES,Rosenbrock,50,2,77000,7.939297908462495
CMAES,Rosenbrock,50,2,78000,7.536521691949288
CMAES,Rosenbrock,50,2,79000,6.903880915033666
CMAES,Rosenbrock,50,2,80000,6.2296939920661085
CMAES,Rosenbrock,50,2,81000,5.804936004493781
CMAES,Rosenbrock,50,2,82000,5.35391052178766
CMAES,Rosenbrock,50,2,83000,4.712504683389099
CMAES,Rosenbrock,50,2,84000,4.145788447542584
CMAES,Rosenbrock,50,2,85000,3.6366542703516407
CMAES,Rosenbrock,50,2,86000,3.0686105649364066
CMAES,Rosenbrock,50,2,87000,2.5563047502441156
CMAES,Rosenbrock,50,2,88000,1.9372540617609642
CMAES,Rosenbrock,50,2,89000,1.3951523373887522
CMAES,Rosenbrock,50,2,90000,1.0151145985482892
CMAES,Rosenbrock,50,2,91000,0.7512563230611798
CMAES,Rosenbrock,50,2,92000,0.474275914373132
CMAES,Rosenbrock,50,2,93000,0.28070005514321994
CMAES,Rosenbrock,50,2,94000,0.1555816732534596
CMAES,Rosenbrock,50,2,95000,0.08288437553727142
CMAES,Rosenbrock,50,2,96000,0.024276132621384165
CMAES,Rosenbrock,50,2,97000,0.005798378159566412
CMAES,Rosenbrock,50,2,98000,0.0008613711289458135
CMAES,Rosenbrock,50,2,99000,0.0001118187910629315
CMAES,Rosenbrock,50,2,100000,8.321583857063083e-06
CMAES,Rosenbrock,50,2,101000,3.722898610320439e-07
CMAES,Rosenbrock,50,2,102000,2.69685789152048e-08
CMAES,Rosenbrock,50,2,103000,1.9700678593417276e-09
CMAES,Rosenbrock,50,2,104000,8.622538747393223e-11
CMAES,Rosenbrock,50,2,105000,3.773617517552778e-12
CMAES,Rosenbrock,50,2,106000,1.6398167430962734e-13
CMAES,Rosenbrock,50,2,107000,4.575714465418331e-15
CMAES,Rosenbrock,50,3,1000,361849.9615728133
CMAES,Rosenbrock,50,3,2000,1026.0132207374766
CMAES,Rosenbrock,50,3,3000,76.87613064154013
CMAES,Rosenbrock,50,3,4000,48.40829770766212
CMAES,Rosenbrock,50,3,5000,47.678267609044475
CMAES,Rosenbrock,50,3,6000,47.03670958872695
CMAES,Rosenbrock,50,3,7000,46.159818012104196
CMAES,Rosenbrock,50,3,8000,45.39625239078576
CMAES,Rosenbrock,50,3,9000,44.5339489630185
CMAES,Rosenbrock,50,3,10000,43.79276516219472
CMAES,Rosenbrock,50,3,11000,43.091951346421375
CMAES,Rosenbrock,50,3,12000,42.38180503476291
CMAES,Rosenbrock,50,3,13000,41.56318236970653
CMAES,Rosenbrock,50,3,14000,40.81205842697062
CMAES,Rosenbrock,50,3,15000,40.12849048837018
CMAES,Rosenbrock,50,3,16000,39.49239266964072
CMAES,Rosenbrock,50,3,17000,38.80288178027861
CMAES,Rosenbrock,50,3,18000,38.25136097798241
CMAES,Rosenbrock,50,3,19000,37.56106253131866
CMAES,Rosenbrock,50,3,20000,36.82812710923399
CMAES,Rosenbrock,50,3,21000,36.16660251491015
CMAES,Rosenbrock,50,3,22000,35.503339506670216
CMAES,Rosenbrock,50,3,23000,34.895585572239746
CMAES,Rosenbrock,50,3,24000,34.35329555411705
CMAES,Rosenbrock,50,3,25000,33.69226176936936
CMAES,Rosenbrock,50,3,26000,33.00970323822668
CMAES,Rosenbrock,50,3,27000,32.43539986437362
CMAES,Rosenbrock,50,3,28000,31.818450876061124
CMAES,Rosenbrock,50,3,29000,31.293856210824778
CMAES,Rosenbrock,50,3,30000,30.76603026138602
CMAES,Rosenbrock,50,3,31000,30.197549303937524
CMAES,Rosenbrock,50,3,32000,29.618570826103365
CMAES,Rosenbrock,50,3,33000,29.12947079169206
CMAES,Rosenbrock,50,3,34000,28.614020658891896
CMAES,Rosenbrock,50,3,35000,28.048318417857264
CMAES,Rosenbrock,50,3,36000,27.534946482324628
CMAES,Rosenbrock,50,3,37000,26.8994770616298
CMAES,Rosenbrock,50,3,38000,26.30201994112434
CMAES,Rosenbrock,50,3,39000,25.703795775046295
CMAES,Rosenbrock,50,3,40000,25.191507081200367
CMAES,Rosenbrock,50,3,41000,24.61278572169204
CMAES,Rosenbrock,50,3,42000,24.016483373011003
CMAES,Rosenbrock,50,3,43000,23.56956880132685
CMAES,Rosenbrock,50,3,44000,23.065541238552903
CMAES,Rosenbrock,50,3,45000,22.40610958281191
CMAES,Rosenbrock,50,3,46000,21.895043486587625
CMAES,Rosenbrock,50,3,47000,21.40282912937935
CMAES,Rosenbrock,50,3,48000,20.8592564959875
CMAES,Rosenbrock,50,3,49000,20.190622298421538
CMAES,Rosenbrock,50,3,50000,19.533292491561003
CMAES,Rosenbrock,50,3,51000,19.02667000548025
CMAES,Rosenbrock,50,3,52000,18.436071890277027
CMAES,Rosenbrock,50,3,53000,17.85113456688866
CMAES,Rosenbrock,50,3,54000,17.27588218058092
CMAES,Rosenbrock,50,3,55000,16.70512146136889
CMAES,Rosenbrock,50,3,56000,16.154793718663406
CMAES,Rosenbrock,50,3,57000,15.640385783565371
CMAES,Rosenbrock,50,3,58000,15.134788853177856
CMAES,Rosenbrock,50,3,59000,14.57885308130743
CMAES,Rosenbrock,50,3,60000,14.08002422328483
CMAES,Rosenbrock,50,3,61000,13.596569977063723
CMAES,Rosenbrock,50,3,62000,13.069125611582795
CMAES,Rosenbrock,50,3,63000,12.470448384119614
CMAES,Rosenbrock,50,3,64000,11.98009816040432
CMAES,Rosenbrock,50,3,65000,11.507259091850564
CMAES,Rosenbrock,50,3,66000,10.90069683244558
CMAES,Rosenbrock,50,3,67000,10.365962143718484
CMAES,Rosenbrock,50,3,68000,9.854684622766701
CMAES,Rosenbrock,50,3,69000,9.360168024803643
CMAES,Rosenbrock,50,3,70000,8.813995995856402
CMAES,Rosenbrock,50,3,71000,8.306292302549288
CMAES,Rosenbrock,50,3,72000,7.627846779147654
CMAES,Rosenbrock,50,3,73000,7.056937326811015
CMAES,Rosenbrock,50,3,74000,6.614804308789942
CMAES,Rosenbrock,50,3,75000,6.091292923810101
CMAES,Rosenbrock,50,3,76000,5.453980507173157
CMAES,Rosenbrock,50,3,77000,4.962407338615303
CMAES,Rosenbrock,50,3,78000,4.370460528037009
CMAES,Rosenbrock,50,3,79000,3.815041499118994
CMAES,Rosenbrock,50,3,80000,3.2959635841406074
CMAES,Rosenbrock,50,3,81000,2.8595048411301907
CMAES,Rosenbrock,50,3,82000,2.3006882475344193
CMAES,Rosenbrock,50,3,83000,1.760252701740883
CMAES,Rosenbrock,50,3,84000,1.342048289123021
CMAES,Rosenbrock,50,3,85000,1.0528198536605784
CMAES,Rosenbrock,50,3,86000,0.7716023230771996
CMAES,Rosenbrock,50,3,87000,0.4961462401024511
CMAES,Rosenbrock,50,3,88000,0.2730346595364848
CMAES,Rosenbrock,50,3,89000,0.13172118529815166
CMAES,Rosenbrock,50,3,90000,0.05222603019421802
CMAES,Rosenbrock,50,3,91000,0.017500627764282538
CMAES,Rosenbrock,50,3,92000,0.0028797254637272225
CMAES,Rosenbrock,50,3,93000,0.00039075095216495147
CMAES,Rosenbrock,50,3,94000,2.988821605315664e-05
CMAES,Rosenbrock,50,3,95000,1.6394465844225832e-06
CMAES,Rosenbrock,50,3,96000,8.850459535013562e-08
CMAES,Rosenbrock,50,3,97000,4.433271231247295e-09
CMAES,Rosenbrock,50,3,98000,1.6878110219066548e-10
CMAES,Rosenbrock,50,3,99000,7.146949571829121e-12
CMAES,Rosenbrock,50,3,100000,2.78135868361225e-13
CMAES,Rosenbrock,50,3,101000,9.48817168961382e-15
CMAES,Rosenbrock,50,4,1000,1299043.915280076
CMAES,Rosenbrock,50,4,2000,4111.743360447332
CMAES,Rosenbrock,50,4,3000,695.1150097005906
CMAES,Rosenbrock,50,4,4000,498.41130227278813
CMAES,Rosenbrock,50,4,5000,414.27330058230376
CMAES,Rosenbrock,50,4,6000,401.62529893378587
CMAES,Rosenbrock,50,4,7000,390.54789535580466
CMAES,Rosenbrock,50,4,8000,336.35502272579936
CMAES,Rosenbrock,50,4,9000,188.47756837521558
CMAES,Rosenbrock,50,4,10000,74.39632907644403
CMAES,Rosenbrock,50,4,11000,44.797185073530834
CMAES,Rosenbrock,50,4,12000,41.808337525200834
CMAES,Rosenbrock,50,4,13000,41.41848026020178
CMAES,Rosenbrock,50,4,14000,41.15040097436093
CMAES,Rosenbrock,50,4,15000,40.461487062873424
CMAES,Rosenbrock,50,4,16000,39.780807374835035
CMAES,Rosenbrock,50,4,17000,39.07810351298753
CMAES,Rosenbrock,50,4,18000,38.491206033203206
CMAES,Rosenbrock,50,4,19000,37.75865981278087
CMAES,Rosenbrock,50,4,20000,37.08148348089786
CMAES,Rosenbrock,50,4,21000,36.39922581358549
CMAES,Rosenbrock,50,4,22000,35.684452240837686
CMAES,Rosenbrock,50,4,23000,35.05606300338
CMAES,Rosenbrock,50,4,24000,34.47541049788641
CMAES,Rosenbrock,50,4,25000,33.771107674120316
CMAES,Rosenbrock,50,4,26000,33.14597817546398
CMAES,Rosenbrock,50,4,27000,32.60509874134853
CMAES,Rosenbrock,50,4,28000,31.89282507511654
CMAES,Rosenbrock,50,4,29000,31.16321525933562
CMAES,Rosenbrock,50,4,30000,30.54003693484806
CMAES,Rosenbrock,50,4,31000,29.972928005627132
CMAES,Rosenbrock,50,4,32000,29.289071074160976
CMAES,Rosenbrock,50,4,33000,28.754923283170758
CMAES,Rosenbrock,50,4,34000,28.20645235621708
CMAES,Rosenbrock,50,4,35000,27.642907349400936
CMAES,Rosenbrock,50,4,36000,27.13341239426066
CMAES,Rosenbrock,50,4,37000,26.51848564300537
CMAES,Rosenbrock,50,4,38000,25.92685926981353
CMAES,Rosenbrock,50,4,39000,25.375097029716652
CMAES,Rosenbrock,50,4,40000,24.748607091703082
CMAES,Rosenbrock,50,4,41000,24.201313856539915
CMAES,Rosenbrock,50,4,42000,23.632864095958997
CMAES,Rosenbrock,50,4,43000,23.133425786925596
CMAES,Rosenbrock,50,4,44000,22.76391722659275
CMAES,Rosenbrock,50,4,45000,22.218310929971576
CMAES,Rosenbrock,50,4,46000,21.705855968899268
CMAES,Rosenbrock,50,4,47000,21.190651929931178
CMAES,Rosenbrock,50,4,48000,20.71219058042121
CMAES,Rosenbrock,50,4,49000,20.2149804269257
CMAES,Rosenbrock,50,4,50000,19.651628799983726
CMAES,Rosenbrock,50,4,51000,19.076791951742702
CMAES,Rosenbrock,50,4,52000,18.512308587748763
CMAES,Rosenbrock,50,4,53000,17.91982550107545
CMAES,Rosenbrock,50,4,54000,17.30489162884355
CMAES,Rosenbrock,50,4,55000,16.74978645399702
CMAES,Rosenbrock,50,4,56000,16.303386301437175
CMAES,Rosenbrock,50,4,57000,15.819299133350958
CMAES,Rosenbrock,50,4,58000,15.294937980524432
CMAES,Rosenbrock,50,4,59000,14.731357146278455
CMAES,Rosenbrock,50,4,60000,14.247748885110381
CMAES,Rosenbrock,50,4,61000,13.745150070257436
CMAES,Rosenbrock,50,4,62000,13.074442678840326
CMAES,Rosenbrock,50,4,63000,12.53993885674129
CMAES,Rosenbrock,50,4,64000,12.041395128204313
CMAES,Rosenbrock,50,4,65000,11.382972499897985
CMAES,Rosenbrock,50,4,66000,10.737782525493458
CMAES,Rosenbrock,50,4,67000,10.362178336083232
CMAES,Rosenbrock,50,4,68000,9.911128349336273
CMAES,Rosenbrock,50,4,69000,9.328914618891707
CMAES,Rosenbrock,50,4,70000,8.749479882518772
CMAES,Rosenbrock,50,4,71000,8.045628152060527
CMAES,Rosenbrock,50,4,72000,7.518139842806473
CMAES,Rosenbrock,50,4,73000,6.89566586040714
CMAES,Rosenbrock,50,4,74000,6.411379823955167
CMAES,Rosenbrock,50,4,75000,5.9973257604345775
CMAES,Rosenbrock,50,4,76000,5.543150153443893
CMAES,Rosenbrock,50,4,77000,4.988421876482846
CMAES,Rosenbrock,50,4,78000,4.295342154559736
CMAES,Rosenbrock,50,4,79000,3.835030108573047
CMAES,Rosenbrock,50,4,80000,3.3520878098279563
CMAES,Rosenbrock,50,4,81000,2.690434179172066
CMAES,Rosenbrock,50,4,82000,2.1732795309117687
CMAES,Rosenbrock,50,4,83000,1.6756288713357923
CMAES,Rosenbrock,50,4,84000,1.21794773876202
CMAES,Rosenbrock,50,4,85000,0.8301941815276199
CMAES,Rosenbrock,50,4,86000,0.5544991940692137
CMAES,Rosenbrock,50,4,87000,0.33137380505297054
CMAES,Rosenbrock,50,4,88000,0.16591139617984094
CMAES,Rosenbrock,50,4,89000,0.08320671990179071
CMAES,Rosenbrock,50,4,90000,0.03469331451307042
CMAES,Rosenbrock,50,4,91000,0.007066084766538619
CMAES,Rosenbrock,50,4,92000,0.0008196619223626353
CMAES,Rosenbrock,50,4,93000,6.945408455560307e-05
CMAES,Rosenbrock,50,4,94000,3.8082353279982272e-06
CMAES,Rosenbrock,50,4,95000,2.4215721996175394e-07
CMAES,Rosenbrock,50,4,96000,8.435950426309159e-09
CMAES,Rosenbrock,50,4,97000,4.764057831485967e-10
CMAES,Rosenbrock,50,4,98000,2.1977895805271023e-11
CMAES,Rosenbrock,50,4,99000,9.715696099910173e-13
CMAES,Rosenbrock,50,4,100000,3.290708651836956e-14
CMAES,Rosenbrock,50,5,1000,650513.6515263016
CMAES,Rosenbrock,50,5,2000,4450.2531091604915
CMAES,Rosenbrock,50,5,3000,357.4694231124366
CMAES,Rosenbrock,50,5,4000,160.76354296411492
CMAES,Rosenbrock,50,5,5000,132.59543508749684
CMAES,Rosenbrock,50,5,6000,128.09453145578192
CMAES,Rosenbrock,50,5,7000,125.98246185309253
CMAES,Rosenbrock,50,5,8000,125.72071276278952
CMAES,Rosenbrock,50,5,9000,125.63730484944466
CMAES,Rosenbrock,50,5,10000,125.4037423017072
CMAES,Rosenbrock,50,5,11000,124.64209621514291
CMAES,Rosenbrock,50,5,12000,123.58386314193369
CMAES,Rosenbrock,50,5,13000,122.46325233111268
CMAES,Rosenbrock,50,5,14000,121.29106959319662
CMAES,Rosenbrock,50,5,15000,120.0117635872535
CMAES,Rosenbrock,50,5,16000,118.54406954384221
CMAES,Rosenbrock,50,5,17000,117.2143155645432
CMAES,Rosenbrock,50,5,18000,116.1377804733862
CMAES,Rosenbrock,50,5,19000,114.94911314246693
CMAES,Rosenbrock,50,5,20000,113.57367559829
CMAES,Rosenbrock,50,5,21000,112.03517009380337
CMAES,Rosenbrock,50,5,22000,110.6393741389477
CMAES,Rosenbrock,50,5,23000,109.14409036260281
CMAES,Rosenbrock,50,5,24000,107.7025805631316
CMAES,Rosenbrock,50,5,25000,105.79976483857111
CMAES,Rosenbrock,50,5,26000,103.88273276920953
CMAES,Rosenbrock,50,5,27000,102.04989774398747
CMAES,Rosenbrock,50,5,28000,100.34870110028743
CMAES,Rosenbrock,50,5,29000,99.06192187407218
CMAES,Rosenbrock,50,5,30000,97.85092716347728
CMAES,Rosenbrock,50,5,31000,96.60399913168757
CMAES,Rosenbrock,50,5,32000,95.36230027893797
CMAES,Rosenbrock,50,5,33000,94.01016918286766
CMAES,Rosenbrock,50,5,34000,92.61665136521202
CMAES,Rosenbrock,50,5,35000,91.13823002722829
CMAES,Rosenbrock,50,5,36000,89.27778251901529
CMAES,Rosenbrock,50,5,37000,84.76624477429675
CMAES,Rosenbrock,50,5,38000,78.12025217231195
CMAES,Rosenbrock,50,5,39000,47.537270869499885
CMAES,Rosenbrock,50,5,40000,32.19682365007861
CMAES,Rosenbrock,50,5,41000,28.871154405556123
CMAES,Rosenbrock,50,5,42000,27.82414772380884
CMAES,Rosenbrock,50,5,43000,27.534637770253447
CMAES,Rosenbrock,50,5,44000,27.224271762255636
CMAES,Rosenbrock,50,5,45000,26.732799000058975
CMAES,Rosenbrock,50,5,46000,26.181594243155168
CMAES,Rosenbrock,50,5,47000,25.657369621538507
CMAES,Rosenbrock,50,5,48000,25.11628179091976
CMAES,Rosenbrock,50,5,49000,24.47783709602347
CMAES,Rosenbrock,50,5,50000,23.80744356656004
CMAES,Rosenbrock,50,5,51000,23.272695538832934
CMAES,Rosenbrock,50,5,52000,22.64134045314772
CMAES,Rosenbrock,50,5,53000,22.085575564011013
CMAES,Rosenbrock,50,5,54000,21.481675113985446
CMAES,Rosenbrock,50,5,55000,20.975831418271603
CMAES,Rosenbrock,50,5,56000,20.456322634312638
CMAES,Rosenbrock,50,5,57000,19.889439401213114
CMAES,Rosenbrock,50,5,58000,19.279088393641015
CMAES,Rosenbrock,50,5,59000,18.64548475701545
CMAES,Rosenbrock,50,5,60000,18.084704889748004
CMAES,Rosenbrock,50,5,61000,17.60705302828898
CMAES,Rosenbrock,50,5,62000,17.04027372927104
CMAES,Rosenbrock,50,5,63000,16.484354672507322
CMAES,Rosenbrock,50,5,64000,16.107036536626758
CMAES,Rosenbrock,50,5,65000,15.673752191044944
CMAES,Rosenbrock,50,5,66000,15.17551868452861
CMAES,Rosenbrock,50,5,67000,14.710341893846255
CMAES,Rosenbrock,50,5,68000,14.169034951129682
CMAES,Rosenbrock,50,5,69000,13.702493955878875
CMAES,Rosenbrock,50,5,70000,13.24818433583773
CMAES,Rosenbrock,50,5,71000,12.686707448760016
CMAES,Rosenbrock,50,5,72000,12.135261420464033
CMAES,Rosenbrock,50,5,73000,11.572547628662855
CMAES,Rosenbrock,50,5,74000,11.055660842907669
CMAES,Rosenbrock,50,5,75000,10.532286873642562
CMAES,Rosenbrock,50,5,76000,9.943651099599016
CMAES,Rosenbrock,50,5,77000,9.443940859006567
CMAES,Rosenbrock,50,5,78000,8.967449830922568
CMAES,Rosenbrock,50,5,79000,8.517110970272073
CMAES,Rosenbrock,50,5,80000,7.966053894231133
CMAES,Rosenbrock,50,5,81000,7.390613296593036
CMAES,Rosenbrock,50,5,82000,6.819495820700261
CMAES,Rosenbrock,50,5,83000,6.4624309386290575
CMAES,Rosenbrock,50,5,84000,6.065296631719991
CMAES,Rosenbrock,50,5,85000,5.467241883055301
CMAES,Rosenbrock,50,5,86000,5.094947158630953
CMAES,Rosenbrock,50,5,87000,4.8261727466025315
CMAES,Rosenbrock,50,5,88000,4.500239496842392
CMAES,Rosenbrock,50,5,89000,4.269303794316248
CMAES,Rosenbrock,50,5,90000,4.130699788973608
CMAES,Rosenbrock,50,5,91000,4.044805242370586
CMAES,Rosenbrock,50,5,92000,4.00378496243106
CMAES,Rosenbrock,50,5,93000,3.990312941872461
CMAES,Rosenbrock,50,5,94000,3.987225480697825
CMAES,Rosenbrock,50,5,95000,3.9866822378681306
CMAES,Rosenbrock,50,5,96000,3.986626851344833
CMAES,Rosenbrock,50,5,97000,3.9866240053065125
CMAES,Rosenbrock,50,5,98000,3.986623859681849
CMAES,Rosenbrock,50,5,99000,3.986623854565966
CMAES,Rosenbrock,50,5,100000,3.9866238543118917
CMAES,Rosenbrock,50,5,101000,3.986623854301285
CMAES,Rosenbrock,50,5,102000,3.9866238543009467
CMAES,Rosenbrock,50,6,1000,253751.28307274543
CMAES,Rosenbrock,50,6,2000,1482.1763040473816
CMAES,Rosenbrock,50,6,3000,104.07465004906878
CMAES,Rosenbrock,50,6,4000,48.20351145691485
CMAES,Rosenbrock,50,6,5000,47.05448915172121
CMAES,Rosenbrock,50,6,6000,46.327500212365045
CMAES,Rosenbrock,50,6,7000,45.3391552463878
CMAES,Rosenbrock,50,6,8000,44.454607425467564
CMAES,Rosenbrock,50,6,9000,43.685482450059204
CMAES,Rosenbrock,50,6,10000,42.909347378070706
CMAES,Rosenbrock,50,6,11000,42.02874623219562
CMAES,Rosenbrock,50,6,12000,41.40330044986386
CMAES,Rosenbrock,50,6,13000,40.7023182468009
CMAES,Rosenbrock,50,6,14000,40.06113077801376
CMAES,Rosenbrock,50,6,15000,39.49636359222701
CMAES,Rosenbrock,50,6,16000,38.92126985017128
CMAES,Rosenbrock,50,6,17000,38.21117396388027
CMAES,Rosenbrock,50,6,18000,37.60717520574687
CMAES,Rosenbrock,50,6,19000,36.92393553714762
CMAES,Rosenbrock,50,6,20000,36.238745016874944
CMAES,Rosenbrock,50,6,21000,35.56843229949676
CMAES,Rosenbrock,50,6,22000,35.01339102175721
CMAES,Rosenbrock,50,6,23000,34.48635233259798
CMAES,Rosenbrock,50,6,24000,33.78368498152614
CMAES,Rosenbrock,50,6,25000,33.21929505319654
CMAES,Rosenbrock,50,6,26000,32.57981228773382
CMAES,Rosenbrock,50,6,27000,32.089124166454056
CMAES,Rosenbrock,50,6,28000,31.57965085684333
CMAES,Rosenbrock,50,6,29000,30.96908560652578
CMAES,Rosenbrock,50,6,30000,30.41010877888746
CMAES,Rosenbrock,50,6,31000,29.76171364538093
CMAES,Rosenbrock,50,6,32000,29.211784376534506
CMAES,Rosenbrock,50,6,33000,28.473838895054524
CMAES,Rosenbrock,50,6,34000,27.951013835230505
CMAES,Rosenbrock,50,6,35000,27.288967069379886
CMAES,Rosenbrock,50,6,36000,26.784730584407807
CMAES,Rosenbrock,50,6,37000,26.284213914211133
CMAES,Rosenbrock,50,6,38000,25.690338536569843
CMAES,Rosenbrock,50,6,39000,25.11895079217076
CMAES,Rosenbrock,50,6,40000,24.529509078942425
CMAES,Rosenbrock,50,6,41000,23.92074465464858
CMAES,Rosenbrock,50,6,42000,23.301711698927157
CMAES,Rosenbrock,50,6,43000,22.764833087993598
CMAES,Rosenbrock,50,6,44000,22.028886464418257
CMAES,Rosenbrock,50,6,45000,21.449762186451142
CMAES,Rosenbrock,50,6,46000,20.877656322912337
CMAES,Rosenbrock,50,6,47000,20.411273139037707
CMAES,Rosenbrock,50,6,48000,19.919415922688692
CMAES,Rosenbrock,50,6,49000,19.377474172550386
CMAES,Rosenbrock,50,6,50000,18.92141321220196
CMAES,Rosenbrock,50,6,51000,18.3227329196597
CMAES,Rosenbrock,50,6,52000,17.833029095444928
CMAES,Rosenbrock,50,6,53000,17.34473855960446
CMAES,Rosenbrock,50,6,54000,16.798702539877084
CMAES,Rosenbrock,50,6,55000,16.241976505852826
CMAES,Rosenbrock,50,6,56000,15.640692961756764
CMAES,Rosenbrock,50,6,57000,15.070589434211929
CMAES,Rosenbrock,50,6,58000,14.438077652875803
CMAES,Rosenbrock,50,6,59000,13.779452289203842
CMAES,Rosenbrock,50,6,60000,13.369749918142757
CMAES,Rosenbrock,50,6,61000,12.821425242358814
CMAES,Rosenbrock,50,6,62000,12.370701789204922
CMAES,Rosenbrock,50,6,63000,11.847479366105855
CMAES,Rosenbrock,50,6,64000,11.199645777530591
CMAES,Rosenbrock,50,6,65000,10.682554637654741
CMAES,Rosenbrock,50,6,66000,10.180695611120875
CMAES,Rosenbrock,50,6,67000,9.619958576112563
CMAES,Rosenbrock,50,6,68000,8.954340958048155
CMAES,Rosenbrock,50,6,69000,8.391442564294602
CMAES,Rosenbrock,50,6,70000,7.966891415922666
CMAES,Rosenbrock,50,6,71000,7.5222277414405925
CMAES,Rosenbrock,50,6,72000,6.97635153234474
CMAES,Rosenbrock,50,6,73000,6.552783818537177
CMAES,Rosenbrock,50,6,74000,6.038575416136048
CMAES,Rosenbrock,50,6,75000,5.5401514903471725
CMAES,Rosenbrock,50,6,76000,4.92053762540101
CMAES,Rosenbrock,50,6,77000,4.463153935025033
CMAES,Rosenbrock,50,6,78000,3.971514229662635
CMAES,Rosenbrock,50,6,79000,3.4780837759127783
CMAES,Rosenbrock,50,6,80000,2.900723442533745
CMAES,Rosenbrock,50,6,81000,2.273451912830559
CMAES,Rosenbrock,50,6,82000,1.7662734615815179
CMAES,Rosenbrock,50,6,83000,1.3333003223598525
CMAES,Rosenbrock,50,6,84000,0.9876386685600411
CMAES,Rosenbrock,50,6,85000,0.7296787840931382
CMAES,Rosenbrock,50,6,86000,0.4994064808388943
CMAES,Rosenbrock,50,6,87000,0.2852608065580675
CMAES,Rosenbrock,50,6,88000,0.1458468323241659
CMAES,Rosenbrock,50,6,89000,0.06808653133313126
CMAES,Rosenbrock,50,6,90000,0.02407322246630992
CMAES,Rosenbrock,50,6,91000,0.005517337686890419
CMAES,Rosenbrock,50,6,92000,0.0008932885239291024
CMAES,Rosenbrock,50,6,93000,8.303777246789165e-05
CMAES,Rosenbrock,50,6,94000,4.3814584439669944e-06
CMAES,Rosenbrock,50,6,95000,2.8261078728457407e-07
CMAES,Rosenbrock,50,6,96000,1.2392822407999315e-08
CMAES,Rosenbrock,50,6,97000,7.671708828003683e-10
CMAES,Rosenbrock,50,6,98000,3.1878614652459205e-11
CMAES,Rosenbrock,50,6,99000,1.1258077053935748e-12
CMAES,Rosenbrock,50,6,100000,4.07799503608333e-14
CMAES,Rosenbrock,50,7,1000,1032260.4753430302
CMAES,Rosenbrock,50,7,2000,2957.6051194045713
CMAES,Rosenbrock,50,7,3000,123.49336270311383
CMAES,Rosenbrock,50,7,4000,50.93280556037246
CMAES,Rosenbrock,50,7,5000,48.529361395616206
CMAES,Rosenbrock,50,7,6000,48.270265640407125
CMAES,Rosenbrock,50,7,7000,47.614573202831295
CMAES,Rosenbrock,50,7,8000,46.79394354765515
CMAES,Rosenbrock,50,7,9000,45.99111091657666
CMAES,Rosenbrock,50,7,10000,45.13871696779786
CMAES,Rosenbrock,50,7,11000,44.35669087634857
CMAES,Rosenbrock,50,7,12000,43.568776960155716
CMAES,Rosenbrock,50,7,13000,42.876122979246404
CMAES,Rosenbrock,50,7,14000,42.14953345058624
CMAES,Rosenbrock,50,7,15000,41.429610940531106
CMAES,Rosenbrock,50,7,16000,40.79699316828241
CMAES,Rosenbrock,50,7,17000,40.08849215972313
CMAES,Rosenbrock,50,7,18000,39.53768032536521
CMAES,Rosenbrock,50,7,19000,38.91869658833986
CMAES,Rosenbrock,50,7,20000,38.168745985413835
CMAES,Rosenbrock,50,7,21000,37.610488727786844
CMAES,Rosenbrock,50,7,22000,37.07532988402663
CMAES,Rosenbrock,50,7,23000,36.39842967964958
CMAES,Rosenbrock,50,7,24000,35.79806607989745
CMAES,Rosenbrock,50,7,25000,35.24294797838618
CMAES,Rosenbrock,50,7,26000,34.678082786071435
CMAES,Rosenbrock,50,7,27000,34.1039671812273
CMAES,Rosenbrock,50,7,28000,33.50850979276227
CMAES,Rosenbrock,50,7,29000,32.85375277378349
CMAES,Rosenbrock,50,7,30000,32.34033935608472
CMAES,Rosenbrock,50,7,31000,31.798009449010035
CMAES,Rosenbrock,50,7,32000,31.266500412753075
CMAES,Rosenbrock,50,7,33000,30.754958823820413
CMAES,Rosenbrock,50,7,34000,30.17268471616948
CMAES,Rosenbrock,50,7,35000,29.549617856174944
CMAES,Rosenbrock,50,7,36000,28.977941337877297
CMAES,Rosenbrock,50,7,37000,28.36506325234665
CMAES,Rosenbrock,50,7,38000,27.703185519718676
CMAES,Rosenbrock,50,7,39000,27.133002819430388
CMAES,Rosenbrock,50,7,40000,26.624864480366988
CMAES,Rosenbrock,50,7,41000,26.094887322943467
CMAES,Rosenbrock,50,7,42000,25.53209169675343
CMAES,Rosenbrock,50,7,43000,24.76118834909904
CMAES,Rosenbrock,50,7,44000,24.111623471892187
CMAES,Rosenbrock,50,7,45000,23.57806298900206
CMAES,Rosenbrock,50,7,46000,23.123473067311362
CMAES,Rosenbrock,50,7,47000,22.518087835106996
CMAES,Rosenbrock,50,7,48000,21.91110999908973
CMAES,Rosenbrock,50,7,49000,21.398255967755595
CMAES,Rosenbrock,50,7,50000,20.845733878325312
CMAES,Rosenbrock,50,7,51000,20.32149930911244
CMAES,Rosenbrock,50,7,52000,19.839154620378363
CMAES,Rosenbrock,50,7,53000,19.22438287189866
CMAES,Rosenbrock,50,7,54000,18.780424071333098
CMAES,Rosenbrock,50,7,55000,18.287308489427126
CMAES,Rosenbrock,50,7,56000,17.736340461208687
CMAES,Rosenbrock,50,7,57000,17.222316224560984
CMAES,Rosenbrock,50,7,58000,16.669701367988104
CMAES,Rosenbrock,50,7,59000,16.032802306695906
CMAES,Rosenbrock,50,7,60000,15.565401220218481
CMAES,Rosenbrock,50,7,61000,14.93547940669106
CMAES,Rosenbrock,50,7,62000,14.279993527624669
CMAES,Rosenbrock,50,7,63000,13.631669438610821
CMAES,Rosenbrock,50,7,64000,13.109341581028099
CMAES,Rosenbrock,50,7,65000,12.581194158755677
CMAES,Rosenbrock,50,7,66000,12.004755078172801
CMAES,Rosenbrock,50,7,67000,11.432121725705136
CMAES,Rosenbrock,50,7,68000,10.93529626105345
CMAES,Rosenbrock,50,7,69000,10.485656679323258
CMAES,Rosenbrock,50,7,70000,9.968801191060182
CMAES,Rosenbrock,50,7,71000,9.44074087486792
CMAES,Rosenbrock,50,7,72000,8.794669103700004
CMAES,Rosenbrock,50,7,73000,8.10812934114573
CMAES,Rosenbrock,50,7,74000,7.646032900246339
CMAES,Rosenbrock,50,7,75000,7.174749960739631
CMAES,Rosenbrock,50,7,76000,6.6189808206672165
CMAES,Rosenbrock,50,7,77000,6.163997104277321
CMAES,Rosenbrock,50,7,78000,5.7068563591694845
CMAES,Rosenbrock,50,7,79000,5.098465415878999
CMAES,Rosenbrock,50,7,80000,4.356600112686054
CMAES,Rosenbrock,50,7,81000,3.795929173830838
CMAES,Rosenbrock,50,7,82000,3.3183872069704385
CMAES,Rosenbrock,50,7,83000,2.894094381092935
CMAES,Rosenbrock,50,7,84000,2.368996690107646
CMAES,Rosenbrock,50,7,85000,1.8009628073887542
CMAES,Rosenbrock,50,7,86000,1.2883328267209264
CMAES,Rosenbrock,50,7,87000,0.9261444802914615
CMAES,Rosenbrock,50,7,88000,0.6612468068557482
CMAES,Rosenbrock,50,7,89000,0.42490006995529095
CMAES,Rosenbrock,50,7,90000,0.21517043493032717
CMAES,Rosenbrock,50,7,91000,0.11329022487731699
CMAES,Rosenbrock,50,7,92000,0.05061586506896134
CMAES,Rosenbrock,50,7,93000,0.015624303887459291
CMAES,Rosenbrock,50,7,94000,0.002973314562248271
CMAES,Rosenbrock,50,7,95000,0.00033294961902000466
CMAES,Rosenbrock,50,7,96000,2.7020991199849157e-05
CMAES,Rosenbrock,50,7,97000,1.2588991209635552e-06
CMAES,Rosenbrock,50,7,98000,7.295898582385348e-08
CMAES,Rosenbrock,50,7,99000,2.9283049643095354e-09
CMAES,Rosenbrock,50,7,100000,2.0200386995608658e-10
CMAES,Rosenbrock,50,7,101000,7.284361317419256e-12
CMAES,Rosenbrock,50,7,102000,5.18148859776622e-13
CMAES,Rosenbrock,50,7,103000,2.4349800529641694e-14
CMAES,Rosenbrock,50,8,1000,935710.1143418688
CMAES,Rosenbrock,50,8,2000,4650.566325301038
CMAES,Rosenbrock,50,8,3000,935.7590905658052
CMAES,Rosenbrock,50,8,4000,441.5565207459899
CMAES,Rosenbrock,50,8,5000,62.277405170448034
CMAES,Rosenbrock,50,8,6000,47.13087188410676
CMAES,Rosenbrock,50,8,7000,46.45348130458942
CMAES,Rosenbrock,50,8,8000,45.76425422968267
CMAES,Rosenbrock,50,8,9000,44.69262176226348
CMAES,Rosenbrock,50,8,10000,43.92398470438055
CMAES,Rosenbrock,50,8,11000,43.151166259324725
CMAES,Rosenbrock,50,8,12000,42.273914927962295
CMAES,Rosenbrock,50,8,13000,41.48251832155271
CMAES,Rosenbrock,50,8,14000,40.598179764996914
CMAES,Rosenbrock,50,8,15000,40.05116844965837
CMAES,Rosenbrock,50,8,16000,39.35141270449549
CMAES,Rosenbrock,50,8,17000,38.75163099033942
CMAES,Rosenbrock,50,8,18000,38.0424399928037
CMAES,Rosenbrock,50,8,19000,37.41620260642214
CMAES,Rosenbrock,50,8,20000,36.809200521055715
CMAES,Rosenbrock,50,8,21000,36.249326468349224
CMAES,Rosenbrock,50,8,22000,35.67223036478592
CMAES,Rosenbrock,50,8,23000,35.005068575005396
CMAES,Rosenbrock,50,8,24000,34.359834544227525
CMAES,Rosenbrock,50,8,25000,33.844704293559886
CMAES,Rosenbrock,50,8,26000,33.16173067001281
CMAES,Rosenbrock,50,8,27000,32.55456589524906
CMAES,Rosenbrock,50,8,28000,31.9994292066363
CMAES,Rosenbrock,50,8,29000,31.450233287803034
CMAES,Rosenbrock,50,8,30000,30.821111131645704
CMAES,Rosenbrock,50,8,31000,30.201642772004732
CMAES,Rosenbrock,50,8,32000,29.52249130742001
CMAES,Rosenbrock,50,8,33000,29.02572813581942
CMAES,Rosenbrock,50,8,34000,28.369363453405033
CMAES,Rosenbrock,50,8,35000,27.70843522683497
CMAES,Rosenbrock,50,8,36000,27.12430887833036
CMAES,Rosenbrock,50,8,37000,26.446788514799845
CMAES,Rosenbrock,50,8,38000,25.885503171916955
CMAES,Rosenbrock,50,8,39000,25.391214095473764
CMAES,Rosenbrock,50,8,40000,24.92877532653132
CMAES,Rosenbrock,50,8,41000,24.389607248341687
CMAES,Rosenbrock,50,8,42000,23.840468793536335
CMAES,Rosenbrock,50,8,43000,23.32903650559017
CMAES,Rosenbrock,50,8,44000,22.894336531918754
CMAES,Rosenbrock,50,8,45000,22.457444223342048
CMAES,Rosenbrock,50,8,46000,21.897506072507444
CMAES,Rosenbrock,50,8,47000,21.34358080426462
CMAES,Rosenbrock,50,8,48000,20.912083384138548
CMAES,Rosenbrock,50,8,49000,20.326970682392677
CMAES,Rosenbrock,50,8,50000,19.81737452595213
CMAES,Rosenbrock,50,8,51000,19.35253370259337
CMAES,Rosenbrock,50,8,52000,18.80809918321998
CMAES,Rosenbrock,50,8,53000,18.26060023355363
CMAES,Rosenbrock,50,8,54000,17.764715282350632
CMAES,Rosenbrock,50,8,55000,17.13691141339015
CMAES,Rosenbrock,50,8,56000,16.568623255114993
CMAES,Rosenbrock,50,8,57000,16.137311851051827
CMAES,Rosenbrock,50,8,58000,15.56571562544189
CMAES,Rosenbrock,50,8,59000,15.002607073475753
CMAES,Rosenbrock,50,8,60000,14.441422135947127
CMAES,Rosenbrock,50,8,61000,13.815579227274405
CMAES,Rosenbrock,50,8,62000,13.31995943205431
CMAES,Rosenbrock,50,8,63000,12.827903140854199
CMAES,Rosenbrock,50,8,64000,12.256025204252257
CMAES,Rosenbrock,50,8,65000,11.709340152508398
CMAES,Rosenbrock,50,8,66000,11.159521759150543
CMAES,Rosenbrock,50,8,67000,10.567937619579173
CMAES,Rosenbrock,50,8,68000,9.924968202527022
CMAES,Rosenbrock,50,8,69000,9.406234479955412
CMAES,Rosenbrock,50,8,70000,8.969676727886695
CMAES,Rosenbrock,50,8,71000,8.416812045437712
CMAES,Rosenbrock,50,8,72000,7.921386943020803
CMAES,Rosenbrock,50,8,73000,7.262107783653283
CMAES,Rosenbrock,50,8,74000,6.754847914195738
CMAES,Rosenbrock,50,8,75000,6.17589756698022
CMAES,Rosenbrock,50,8,76000,5.585444621205659
CMAES,Rosenbrock,50,8,77000,5.1180516876667745
CMAES,Rosenbrock,50,8,78000,4.5214150271759825
CMAES,Rosenbrock,50,8,79000,4.005501841391036
CMAES,Rosenbrock,50,8,80000,3.3844803743669916
CMAES,Rosenbrock,50,8,81000,2.8808205642450884
CMAES,Rosenbrock,50,8,82000,2.3699756506219045
CMAES,Rosenbrock,50,8,83000,1.9965791872689156
CMAES,Rosenbrock,50,8,84000,1.5902671309407084
CMAES,Rosenbrock,50,8,85000,1.1699513060627234
CMAES,Rosenbrock,50,8,86000,0.827677302513656
CMAES,Rosenbrock,50,8,87000,0.5688708339287197
CMAES,Rosenbrock,50,8,88000,0.38136321953355057
CMAES,Rosenbrock,50,8,89000,0.1818777402901311
CMAES,Rosenbrock,50,8,90000,0.0788077702785015
CMAES,Rosenbrock,50,8,91000,0.02807577717761206
CMAES,Rosenbrock,50,8,92000,0.00498585123935105
CMAES,Rosenbrock,50,8,93000,0.0005428266286627133
CMAES,Rosenbrock,50,8,94000,5.080434877843541e-05
CMAES,Rosenbrock,50,8,95000,4.3932536035259756e-06
CMAES,Rosenbrock,50,8,96000,1.524070992759081e-07
CMAES,Rosenbrock,50,8,97000,1.1532636330651546e-08
CMAES,Rosenbrock,50,8,98000,7.696283034828932e-10
CMAES,Rosenbrock,50,8,99000,2.969014991287627e-11
CMAES,Rosenbrock,50,8,100000,1.5327276462716863e-12
CMAES,Rosenbrock,50,8,101000,8.166561323548391e-14
CMAES,Rosenbrock,50,8,102000,2.861981097636493e-15
CMAES,Rosenbrock,50,9,1000,476300.37277663994
CMAES,Rosenbrock,50,9,2000,1764.8067440315162
CMAES,Rosenbrock,50,9,3000,216.51549255992745
CMAES,Rosenbrock,50,9,4000,123.98433154662888
CMAES,Rosenbrock,50,9,5000,107.93144625109218
CMAES,Rosenbrock,50,9,6000,54.353466891355104
CMAES,Rosenbrock,50,9,7000,47.95485574538505
CMAES,Rosenbrock,50,9,8000,47.56390304949324
CMAES,Rosenbrock,50,9,9000,47.173079625823874
CMAES,Rosenbrock,50,9,10000,46.43373485856977
CMAES,Rosenbrock,50,9,11000,45.709569462030814
CMAES,Rosenbrock,50,9,12000,44.96424511486499
CMAES,Rosenbrock,50,9,13000,44.18313947199753
CMAES,Rosenbrock,50,9,14000,43.545027480850116
CMAES,Rosenbrock,50,9,15000,42.99405445806774
CMAES,Rosenbrock,50,9,16000,42.30203445710191
CMAES,Rosenbrock,50,9,17000,41.55318740075025
CMAES,Rosenbrock,50,9,18000,40.809770254823704
CMAES,Rosenbrock,50,9,19000,40.132920256658885
CMAES,Rosenbrock,50,9,20000,39.59200544757795
CMAES,Rosenbrock,50,9,21000,38.88711527213727
CMAES,Rosenbrock,50,9,22000,38.189940220782226
CMAES,Rosenbrock,50,9,23000,37.691076911208356
CMAES,Rosenbrock,50,9,24000,37.03056112932558
CMAES,Rosenbrock,50,9,25000,36.48428653658135
CMAES,Rosenbrock,50,9,26000,35.821121448289894
CMAES,Rosenbrock,50,9,27000,35.247212086533104
CMAES,Rosenbrock,50,9,28000,34.75645571037238
CMAES,Rosenbrock,50,9,29000,34.16171244876766
CMAES,Rosenbrock,50,9,30000,33.582599686352815
CMAES,Rosenbrock,50,9,31000,33.01262263396499
CMAES,Rosenbrock,50,9,32000,32.34239568106424
CMAES,Rosenbrock,50,9,33000,31.769491617187803
CMAES,Rosenbrock,50,9,34000,31.240877127386675
CMAES,Rosenbrock,50,9,35000,30.646758956144705
CMAES,Rosenbrock,50,9,36000,30.075937280127153
CMAES,Rosenbrock,50,9,37000,29.437533105008143
CMAES,Rosenbrock,50,9,38000,28.920504971755257
CMAES,Rosenbrock,50,9,39000,28.452044958660796
CMAES,Rosenbrock,50,9,40000,27.955516063584508
CMAES,Rosenbrock,50,9,41000,27.46310056358489
CMAES,Rosenbrock,50,9,42000,26.880777046776885
CMAES,Rosenbrock,50,9,43000,26.333139883008897
CMAES,Rosenbrock,50,9,44000,25.847679932602748
CMAES,Rosenbrock,50,9,45000,25.250526778576923
CMAES,Rosenbrock,50,9,46000,24.646673458029472
CMAES,Rosenbrock,50,9,47000,24.078376692612718
CMAES,Rosenbrock,50,9,48000,23.47899497636476
CMAES,Rosenbrock,50,9,49000,22.885724150309755
CMAES,Rosenbrock,50,9,50000,22.353515616887712
CMAES,Rosenbrock,50,9,51000,21.780675967346593
CMAES,Rosenbrock,50,9,52000,21.309724220708745
CMAES,Rosenbrock,50,9,53000,20.71021598519418
CMAES,Rosenbrock,50,9,54000,20.204334245348196
CMAES,Rosenbrock,50,9,55000,19.748682179677637
CMAES,Rosenbrock,50,9,56000,19.34690708548475
CMAES,Rosenbrock,50,9,57000,18.788050809298706
CMAES,Rosenbrock,50,9,58000,18.265782068346986
CMAES,Rosenbrock,50,9,59000,17.761962354525956
CMAES,Rosenbrock,50,9,60000,17.318042806798523
CMAES,Rosenbrock,50,9,61000,16.900715510340753
CMAES,Rosenbrock,50,9,62000,16.369386770038705
CMAES,Rosenbrock,50,9,63000,15.764678560325795
CMAES,Rosenbrock,50,9,64000,15.003822608797442
CMAES,Rosenbrock,50,9,65000,14.400119055182738
CMAES,Rosenbrock,50,9,66000,13.861143712895467
CMAES,Rosenbrock,50,9,67000,13.197471307540972
CMAES,Rosenbrock,50,9,68000,12.65200553893214
CMAES,Rosenbrock,50,9,69000,12.23607525098178
CMAES,Rosenbrock,50,9,70000,11.788821756932837
CMAES,Rosenbrock,50,9,71000,11.229132206735136
CMAES,Rosenbrock,50,9,72000,10.624052135276184
CMAES,Rosenbrock,50,9,73000,10.047163745676587
CMAES,Rosenbrock,50,9,74000,9.532907614877686
CMAES,Rosenbrock,50,9,75000,8.870592699067474
CMAES,Rosenbrock,50,9,76000,8.414109624365746
CMAES,Rosenbrock,50,9,77000,7.928735002016828
CMAES,Rosenbrock,50,9,78000,7.360202931949493
CMAES,Rosenbrock,50,9,79000,6.753674193357266
CMAES,Rosenbrock,50,9,80000,6.181948205263476
CMAES,Rosenbrock,50,9,81000,5.728132997641428
CMAES,Rosenbrock,50,9,82000,5.24431833961593
CMAES,Rosenbrock,50,9,83000,4.88122223247011
CMAES,Rosenbrock,50,9,84000,4.5733589426322885
CMAES,Rosenbrock,50,9,85000,4.363323091432525
CMAES,Rosenbrock,50,9,86000,4.211153365318408
CMAES,Rosenbrock,50,9,87000,4.095333601031325
CMAES,Rosenbrock,50,9,88000,4.029935553966815
CMAES,Rosenbrock,50,9,89000,3.99497254103034
CMAES,Rosenbrock,50,9,90000,3.988306874835887
CMAES,Rosenbrock,50,9,91000,3.98678338934518
CMAES,Rosenbrock,50,9,92000,3.986635614012387
CMAES,Rosenbrock,50,9,93000,3.986624816745866
CMAES,Rosenbrock,50,9,94000,3.9866239160751227
CMAES,Rosenbrock,50,9,95000,3.986623858532151
CMAES,Rosenbrock,50,9,96000,3.986623854537581
CMAES,Rosenbrock,50,9,97000,3.986623854307949
CMAES,Rosenbrock,50,9,98000,3.9866238543012806
CMAES,Rosenbrock,50,9,99000,3.986623854300942
CMAES,Rosenbrock,100,0,1000,39204793.51275123
CMAES,Rosenbrock,100,0,2000,1422812.5371235975
CMAES,Rosenbrock,100,0,3000,26413.82985978064
CMAES,Rosenbrock,100,0,4000,3216.4835376601923
CMAES,Rosenbrock,100,0,5000,862.122697678507
CMAES,Rosenbrock,100,0,6000,400.3800894161493
CMAES,Rosenbrock,100,0,7000,255.66793273080506
CMAES,Rosenbrock,100,0,8000,213.65588476541828
CMAES,Rosenbrock,100,0,9000,203.38032378498738
CMAES,Rosenbrock,100,0,10000,201.21202423427877
CMAES,Rosenbrock,100,0,11000,200.61093029522343
CMAES,Rosenbrock,100,0,12000,200.30895945413715
CMAES,Rosenbrock,100,0,13000,199.9873631810136
CMAES,Rosenbrock,100,0,14000,199.35521636858246
CMAES,Rosenbrock,100,0,15000,197.15839615213648
CMAES,Rosenbrock,100,0,16000,192.4295732508096
CMAES,Rosenbrock,100,0,17000,183.58830874484434
CMAES,Rosenbrock,100,0,18000,167.38102378645945
CMAES,Rosenbrock,100,0,19000,137.7168019452621
CMAES,Rosenbrock,100,0,20000,108.96296540004374
CMAES,Rosenbrock,100,0,21000,98.73240216876944
CMAES,Rosenbrock,100,0,22000,97.04434229210987
CMAES,Rosenbrock,100,0,23000,95.4914413079715
CMAES,Rosenbrock,100,0,24000,95.08129171226308
CMAES,Rosenbrock,100,0,25000,94.88342157306418
CMAES,Rosenbrock,100,0,26000,94.73505841664438
CMAES,Rosenbrock,100,0,27000,94.53208521701285
CMAES,Rosenbrock,100,0,28000,94.2632973993
CMAES,Rosenbrock,100,0,29000,93.97148699294672
CMAES,Rosenbrock,100,0,30000,93.56077667214986
CMAES,Rosenbrock,100,0,31000,93.19606865641165
CMAES,Rosenbrock,100,0,32000,92.79443326579812
CMAES,Rosenbrock,100,0,33000,92.45099344087419
CMAES,Rosenbrock,100,0,34000,92.08973519783632
CMAES,Rosenbrock,100,0,35000,91.72154873789998
CMAES,Rosenbrock,100,0,36000,91.32881370244702
CMAES,Rosenbrock,100,0,37000,90.93933312184382
CMAES,Rosenbrock,100,0,38000,90.57334482462919
CMAES,Rosenbrock,100,0,39000,90.26019137411286
CMAES,Rosenbrock,100,0,40000,89.92149291561786
CMAES,Rosenbrock,100,0,41000,89.54951801667256
CMAES,Rosenbrock,100,0,42000,89.15691047240932
CMAES,Rosenbrock,100,0,43000,88.84536478898337
CMAES,Rosenbrock,100,0,44000,88.52295049372017
CMAES,Rosenbrock,100,0,45000,88.17995776068706
CMAES,Rosenbrock,100,0,46000,87.85708546143236
CMAES,Rosenbrock,100,0,47000,87.47854999772197
CMAES,Rosenbrock,100,0,48000,87.20030491556348
CMAES,Rosenbrock,100,0,49000,86.89725149841917
CMAES,Rosenbrock,100,0,50000,86.55892788216337
CMAES,Rosenbrock,100,0,51000,86.20085366461456
CMAES,Rosenbrock,100,0,52000,85.88662653875718
CMAES,Rosenbrock,100,0,53000,85.57786548331283
CMAES,Rosenbrock,100,0,54000,85.20995991604535
CMAES,Rosenbrock,100,0,55000,84.91217870432918
CMAES,Rosenbrock,100,0,56000,84.6402490400497
CMAES,Rosenbrock,100,0,57000,84.28711022437699
CMAES,Rosenbrock,100,0,58000,83.97012622095616
CMAES,Rosenbrock,100,0,59000,83.66087735424033
CMAES,Rosenbrock,100,0,60000,83.35846716594892
CMAES,Rosenbrock,100,0,61000,83.02138568197918
CMAES,Rosenbrock,100,0,62000,82.74007053571907
CMAES,Rosenbrock,100,0,63000,82.40797318683646
CMAES,Rosenbrock,100,0,64000,82.15894169865713
CMAES,Rosenbrock,100,0,65000,81.86940581091372
CMAES,Rosenbrock,100,0,66000,81.52155988015097
CMAES,Rosenbrock,100,0,67000,81.2016538862487
CMAES,Rosenbrock,100,0,68000,80.89860614283353
CMAES,Rosenbrock,100,0,69000,80.59648150528994
CMAES,Rosenbrock,100,0,70000,80.34304976639287
CMAES,Rosenbrock,100,0,71000,80.03082227476241
CMAES,Rosenbrock,100,0,72000,79.7084019356354
CMAES,Rosenbrock,100,0,73000,79.39085415667158
CMAES,Rosenbrock,100,0,74000,79.02465000596897
CMAES,Rosenbrock,100,0,75000,78.7787461678844
CMAES,Rosenbrock,100,0,76000,78.45420317808976
CMAES,Rosenbrock,100,0,77000,78.2505795466043
CMAES,Rosenbrock,100,0,78000,77.96386892356698
CMAES,Rosenbrock,100,0,79000,77.71565734116705
CMAES,Rosenbrock,100,0,80000,77.42557810942137
CMAES,Rosenbrock,100,0,81000,77.14587646856816
CMAES,Rosenbrock,100,0,82000,76.86945980652273
CMAES,Rosenbrock,100,0,83000,76.63133450024249
CMAES,Rosenbrock,100,0,84000,76.34241013020842
CMAES,Rosenbrock,100,0,85000,76.07697319428637
CMAES,Rosenbrock,100,0,86000,75.81438005270144
CMAES,Rosenbrock,100,0,87000,75.56930032402845
CMAES,Rosenbrock,100,0,88000,75.29935965597433
CMAES,Rosenbrock,100,0,89000,75.01913004333557
CMAES,Rosenbrock,100,0,90000,74.73193742899963
CMAES,Rosenbrock,100,0,91000,74.53786580791905
CMAES,Rosenbrock,100,0,92000,74.26089108832726
CMAES,Rosenbrock,100,0,93000,73.98125265970897
CMAES,Rosenbrock,100,0,94000,73.73434711794269
CMAES,Rosenbrock,100,0,95000,73.42016719907623
CMAES,Rosenbrock,100,0,96000,73.16389199138965
CMAES,Rosenbrock,100,0,97000,72.83779971852907
CMAES,Rosenbrock,100,0,98000,72.61588697649289
CMAES,Rosenbrock,100,0,99000,72.32126740020404
CMAES,Rosenbrock,100,0,100000,72.05685699695005
CMAES,Rosenbrock,100,0,101000,71.75841665271112
CMAES,Rosenbrock,100,0,102000,71.4774183550339
CMAES,Rosenbrock,100,0,103000,71.21633200767432
CMAES,Rosenbrock,100,0,104000,70.95162005532919
CMAES,Rosenbrock,100,0,105000,70.68126913709567
CMAES,Rosenbrock,100,0,106000,70.41599380237629
CMAES,Rosenbrock,100,0,107000,70.14515424634321
CMAES,Rosenbrock,100,0,108000,69.89159260323258
CMAES,Rosenbrock,100,0,109000,69.63026235965394
CMAES,Rosenbrock,100,0,110000,69.3825338332104
CMAES,Rosenbrock,100,0,111000,69.10354303116357
CMAES,Rosenbrock,100,0,112000,68.90014683247297
CMAES,Rosenbrock,100,0,113000,68.6451764389924
CMAES,Rosenbrock,100,0,114000,68.34701641119509
CMAES,Rosenbrock,100,0,115000,68.03240605615657
CMAES,Rosenbrock,100,0,116000,67.84920821476521
CMAES,Rosenbrock,100,0,117000,67.54171952674997
CMAES,Rosenbrock,100,0,118000,67.34002059543272
CMAES,Rosenbrock,100,0,119000,67.09528941539284
CMAES,Rosenbrock,100,0,120000,66.80954081824078
CMAES,Rosenbrock,100,0,121000,66.5511195466801
CMAES,Rosenbrock,100,0,122000,66.27308448323193
CMAES,Rosenbrock,100,0,123000,66.01944249436919
CMAES,Rosenbrock,100,0,124000,65.77884249384421
CMAES,Rosenbrock,100,0,125000,65.52900407605907
CMAES,Rosenbrock,100,0,126000,65.32171405828713
CMAES,Rosenbrock,100,0,127000,65.01750262727464
CMAES,Rosenbrock,100,0,128000,64.72517887603713
CMAES,Rosenbrock,100,0,129000,64.44650782247152
CMAES,Rosenbrock,100,0,130000,64.18768498714536
CMAES,Rosenbrock,100,0,131000,63.93102358426406
CMAES,Rosenbrock,100,0,132000,63.614666449860465
CMAES,Rosenbrock,100,0,133000,63.29954699179133
CMAES,Rosenbrock,100,0,134000,63.02667606094092
CMAES,Rosenbrock,100,0,135000,62.711172947500344
CMAES,Rosenbrock,100,0,136000,62.504969931752875
CMAES,Rosenbrock,100,0,137000,62.23784537656315
CMAES,Rosenbrock,100,0,138000,61.99399096124811
CMAES,Rosenbrock,100,0,139000,61.74597303012079
CMAES,Rosenbrock,100,0,140000,61.464107598989244
CMAES,Rosenbrock,100,0,141000,61.23296758902204
CMAES,Rosenbrock,100,0,142000,60.98725493740515
CMAES,Rosenbrock,100,0,143000,60.74189760527766
CMAES,Rosenbrock,100,0,144000,60.486054677103695
CMAES,Rosenbrock,100,0,145000,60.199788537054104
CMAES,Rosenbrock,100,0,146000,59.92154145332745
CMAES,Rosenbrock,100,0,147000,59.62848764678071
CMAES,Rosenbrock,100,0,148000,59.36078618219144
CMAES,Rosenbrock,100,0,149000,59.11778325498012
CMAES,Rosenbrock,100,0,150000,58.921089476277565
CMAES,Rosenbrock,100,0,151000,58.71546541160945
CMAES,Rosenbrock,100,0,152000,58.49026072804972
CMAES,Rosenbrock,100,0,153000,58.17789640621381
CMAES,Rosenbrock,100,0,154000,57.95202403136437
CMAES,Rosenbrock,100,0,155000,57.73798403044295
CMAES,Rosenbrock,100,0,156000,57.49385574519992
CMAES,Rosenbrock,100,0,157000,57.224946506090895
CMAES,Rosenbrock,100,0,158000,56.94313387835466
CMAES,Rosenbrock,100,0,159000,56.658261546060295
CMAES,Rosenbrock,100,0,160000,56.37313870234979
CMAES,Rosenbrock,100,0,161000,56.10664839269891
CMAES,Rosenbrock,100,0,162000,55.80991295986951
CMAES,Rosenbrock,100,0,163000,55.59758285961689
CMAES,Rosenbrock,100,0,164000,55.39291262832382
CMAES,Rosenbrock,100,0,165000,55.16763779582992
CMAES,Rosenbrock,100,0,166000,54.9076669709429
CMAES,Rosenbrock,100,0,167000,54.64821415725789
CMAES,Rosenbrock,100,0,168000,54.387501847091585
CMAES,Rosenbrock,100,0,169000,54.12994048901193
CMAES,Rosenbrock,100,0,170000,53.87121829261811
CMAES,Rosenbrock,100,0,171000,53.57484184257649
CMAES,Rosenbrock,100,0,172000,53.35458797919599
CMAES,Rosenbrock,100,0,173000,53.13552059932924
CMAES,Rosenbrock,100,0,174000,52.877650612950994
CMAES,Rosenbrock,100,0,175000,52.61556012297026
CMAES,Rosenbrock,100,0,176000,52.38392744047397
CMAES,Rosenbrock,100,0,177000,52.12514903568801
CMAES,Rosenbrock,100,0,178000,51.87767505273148
CMAES,Rosenbrock,100,0,179000,51.642409367799544
CMAES,Rosenbrock,100,0,180000,51.42004001181954
CMAES,Rosenbrock,100,0,181000,51.17494609526845
CMAES,Rosenbrock,100,0,182000,50.91048763716389
CMAES,Rosenbrock,100,0,183000,50.6361906231062
CMAES,Rosenbrock,100,0,184000,50.366442771483314
CMAES,Rosenbrock,100,0,185000,50.118208503989145
CMAES,Rosenbrock,100,0,186000,49.85739109983826
CMAES,Rosenbrock,100,0,187000,49.628190675404674
CMAES,Rosenbrock,100,0,188000,49.39329570658665
CMAES,Rosenbrock,100,0,189000,49.190226372184526
CMAES,Rosenbrock,100,0,190000,48.932215707180035
CMAES,Rosenbrock,100,0,191000,48.731104466732575
CMAES,Rosenbrock,100,0,192000,48.495550176958474
CMAES,Rosenbrock,100,0,193000,48.23312627017516
CMAES,Rosenbrock,100,0,194000,47.98663539981364
CMAES,Rosenbrock,100,0,195000,47.69736322100002
CMAES,Rosenbrock,100,0,196000,47.465765723649554
CMAES,Rosenbrock,100,0,197000,47.17235028518708
CMAES,Rosenbrock,100,0,198000,46.896407347339924
CMAES,Rosenbrock,100,0,199000,46.66351302820279
CMAES,Rosenbrock,100,0,200000,46.44229499342556
CMAES,Rosenbrock,100,0,201000,46.160417054540694
CMAES,Rosenbrock,100,0,202000,45.938066296102456
CMAES,Rosenbrock,100,0,203000,45.66425994730698
CMAES,Rosenbrock,100,0,204000,45.39808726524111
CMAES,Rosenbrock,100,0,205000,45.173869442821264
CMAES,Rosenbrock,100,0,206000,44.95135168173906
CMAES,Rosenbrock,100,0,207000,44.731810396159844
CMAES,Rosenbrock,100,0,208000,44.543014463242045
CMAES,Rosenbrock,100,0,209000,44.33075037302192
CMAES,Rosenbrock,100,0,210000,44.07497112308021
CMAES,Rosenbrock,100,0,211000,43.87786174410084
CMAES,Rosenbrock,100,0,212000,43.607976940866415
CMAES,Rosenbrock,100,0,213000,43.35619786737168
CMAES,Rosenbrock,100,0,214000,43.100140112318755
CMAES,Rosenbrock,100,0,215000,42.892945479772074
CMAES,Rosenbrock,100,0,216000,42.65592246035706
CMAES,Rosenbrock,100,0,217000,42.47492908893025
CMAES,Rosenbrock,100,0,218000,42.25790313338755
CMAES,Rosenbrock,100,0,219000,42.03040253181388
CMAES,Rosenbrock,100,0,220000,41.74002223660986
CMAES,Rosenbrock,100,0,221000,41.491204824884825
CMAES,Rosenbrock,100,0,222000,41.2709752593753
CMAES,Rosenbrock,100,0,223000,41.07818803065101
CMAES,Rosenbrock,100,0,224000,40.81293019270245
CMAES,Rosenbrock,100,0,225000,40.52395575573861
CMAES,Rosenbrock,100,0,226000,40.291914242982884
CMAES,Rosenbrock,100,0,227000,40.06507322507179
CMAES,Rosenbrock,100,0,228000,39.81663852868548
CMAES,Rosenbrock,100,0,229000,39.600430848575186
CMAES,Rosenbrock,100,0,230000,39.34775860651025
CMAES,Rosenbrock,100,0,231000,39.159370737081886
CMAES,Rosenbrock,100,0,232000,38.91273870171582
CMAES,Rosenbrock,100,0,233000,38.652772375696344
CMAES,Rosenbrock,100,0,234000,38.37101710848233
CMAES,Rosenbrock,100,0,235000,38.11410979743064
CMAES,Rosenbrock,100,0,236000,37.871215000759165
CMAES,Rosenbrock,100,0,237000,37.64067692281311
CMAES,Rosenbrock,100,0,238000,37.38699294960563
CMAES,Rosenbrock,100,0,239000,37.14568586435215
CMAES,Rosenbrock,100,0,240000,36.895318037189796
CMAES,Rosenbrock,100,0,241000,36.744978377324635
CMAES,Rosenbrock,100,0,242000,36.51064978515325
CMAES,Rosenbrock,100,0,243000,36.30541804005675
CMAES,Rosenbrock,100,0,244000,36.08025065691421
CMAES,Rosenbrock,100,0,245000,35.84548142493958
CMAES,Rosenbrock,100,0,246000,35.57607441429857
CMAES,Rosenbrock,100,0,247000,35.318248688394725
CMAES,Rosenbrock,100,0,248000,35.091131430153595
CMAES,Rosenbrock,100,0,249000,34.8134381698173
CMAES,Rosenbrock,100,0,250000,34.59739484827815
CMAES,Rosenbrock,100,0,251000,34.35365383510624
CMAES,Rosenbrock,100,0,252000,34.17748677722262
CMAES,Rosenbrock,100,0,253000,33.935610219871926
CMAES,Rosenbrock,100,0,254000,33.73188120956278
CMAES,Rosenbrock,100,0,255000,33.47485291823328
CMAES,Rosenbrock,100,0,256000,33.22332869921459
CMAES,Rosenbrock,100,0,257000,33.000896819100205
CMAES,Rosenbrock,100,0,258000,32.78703146605726
CMAES,Rosenbrock,100,0,259000,32.55457253290834
CMAES,Rosenbrock,100,0,260000,32.291717870064076
CMAES,Rosenbrock,100,0,261000,32.03517247244711
CMAES,Rosenbrock,100,0,262000,31.79978560577976
CMAES,Rosenbrock,100,0,263000,31.554370143609994
CMAES,Rosenbrock,100,0,264000,31.274217744873773
CMAES,Rosenbrock,100,0,265000,31.054834585184963
CMAES,Rosenbrock,100,0,266000,30.83223400039673
CMAES,Rosenbrock,100,0,267000,30.641306186113177
CMAES,Rosenbrock,100,0,268000,30.331684172359413
CMAES,Rosenbrock,100,0,269000,30.08891172186292
CMAES,Rosenbrock,100,0,270000,29.8761511789521
CMAES,Rosenbrock,100,0,271000,29.604012741042844
CMAES,Rosenbrock,100,0,272000,29.356634745803003
CMAES,Rosenbrock,100,0,273000,29.096938247032515
CMAES,Rosenbrock,100,0,274000,28.881947920576682
CMAES,Rosenbrock,100,0,275000,28.62575981272953
CMAES,Rosenbrock,100,0,276000,28.416951276697404
CMAES,Rosenbrock,100,0,277000,28.135240336637462
CMAES,Rosenbrock,100,0,278000,27.972875264801747
CMAES,Rosenbrock,100,0,279000,27.745277945764972
CMAES,Rosenbrock,100,0,280000,27.49805367265172
CMAES,Rosenbrock,100,0,281000,27.317244566988254
CMAES,Rosenbrock,100,0,282000,27.093753772625483
CMAES,Rosenbrock,100,0,283000,26.858192498750824
CMAES,Rosenbrock,100,0,284000,26.605322743681043
CMAES,Rosenbrock,100,0,285000,26.313704517826302
CMAES,Rosenbrock,100,0,286000,26.06920863943864
CMAES,Rosenbrock,100,0,287000,25.877108435220183
CMAES,Rosenbrock,100,0,288000,25.634100305997165
CMAES,Rosenbrock,100,0,289000,25.415023613814473
CMAES,Rosenbrock,100,0,290000,25.197467123799203
CMAES,Rosenbrock,100,0,291000,24.912731562305414
CMAES,Rosenbrock,100,0,292000,24.678861147134764
CMAES,Rosenbrock,100,0,293000,24.401420502458173
CMAES,Rosenbrock,100,0,294000,24.18626408396176
CMAES,Rosenbrock,100,0,295000,23.942034487247092
CMAES,Rosenbrock,100,0,296000,23.732642121347112
CMAES,Rosenbrock,100,0,297000,23.49908809450622
CMAES,Rosenbrock,100,0,298000,23.257958711975796
CMAES,Rosenbrock,100,0,299000,23.02552673795982
CMAES,Rosenbrock,100,0,300000,22.773940066744643
CMAES,Rosenbrock,100,0,301000,22.568851866075335
CMAES,Rosenbrock,100,0,302000,22.36247460187932
CMAES,Rosenbrock,100,0,303000,22.116681070921942
CMAES,Rosenbrock,100,0,304000,21.88227010370919
CMAES,Rosenbrock,100,0,305000,21.69066974818732
CMAES,Rosenbrock,100,0,306000,21.493021320629268
CMAES,Rosenbrock,100,0,307000,21.23049530373817
CMAES,Rosenbrock,100,0,308000,20.95229190178177
CMAES,Rosenbrock,100,0,309000,20.74990834781117
CMAES,Rosenbrock,100,0,310000,20.54508437559594
CMAES,Rosenbrock,100,0,311000,20.29423900958946
CMAES,Rosenbrock,100,0,312000,20.085551189969223
CMAES,Rosenbrock,100,0,313000,19.889475922293418
CMAES,Rosenbrock,100,0,314000,19.67163670525156
CMAES,Rosenbrock,100,0,315000,19.430308739060823
CMAES,Rosenbrock,100,0,316000,19.1777026623219
CMAES,Rosenbrock,100,0,317000,18.993044484808706
CMAES,Rosenbrock,100,0,318000,18.761075537429434
CMAES,Rosenbrock,100,0,319000,18.502578925028523
CMAES,Rosenbrock,100,0,320000,18.301024219645573
CMAES,Rosenbrock,100,0,321000,18.090641355589643
CMAES,Rosenbrock,100,0,322000,17.7965178094129
CMAES,Rosenbrock,100,0,323000,17.542225392740686
CMAES,Rosenbrock,100,0,324000,17.244446056622625
CMAES,Rosenbrock,100,0,325000,17.014664291648
CMAES,Rosenbrock,100,0,326000,16.773420284941725
CMAES,Rosenbrock,100,0,327000,16.535762754055817
CMAES,Rosenbrock,100,0,328000,16.325510556332038
CMAES,Rosenbrock,100,0,329000,16.118483894981715
CMAES,Rosenbrock,100,0,330000,15.900167055658816
CMAES,Rosenbrock,100,0,331000,15.690408600395553
CMAES,Rosenbrock,100,0,332000,15.480117096867126
CMAES,Rosenbrock,100,0,333000,15.235960913594
CMAES,Rosenbrock,100,0,334000,14.945829590973624
CMAES,Rosenbrock,100,0,335000,14.706409455445657
CMAES,Rosenbrock,100,0,336000,14.450275789620395
CMAES,Rosenbrock,100,0,337000,14.22471516617551
CMAES,Rosenbrock,100,0,338000,13.994000452866334
CMAES,Rosenbrock,100,0,339000,13.74101996673312
CMAES,Rosenbrock,100,0,340000,13.525698978036125
CMAES,Rosenbrock,100,0,341000,13.318025106331254
CMAES,Rosenbrock,100,0,342000,13.100298872644576
CMAES,Rosenbrock,100,0,343000,12.885625398807006
CMAES,Rosenbrock,100,0,344000,12.711429022451842
CMAES,Rosenbrock,100,0,345000,12.539918749907184
CMAES,Rosenbrock,100,0,346000,12.349758628717689
CMAES,Rosenbrock,100,0,347000,12.15764303527072
CMAES,Rosenbrock,100,0,348000,11.941838769352591
CMAES,Rosenbrock,100,0,349000,11.709536592812658
CMAES,Rosenbrock,100,0,350000,11.464853326919592
CMAES,Rosenbrock,100,0,351000,11.194856089669349
CMAES,Rosenbrock,100,0,352000,10.953372421052908
CMAES,Rosenbrock,100,0,353000,10.71230609315358
CMAES,Rosenbrock,100,0,354000,10.447763183762536
CMAES,Rosenbrock,100,0,355000,10.195277045143333
CMAES,Rosenbrock,100,0,356000,10.0058130758014
CMAES,Rosenbrock,100,0,357000,9.796642789200389
CMAES,Rosenbrock,100,0,358000,9.585927279595593
CMAES,Rosenbrock,100,0,359000,9.371021122283967
CMAES,Rosenbrock,100,0,360000,9.136693767729891
CMAES,Rosenbrock,100,0,361000,8.874938162027462
CMAES,Rosenbrock,100,0,362000,8.566048679314708
CMAES,Rosenbrock,100,0,363000,8.334500064314962
CMAES,Rosenbrock,100,0,364000,8.103990795065755
CMAES,Rosenbrock,100,0,365000,7.874161809075123
CMAES,Rosenbrock,100,0,366000,7.6826043967206505
CMAES,Rosenbrock,100,0,367000,7.452891318343518
CMAES,Rosenbrock,100,0,368000,7.220796525941235
CMAES,Rosenbrock,100,0,369000,7.022784403225819
CMAES,Rosenbrock,100,0,370000,6.778186296415149
CMAES,Rosenbrock,100,0,371000,6.549866762195886
CMAES,Rosenbrock,100,0,372000,6.280844343512469
CMAES,Rosenbrock,100,0,373000,6.0143934989299614
CMAES,Rosenbrock,100,0,374000,5.75567066187249
CMAES,Rosenbrock,100,0,375000,5.488096940741536
CMAES,Rosenbrock,100,0,376000,5.236637229897478
CMAES,Rosenbrock,100,0,377000,5.014500194253519
CMAES,Rosenbrock,100,0,378000,4.790851144137289
CMAES,Rosenbrock,100,0,379000,4.572164055475446
CMAES,Rosenbrock,100,0,380000,4.239796233111601
CMAES,Rosenbrock,100,0,381000,3.9361052936348604
CMAES,Rosenbrock,100,0,382000,3.669653071940563
CMAES,Rosenbrock,100,0,383000,3.384869922702468
CMAES,Rosenbrock,100,0,384000,3.149268808935309
CMAES,Rosenbrock,100,0,385000,2.8607944362319744
CMAES,Rosenbrock,100,0,386000,2.63321688182025
CMAES,Rosenbrock,100,0,387000,2.3926028131743706
CMAES,Rosenbrock,100,0,388000,2.135522379467042
CMAES,Rosenbrock,100,0,389000,1.8858030639446195
CMAES,Rosenbrock,100,0,390000,1.6803754213264324
CMAES,Rosenbrock,100,0,391000,1.4843919832477988
CMAES,Rosenbrock,100,0,392000,1.3236621708294571
CMAES,Rosenbrock,100,0,393000,1.161923270840387
CMAES,Rosenbrock,100,0,394000,1.006388961620268
CMAES,Rosenbrock,100,0,395000,0.838421857801137
CMAES,Rosenbrock,100,0,396000,0.6811879295404905
CMAES,Rosenbrock,100,0,397000,0.5675711918370401
CMAES,Rosenbrock,100,0,398000,0.4797008188062854
CMAES,Rosenbrock,100,0,399000,0.3942930450999495
CMAES,Rosenbrock,100,0,400000,0.3158275179786758
CMAES,Rosenbrock,100,0,401000,0.248066761774749
CMAES,Rosenbrock,100,0,402000,0.18442670646433623
CMAES,Rosenbrock,100,0,403000,0.13323419831323735
CMAES,Rosenbrock,100,0,404000,0.0928425291793269
CMAES,Rosenbrock,100,0,405000,0.05752755434382331
CMAES,Rosenbrock,100,0,406000,0.03590329850655273
CMAES,Rosenbrock,100,0,407000,0.020278190575957138
CMAES,Rosenbrock,100,0,408000,0.009218047506821352
CMAES,Rosenbrock,100,0,409000,0.0042959329137183195
CMAES,Rosenbrock,100,0,410000,0.001956146652896961
CMAES,Rosenbrock,100,0,411000,0.0006800661927017589
CMAES,Rosenbrock,100,0,412000,0.00021244496797810184
CMAES,Rosenbrock,100,0,413000,8.705978105245144e-05
CMAES,Rosenbrock,100,0,414000,2.667118514815405e-05
CMAES,Rosenbrock,100,0,415000,6.277818738145144e-06
CMAES,Rosenbrock,100,0,416000,1.514926322946383e-06
CMAES,Rosenbrock,100,0,417000,4.981827210460964e-07
CMAES,Rosenbrock,100,0,418000,1.4929838488465268e-07
CMAES,Rosenbrock,100,0,419000,4.957458541484249e-08
CMAES,Rosenbrock,100,0,420000,1.0650600321129313e-08
CMAES,Rosenbrock,100,0,421000,3.11334428214774e-09
CMAES,Rosenbrock,100,0,422000,5.845780759227429e-10
CMAES,Rosenbrock,100,0,423000,1.2786381836814248e-10
CMAES,Rosenbrock,100,0,424000,3.134502836555829e-11
CMAES,Rosenbrock,100,0,425000,6.652553164837859e-12
CMAES,Rosenbrock,100,0,426000,1.469947280228534e-12
CMAES,Rosenbrock,100,0,427000,4.035168079542485e-13
CMAES,Rosenbrock,100,0,428000,1.0521716776791403e-13
CMAES,Rosenbrock,100,0,429000,2.6912088805509728e-14
CMAES,Rosenbrock,100,1,1000,39306350.049554996
CMAES,Rosenbrock,100,1,2000,1124073.6020771791
CMAES,Rosenbrock,100,1,3000,38898.42805817324
CMAES,Rosenbrock,100,1,4000,3924.9564310919245
CMAES,Rosenbrock,100,1,5000,1846.9936457692365
CMAES,Rosenbrock,100,1,6000,1200.518912673519
CMAES,Rosenbrock,100,1,7000,922.7026297816979
CMAES,Rosenbrock,100,1,8000,585.5331452078716
CMAES,Rosenbrock,100,1,9000,212.54689632930294
CMAES,Rosenbrock,100,1,10000,120.94041679884128
CMAES,Rosenbrock,100,1,11000,100.8205757020794
CMAES,Rosenbrock,100,1,12000,98.02288695285203
CMAES,Rosenbrock,100,1,13000,97.63194658236725
CMAES,Rosenbrock,100,1,14000,97.42308930504379
CMAES,Rosenbrock,100,1,15000,97.12455533076952
CMAES,Rosenbrock,100,1,16000,96.62198417693469
CMAES,Rosenbrock,100,1,17000,96.1850822830868
CMAES,Rosenbrock,100,1,18000,95.64702975967101
CMAES,Rosenbrock,100,1,19000,95.10712620553565
CMAES,Rosenbrock,100,1,20000,94.63362960594448
CMAES,Rosenbrock,100,1,21000,94.0711852136969
CMAES,Rosenbrock,100,1,22000,93.6804540248494
CMAES,Rosenbrock,100,1,23000,93.25467287637544
CMAES,Rosenbrock,100,1,24000,92.78197446747748
CMAES,Rosenbrock,100,1,25000,92.38393424317636
CMAES,Rosenbrock,100,1,26000,92.005171849811
CMAES,Rosenbrock,100,1,27000,91.61928889980348
CMAES,Rosenbrock,100,1,28000,91.13560595118646
CMAES,Rosenbrock,100,1,29000,90.71079812565378
CMAES,Rosenbrock,100,1,30000,90.39381007677102
CMAES,Rosenbrock,100,1,31000,90.00413467112607
CMAES,Rosenbrock,100,1,32000,89.61374973092778
CMAES,Rosenbrock,100,1,33000,89.28068841963935
CMAES,Rosenbrock,100,1,34000,88.94728430080605
CMAES,Rosenbrock,100,1,35000,88.62110546515235
CMAES,Rosenbrock,100,1,36000,88.28765023181629
CMAES,Rosenbrock,100,1,37000,87.90875573094355
CMAES,Rosenbrock,100,1,38000,87.59062418088615
CMAES,Rosenbrock,100,1,39000,87.26695732884612
CMAES,Rosenbrock,100,1,40000,86.90354590882414
CMAES,Rosenbrock,100,1,41000,86.5981217594615
CMAES,Rosenbrock,100,1,42000,86.20916099899014
CMAES,Rosenbrock,100,1,43000,85.84500720843928
CMAES,Rosenbrock,100,1,44000,85.59962141798049
CMAES,Rosenbrock,100,1,45000,85.19707171362633
CMAES,Rosenbrock,100,1,46000,84.869542202079
CMAES,Rosenbrock,100,1,47000,84.55082309177637
CMAES,Rosenbrock,100,1,48000,84.23633701278354
CMAES,Rosenbrock,100,1,49000,83.91502943716343
CMAES,Rosenbrock,100,1,50000,83.58534144381925
CMAES,Rosenbrock,100,1,51000,83.26806070242449
CMAES,Rosenbrock,100,1,52000,82.95697191698436
CMAES,Rosenbrock,100,1,53000,82.62449828357644
CMAES,Rosenbrock,100,1,54000,82.29799501660811
CMAES,Rosenbrock,100,1,55000,82.00847744471264
CMAES,Rosenbrock,100,1,56000,81.69373726229735
CMAES,Rosenbrock,100,1,57000,81.43370624440902
CMAES,Rosenbrock,100,1,58000,81.11506457102061
CMAES,Rosenbrock,100,1,59000,80.89256297571426
CMAES,Rosenbrock,100,1,60000,80.62935865419124
CMAES,Rosenbrock,100,1,61000,80.32078441421875
CMAES,Rosenbrock,100,1,62000,79.95423767967672
CMAES,Rosenbrock,100,1,63000,79.68241847815203
CMAES,Rosenbrock,100,1,64000,79.38044903304018
CMAES,Rosenbrock,100,1,65000,79.19202572594078
CMAES,Rosenbrock,100,1,66000,78.85561595137938
CMAES,Rosenbrock,100,1,67000,78.59691612781009
CMAES,Rosenbrock,100,1,68000,78.27458463639461
CMAES,Rosenbrock,100,1,69000,77.90183936639511
CMAES,Rosenbrock,100,1,70000,77.624257731123
CMAES,Rosenbrock,100,1,71000,77.35853561500915
CMAES,Rosenbrock,100,1,72000,77.07231061764575
CMAES,Rosenbrock,100,1,73000,76.82025630961007
CMAES,Rosenbrock,100,1,74000,76.51452697170599
CMAES,Rosenbrock,100,1,75000,76.22839952271966
CMAES,Rosenbrock,100,1,76000,75.93976141774253
CMAES,Rosenbrock,100,1,77000,75.68176949762297
CMAES,Rosenbrock,100,1,78000,75.41209056066471
CMAES,Rosenbrock,100,1,79000,75.11396843654599
CMAES,Rosenbrock,100,1,80000,74.80019120426083
CMAES,Rosenbrock,100,1,81000,74.5048989315469
CMAES,Rosenbrock,100,1,82000,74.19309407746518
CMAES,Rosenbrock,100,1,83000,73.99073393167642
CMAES,Rosenbrock,100,1,84000,73.71602176602755
CMAES,Rosenbrock,100,1,85000,73.45739321862615
CMAES,Rosenbrock,100,1,86000,73.20657788121106
CMAES,Rosenbrock,100,1,87000,72.86807237639998
CMAES,Rosenbrock,100,1,88000,72.6104711466822
CMAES,Rosenbrock,100,1,89000,72.37048481873002
CMAES,Rosenbrock,100,1,90000,72.05246573833361
CMAES,Rosenbrock,100,1,91000,71.77258428522147
CMAES,Rosenbrock,100,1,92000,71.4756415091073
CMAES,Rosenbrock,100,1,93000,71.21576594302623
CMAES,Rosenbrock,100,1,94000,70.99644841382506
CMAES,Rosenbrock,100,1,95000,70.71743122871425
CMAES,Rosenbrock,100,1,96000,70.45160437525944
CMAES,Rosenbrock,100,1,97000,70.1397442518987
CMAES,Rosenbrock,100,1,98000,69.86438839378535
CMAES,Rosenbrock,100,1,99000,69.54668835565194
CMAES,Rosenbrock,100,1,100000,69.30141213225394
CMAES,Rosenbrock,100,1,101000,69.0539437721067
CMAES,Rosenbrock,100,1,102000,68.74932076831593
CMAES,Rosenbrock,100,1,103000,68.49884501232293
CMAES,Rosenbrock,100,1,104000,68.20090334507165
CMAES,Rosenbrock,100,1,105000,67.88945466034602
CMAES,Rosenbrock,100,1,106000,67.68159452130327
CMAES,Rosenbrock,100,1,107000,67.43751769829326
CMAES,Rosenbrock,100,1,108000,67.21233775051992
CMAES,Rosenbrock,100,1,109000,66.97712549168654
CMAES,Rosenbrock,100,1,110000,66.71659432408029
CMAES,Rosenbrock,100,1,111000,66.51033175627926
CMAES,Rosenbrock,100,1,112000,66.2577514847524
CMAES,Rosenbrock,100,1,113000,65.99199749091777
CMAES,Rosenbrock,100,1,114000,65.73179101170857
CMAES,Rosenbrock,100,1,115000,65.48367217085617
CMAES,Rosenbrock,100,1,116000,65.19206190719966
CMAES,Rosenbrock,100,1,117000,64.94034063812799
CMAES,Rosenbrock,100,1,118000,64.58209910040786
CMAES,Rosenbrock,100,1,119000,64.33016486035213
CMAES,Rosenbrock,100,1,120000,64.06927152199573
CMAES,Rosenbrock,100,1,121000,63.82427976908958
CMAES,Rosenbrock,100,1,122000,63.50080964813151
CMAES,Rosenbrock,100,1,123000,63.314041628650486
CMAES,Rosenbrock,100,1,124000,63.05696900596239
CMAES,Rosenbrock,100,1,125000,62.83578406901658
CMAES,Rosenbrock,100,1,126000,62.59592692025921
CMAES,Rosenbrock,100,1,127000,62.351386307886024
CMAES,Rosenbrock,100,1,128000,62.05775372949363
CMAES,Rosenbrock,100,1,129000,61.83978836078436
CMAES,Rosenbrock,100,1,130000,61.52579826394897
CMAES,Rosenbrock,100,1,131000,61.27187586869476
CMAES,Rosenbrock,100,1,132000,60.98987725175342
CMAES,Rosenbrock,100,1,133000,60.709992673046145
CMAES,Rosenbrock,100,1,134000,60.48794140173894
CMAES,Rosenbrock,100,1,135000,60.25642908014739
CMAES,Rosenbrock,100,1,136000,60.001388099730605
CMAES,Rosenbrock,100,1,137000,59.744136431932155
CMAES,Rosenbrock,100,1,138000,59.48337143755886
CMAES,Rosenbrock,100,1,139000,59.23990904612054
CMAES,Rosenbrock,100,1,140000,58.98187699271557
CMAES,Rosenbrock,100,1,141000,58.67865843141856
CMAES,Rosenbrock,100,1,142000,58.41876805349109
CMAES,Rosenbrock,100,1,143000,58.19975600836328
CMAES,Rosenbrock,100,1,144000,57.918509913175505
CMAES,Rosenbrock,100,1,145000,57.69743617942585
CMAES,Rosenbrock,100,1,146000,57.39795490823332
CMAES,Rosenbrock,100,1,147000,57.188328135841275
CMAES,Rosenbrock,100,1,148000,56.957536450212515
CMAES,Rosenbrock,100,1,149000,56.69714510559246
CMAES,Rosenbrock,100,1,150000,56.401246227723874
CMAES,Rosenbrock,100,1,151000,56.105002391565066
CMAES,Rosenbrock,100,1,152000,55.86615712050342
CMAES,Rosenbrock,100,1,153000,55.622409854038175
CMAES,Rosenbrock,100,1,154000,55.368583363921864
CMAES,Rosenbrock,100,1,155000,55.10391953894823
CMAES,Rosenbrock,100,1,156000,54.80304334249527
CMAES,Rosenbrock,100,1,157000,54.58793049069271
CMAES,Rosenbrock,100,1,158000,54.32230933632426
CMAES,Rosenbrock,100,1,159000,54.08398311045071
CMAES,Rosenbrock,100,1,160000,53.829753965812785
CMAES,Rosenbrock,100,1,161000,53.606030047520775
CMAES,Rosenbrock,100,1,162000,53.348059981934334
CMAES,Rosenbrock,100,1,163000,53.13166599894747
CMAES,Rosenbrock,100,1,164000,52.876568671340976
CMAES,Rosenbrock,100,1,165000,52.649298247517116
CMAES,Rosenbrock,100,1,166000,52.40588906824532
CMAES,Rosenbrock,100,1,167000,52.1230781967509
CMAES,Rosenbrock,100,1,168000,51.8472466155441
CMAES,Rosenbrock,100,1,169000,51.62088262039999
CMAES,Rosenbrock,100,1,170000,51.326799324482046
CMAES,Rosenbrock,100,1,171000,51.0603866260211
CMAES,Rosenbrock,100,1,172000,50.78919098685886
CMAES,Rosenbrock,100,1,173000,50.54241675279243
CMAES,Rosenbrock,100,1,174000,50.284801025786734
CMAES,Rosenbrock,100,1,175000,50.00640762091432
CMAES,Rosenbrock,100,1,176000,49.72591310850383
CMAES,Rosenbrock,100,1,177000,49.45071776025438
CMAES,Rosenbrock,100,1,178000,49.20495055683181
CMAES,Rosenbrock,100,1,179000,48.99373124071497
CMAES,Rosenbrock,100,1,180000,48.75272844224016
CMAES,Rosenbrock,100,1,181000,48.515748743287055
CMAES,Rosenbrock,100,1,182000,48.23824238936938
CMAES,Rosenbrock,100,1,183000,48.00475491760999
CMAES,Rosenbrock,100,1,184000,47.76484576521855
CMAES,Rosenbrock,100,1,185000,47.53729716342558
CMAES,Rosenbrock,100,1,186000,47.290220260211754
CMAES,Rosenbrock,100,1,187000,47.06445224107822
CMAES,Rosenbrock,100,1,188000,46.83176725092799
CMAES,Rosenbrock,100,1,189000,46.59850579562686
CMAES,Rosenbrock,100,1,190000,46.3635756290642
CMAES,Rosenbrock,100,1,191000,46.10324241452218
CMAES,Rosenbrock,100,1,192000,45.82144767783411
CMAES,Rosenbrock,100,1,193000,45.549846403923006
CMAES,Rosenbrock,100,1,194000,45.30601418975039
CMAES,Rosenbrock,100,1,195000,45.05285056173766
CMAES,Rosenbrock,100,1,196000,44.81399370827245
CMAES,Rosenbrock,100,1,197000,44.577735450014686
CMAES,Rosenbrock,100,1,198000,44.33446201669626
CMAES,Rosenbrock,100,1,199000,44.10425300366333
CMAES,Rosenbrock,100,1,200000,43.86149956820022
CMAES,Rosenbrock,100,1,201000,43.61958785521889
CMAES,Rosenbrock,100,1,202000,43.39656235604532
CMAES,Rosenbrock,100,1,203000,43.128706754446085
CMAES,Rosenbrock,100,1,204000,42.88728435752701
CMAES,Rosenbrock,100,1,205000,42.61806227544431
CMAES,Rosenbrock,100,1,206000,42.34449425669703
CMAES,Rosenbrock,100,1,207000,42.142776867422555
CMAES,Rosenbrock,100,1,208000,41.94346350344296
CMAES,Rosenbrock,100,1,209000,41.74328205445845
CMAES,Rosenbrock,100,1,210000,41.46710343279831
CMAES,Rosenbrock,100,1,211000,41.21219772543509
CMAES,Rosenbrock,100,1,212000,40.96829657150037
CMAES,Rosenbrock,100,1,213000,40.7567013580492
CMAES,Rosenbrock,100,1,214000,40.539561530049305
CMAES,Rosenbrock,100,1,215000,40.34681960515651
CMAES,Rosenbrock,100,1,216000,40.078427660241445
CMAES,Rosenbrock,100,1,217000,39.851344894153826
CMAES,Rosenbrock,100,1,218000,39.53199012024808
CMAES,Rosenbrock,100,1,219000,39.31254471547799
CMAES,Rosenbrock,100,1,220000,39.08830229106116
CMAES,Rosenbrock,100,1,221000,38.83684884217195
CMAES,Rosenbrock,100,1,222000,38.59800579182368
CMAES,Rosenbrock,100,1,223000,38.40058059967511
CMAES,Rosenbrock,100,1,224000,38.131116580928726
CMAES,Rosenbrock,100,1,225000,37.94746980107843
CMAES,Rosenbrock,100,1,226000,37.73722531267121
CMAES,Rosenbrock,100,1,227000,37.42860634462563
CMAES,Rosenbrock,100,1,228000,37.233311278967406
CMAES,Rosenbrock,100,1,229000,36.980517053000376
CMAES,Rosenbrock,100,1,230000,36.77204957619846
CMAES,Rosenbrock,100,1,231000,36.499854197050325
CMAES,Rosenbrock,100,1,232000,36.3216046475264
CMAES,Rosenbrock,100,1,233000,36.07664254265018
CMAES,Rosenbrock,100,1,234000,35.82083714512546
CMAES,Rosenbrock,100,1,235000,35.59827808293199
CMAES,Rosenbrock,100,1,236000,35.34456223698499
CMAES,Rosenbrock,100,1,237000,35.06739269249821
CMAES,Rosenbrock,100,1,238000,34.83653871299955
CMAES,Rosenbrock,100,1,239000,34.58694920788876
CMAES,Rosenbrock,100,1,240000,34.34921242013455
CMAES,Rosenbrock,100,1,241000,34.09475611501553
CMAES,Rosenbrock,100,1,242000,33.89778293829556
CMAES,Rosenbrock,100,1,243000,33.60916945875446
CMAES,Rosenbrock,100,1,244000,33.31876054458096
CMAES,Rosenbrock,100,1,245000,33.100893040089304
CMAES,Rosenbrock,100,1,246000,32.80157454882815
CMAES,Rosenbrock,100,1,247000,32.558470372274634
CMAES,Rosenbrock,100,1,248000,32.26272483146106
CMAES,Rosenbrock,100,1,249000,32.04058886626116
CMAES,Rosenbrock,100,1,250000,31.769402911612115
CMAES,Rosenbrock,100,1,251000,31.503086011589374
CMAES,Rosenbrock,100,1,252000,31.3429670313877
CMAES,Rosenbrock,100,1,253000,31.097672313340354
CMAES,Rosenbrock,100,1,254000,30.840548454671087
CMAES,Rosenbrock,100,1,255000,30.545201115771857
CMAES,Rosenbrock,100,1,256000,30.319386986946427
CMAES,Rosenbrock,100,1,257000,30.06742918687412
CMAES,Rosenbrock,100,1,258000,29.818178026624217
CMAES,Rosenbrock,100,1,259000,29.602412894910717
CMAES,Rosenbrock,100,1,260000,29.397740920872785
CMAES,Rosenbrock,100,1,261000,29.15019143926718
CMAES,Rosenbrock,100,1,262000,28.878272951830173
CMAES,Rosenbrock,100,1,263000,28.607156973922688
CMAES,Rosenbrock,100,1,264000,28.36221451153478
CMAES,Rosenbrock,100,1,265000,28.13814944019778
CMAES,Rosenbrock,100,1,266000,27.9338434234573
CMAES,Rosenbrock,100,1,267000,27.73227506048855
CMAES,Rosenbrock,100,1,268000,27.502349758993997
CMAES,Rosenbrock,100,1,269000,27.254095982256228
CMAES,Rosenbrock,100,1,270000,26.979224162432015
CMAES,Rosenbrock,100,1,271000,26.68500259257111
CMAES,Rosenbrock,100,1,272000,26.444320661975592
CMAES,Rosenbrock,100,1,273000,26.207464697844266
CMAES,Rosenbrock,100,1,274000,26.0010267202348
CMAES,Rosenbrock,100,1,275000,25.781427994392693
CMAES,Rosenbrock,100,1,276000,25.49244626156806
CMAES,Rosenbrock,100,1,277000,25.208963217476306
CMAES,Rosenbrock,100,1,278000,24.95021846332906
CMAES,Rosenbrock,100,1,279000,24.713535281748328
CMAES,Rosenbrock,100,1,280000,24.439720508218798
CMAES,Rosenbrock,100,1,281000,24.170302231825453
CMAES,Rosenbrock,100,1,282000,23.958567365342624
CMAES,Rosenbrock,100,1,283000,23.752927305885134
CMAES,Rosenbrock,100,1,284000,23.564213161079998
CMAES,Rosenbrock,100,1,285000,23.328674521760977
CMAES,Rosenbrock,100,1,286000,23.145082919115968
CMAES,Rosenbrock,100,1,287000,22.84873107909952
CMAES,Rosenbrock,100,1,288000,22.597721142745847
CMAES,Rosenbrock,100,1,289000,22.35376173886483
CMAES,Rosenbrock,100,1,290000,22.16387748494507
CMAES,Rosenbrock,100,1,291000,21.93651559863904
CMAES,Rosenbrock,100,1,292000,21.724386910386315
CMAES,Rosenbrock,100,1,293000,21.523556542321845
CMAES,Rosenbrock,100,1,294000,21.276644920239423
CMAES,Rosenbrock,100,1,295000,21.025997673488444
CMAES,Rosenbrock,100,1,296000,20.73334207399079
CMAES,Rosenbrock,100,1,297000,20.461995257578756
CMAES,Rosenbrock,100,1,298000,20.25640520511962
CMAES,Rosenbrock,100,1,299000,20.032264257759
CMAES,Rosenbrock,100,1,300000,19.775370031088986
CMAES,Rosenbrock,100,1,301000,19.536945003713335
CMAES,Rosenbrock,100,1,302000,19.26562235098263
CMAES,Rosenbrock,100,1,303000,19.056163897896113
CMAES,Rosenbrock,100,1,304000,18.811976944868114
CMAES,Rosenbrock,100,1,305000,18.566381272778703
CMAES,Rosenbrock,100,1,306000,18.302768643160338
CMAES,Rosenbrock,100,1,307000,18.113481355446645
CMAES,Rosenbrock,100,1,308000,17.91347032218963
CMAES,Rosenbrock,100,1,309000,17.705852661887533
CMAES,Rosenbrock,100,1,310000,17.431514830155916
CMAES,Rosenbrock,100,1,311000,17.217981623402483
CMAES,Rosenbrock,100,1,312000,16.947126544632415
CMAES,Rosenbrock,100,1,313000,16.71810296718966
CMAES,Rosenbrock,100,1,314000,16.48153779188801
CMAES,Rosenbrock,100,1,315000,16.245201166904945
CMAES,Rosenbrock,100,1,316000,15.960113004429859
CMAES,Rosenbrock,100,1,317000,15.692158425517611
CMAES,Rosenbrock,100,1,318000,15.444383824486192
CMAES,Rosenbrock,100,1,319000,15.177569560658332
CMAES,Rosenbrock,100,1,320000,14.96920419120185
CMAES,Rosenbrock,100,1,321000,14.74802280878251
CMAES,Rosenbrock,100,1,322000,14.5605427291095
CMAES,Rosenbrock,100,1,323000,14.349968600623972
CMAES,Rosenbrock,100,1,324000,14.098221950916917
CMAES,Rosenbrock,100,1,325000,13.828606847094136
CMAES,Rosenbrock,100,1,326000,13.547693205672823
CMAES,Rosenbrock,100,1,327000,13.374436266390635
CMAES,Rosenbrock,100,1,328000,13.19207902835839
CMAES,Rosenbrock,100,1,329000,12.97730865854262
CMAES,Rosenbrock,100,1,330000,12.73367372180155
CMAES,Rosenbrock,100,1,331000,12.51611911951127
CMAES,Rosenbrock,100,1,332000,12.302283541667025
CMAES,Rosenbrock,100,1,333000,12.047739023240064
CMAES,Rosenbrock,100,1,334000,11.833768002037656
CMAES,Rosenbrock,100,1,335000,11.586355327144403
CMAES,Rosenbrock,100,1,336000,11.397201473536652
CMAES,Rosenbrock,100,1,337000,11.205503165730764
CMAES,Rosenbrock,100,1,338000,10.995878734877353
CMAES,Rosenbrock,100,1,339000,10.757436964273326
CMAES,Rosenbrock,100,1,340000,10.493407626571985
CMAES,Rosenbrock,100,1,341000,10.191481420263012
CMAES,Rosenbrock,100,1,342000,9.849074004533302
CMAES,Rosenbrock,100,1,343000,9.619845436179473
CMAES,Rosenbrock,100,1,344000,9.307530583129315
CMAES,Rosenbrock,100,1,345000,9.082637109371296
CMAES,Rosenbrock,100,1,346000,8.876215091149119
CMAES,Rosenbrock,100,1,347000,8.638709610990695
CMAES,Rosenbrock,100,1,348000,8.437843403750238
CMAES,Rosenbrock,100,1,349000,8.21860062451526
CMAES,Rosenbrock,100,1,350000,8.019687102053501
CMAES,Rosenbrock,100,1,351000,7.778980857914171
CMAES,Rosenbrock,100,1,352000,7.539046817323187
CMAES,Rosenbrock,100,1,353000,7.31315167583676
CMAES,Rosenbrock,100,1,354000,6.984112471920401
CMAES,Rosenbrock,100,1,355000,6.818856524222507
CMAES,Rosenbrock,100,1,356000,6.572327383659404
CMAES,Rosenbrock,100,1,357000,6.371648379661165
CMAES,Rosenbrock,100,1,358000,6.105978391283889
CMAES,Rosenbrock,100,1,359000,5.858189129461075
CMAES,Rosenbrock,100,1,360000,5.601312755127085
CMAES,Rosenbrock,100,1,361000,5.355330267621917
CMAES,Rosenbrock,100,1,362000,5.1526399813244
CMAES,Rosenbrock,100,1,363000,4.897011923465955
CMAES,Rosenbrock,100,1,364000,4.690419510377302
CMAES,Rosenbrock,100,1,365000,4.4829323347138015
CMAES,Rosenbrock,100,1,366000,4.260648420217158
CMAES,Rosenbrock,100,1,367000,4.0766427728849415
CMAES,Rosenbrock,100,1,368000,3.8294307270775425
CMAES,Rosenbrock,100,1,369000,3.5990047342036546
CMAES,Rosenbrock,100,1,370000,3.322343605382987
CMAES,Rosenbrock,100,1,371000,3.058143894057258
CMAES,Rosenbrock,100,1,372000,2.781504038596542
CMAES,Rosenbrock,100,1,373000,2.5359872190130686
CMAES,Rosenbrock,100,1,374000,2.3642393696381907
CMAES,Rosenbrock,100,1,375000,2.143666002719775
CMAES,Rosenbrock,100,1,376000,1.9539079634640948
CMAES,Rosenbrock,100,1,377000,1.7421246464024678
CMAES,Rosenbrock,100,1,378000,1.5330630162106917
CMAES,Rosenbrock,100,1,379000,1.3167302704797867
CMAES,Rosenbrock,100,1,380000,1.1177834469397667
CMAES,Rosenbrock,100,1,381000,0.9587568488519119
CMAES,Rosenbrock,100,1,382000,0.8189953829673579
CMAES,Rosenbrock,100,1,383000,0.7104245688665085
CMAES,Rosenbrock,100,1,384000,0.5889494215020702
CMAES,Rosenbrock,100,1,385000,0.4851927834196362
CMAES,Rosenbrock,100,1,386000,0.3807844415023352
CMAES,Rosenbrock,100,1,387000,0.3012309705478433
CMAES,Rosenbrock,100,1,388000,0.22674895222417982
CMAES,Rosenbrock,100,1,389000,0.1718428690535072
CMAES,Rosenbrock,100,1,390000,0.11304563757963962
CMAES,Rosenbrock,100,1,391000,0.07351030952117157
CMAES,Rosenbrock,100,1,392000,0.042782133403529946
CMAES,Rosenbrock,100,1,393000,0.025112969693123904
CMAES,Rosenbrock,100,1,394000,0.012613506102198422
CMAES,Rosenbrock,100,1,395000,0.006681451115945515
CMAES,Rosenbrock,100,1,396000,0.0029910531025447553
CMAES,Rosenbrock,100,1,397000,0.0012640657822261246
CMAES,Rosenbrock,100,1,398000,0.0004478062895535098
CMAES,Rosenbrock,100,1,399000,0.0001555463790821043
CMAES,Rosenbrock,100,1,400000,4.189711101197565e-05
CMAES,Rosenbrock,100,1,401000,1.1171340775834716e-05
CMAES,Rosenbrock,100,1,402000,2.102685111288569e-06
CMAES,Rosenbrock,100,1,403000,7.84143410115881e-07
CMAES,Rosenbrock,100,1,404000,1.607462443000858e-07
CMAES,Rosenbrock,100,1,405000,5.11131437984398e-08
CMAES,Rosenbrock,100,1,406000,1.2773540916491004e-08
CMAES,Rosenbrock,100,1,407000,3.0295902586360524e-09
CMAES,Rosenbrock,100,1,408000,6.809092446710571e-10
CMAES,Rosenbrock,100,1,409000,1.866489464892062e-10
CMAES,Rosenbrock,100,1,410000,4.13593905160186e-11
CMAES,Rosenbrock,100,1,411000,1.1216811879667997e-11
CMAES,Rosenbrock,100,1,412000,2.364172010916816e-12
CMAES,Rosenbrock,100,1,413000,4.554631139346492e-13
CMAES,Rosenbrock,100,1,414000,9.662122579193472e-14
CMAES,Rosenbrock,100,1,415000,2.394920467064795e-14
CMAES,Rosenbrock,100,1,416000,4.961543260467019e-15
CMAES,Rosenbrock,100,2,1000,55734217.463524625
CMAES,Rosenbrock,100,2,2000,2155892.96248525
CMAES,Rosenbrock,100,2,3000,87780.03303854703
CMAES,Rosenbrock,100,2,4000,6010.6755899822765
CMAES,Rosenbrock,100,2,5000,797.2152801982458
CMAES,Rosenbrock,100,2,6000,269.14240849634365
CMAES,Rosenbrock,100,2,7000,116.48178185008773
CMAES,Rosenbrock,100,2,8000,99.82344920052599
CMAES,Rosenbrock,100,2,9000,98.20438575854787
CMAES,Rosenbrock,100,2,10000,97.92822771012379
CMAES,Rosenbrock,100,2,11000,97.76840428877159
CMAES,Rosenbrock,100,2,12000,97.55993065287707
CMAES,Rosenbrock,100,2,13000,97.20252488347384
CMAES,Rosenbrock,100,2,14000,96.74815908068285
CMAES,Rosenbrock,100,2,15000,96.24687839460552
CMAES,Rosenbrock,100,2,16000,95.77411670069532
CMAES,Rosenbrock,100,2,17000,95.2680740645695
CMAES,Rosenbrock,100,2,18000,94.81895142520962
CMAES,Rosenbrock,100,2,19000,94.36616607019629
CMAES,Rosenbrock,100,2,20000,93.93701482740046
CMAES,Rosenbrock,100,2,21000,93.5289783843212
CMAES,Rosenbrock,100,2,22000,93.17158808683823
CMAES,Rosenbrock,100,2,23000,92.7716608171319
CMAES,Rosenbrock,100,2,24000,92.30868800608384
CMAES,Rosenbrock,100,2,25000,91.87579459188784
CMAES,Rosenbrock,100,2,26000,91.54048375817558
CMAES,Rosenbrock,100,2,27000,91.23473754569757
CMAES,Rosenbrock,100,2,28000,90.78265491339789
CMAES,Rosenbrock,100,2,29000,90.3794781547213
CMAES,Rosenbrock,100,2,30000,90.0629150847827
CMAES,Rosenbrock,100,2,31000,89.7041627246828
CMAES,Rosenbrock,100,2,32000,89.3762533531987
CMAES,Rosenbrock,100,2,33000,88.99583048832957
CMAES,Rosenbrock,100,2,34000,88.56474543026769
CMAES,Rosenbrock,100,2,35000,88.22560365445888
CMAES,Rosenbrock,100,2,36000,87.7981580724738
CMAES,Rosenbrock,100,2,37000,87.45557700214566
CMAES,Rosenbrock,100,2,38000,87.162364378254
CMAES,Rosenbrock,100,2,39000,86.77790609104163
CMAES,Rosenbrock,100,2,40000,86.44542398406061
CMAES,Rosenbrock,100,2,41000,86.12196308113386
CMAES,Rosenbrock,100,2,42000,85.84233283008953
CMAES,Rosenbrock,100,2,43000,85.47672400879777
CMAES,Rosenbrock,100,2,44000,85.10998884370152
CMAES,Rosenbrock,100,2,45000,84.83368938812225
CMAES,Rosenbrock,100,2,46000,84.5567547631289
CMAES,Rosenbrock,100,2,47000,84.29639481167588
CMAES,Rosenbrock,100,2,48000,84.04327377875157
CMAES,Rosenbrock,100,2,49000,83.69670999206768
CMAES,Rosenbrock,100,2,50000,83.44650233503802
CMAES,Rosenbrock,100,2,51000,83.08681535919948
CMAES,Rosenbrock,100,2,52000,82.73577094277258
CMAES,Rosenbrock,100,2,53000,82.45606377570218
CMAES,Rosenbrock,100,2,54000,82.16032970421311
CMAES,Rosenbrock,100,2,55000,81.89160264771238
CMAES,Rosenbrock,100,2,56000,81.58043628705025
CMAES,Rosenbrock,100,2,57000,81.21946059959012
CMAES,Rosenbrock,100,2,58000,80.89858137303695
CMAES,Rosenbrock,100,2,59000,80.60776981568078
CMAES,Rosenbrock,100,2,60000,80.26283091431114
CMAES,Rosenbrock,100,2,61000,80.01776344686252
CMAES,Rosenbrock,100,2,62000,79.67709511059665
CMAES,Rosenbrock,100,2,63000,79.40722348977948
CMAES,Rosenbrock,100,2,64000,79.08816472594324
CMAES,Rosenbrock,100,2,65000,78.73616502115107
CMAES,Rosenbrock,100,2,66000,78.43618258524333
CMAES,Rosenbrock,100,2,67000,78.13660434152763
CMAES,Rosenbrock,100,2,68000,77.87197203255758
CMAES,Rosenbrock,100,2,69000,77.61186180665267
CMAES,Rosenbrock,100,2,70000,77.34902314649949
CMAES,Rosenbrock,100,2,71000,77.02305472508442
CMAES,Rosenbrock,100,2,72000,76.64237475214505
CMAES,Rosenbrock,100,2,73000,76.3522539952531
CMAES,Rosenbrock,100,2,74000,76.09504991430278
CMAES,Rosenbrock,100,2,75000,75.80171708598351
CMAES,Rosenbrock,100,2,76000,75.5012556181066
CMAES,Rosenbrock,100,2,77000,75.17683776427091
CMAES,Rosenbrock,100,2,78000,74.89332614066737
CMAES,Rosenbrock,100,2,79000,74.59336971756483
CMAES,Rosenbrock,100,2,80000,74.36504169217652
CMAES,Rosenbrock,100,2,81000,74.09127005227752
CMAES,Rosenbrock,100,2,82000,73.81030292000537
CMAES,Rosenbrock,100,2,83000,73.57445680160568
CMAES,Rosenbrock,100,2,84000,73.28911174409455
CMAES,Rosenbrock,100,2,85000,73.04071433433187
CMAES,Rosenbrock,100,2,86000,72.7263153604015
CMAES,Rosenbrock,100,2,87000,72.42981153662218
CMAES,Rosenbrock,100,2,88000,72.07182423679791
CMAES,Rosenbrock,100,2,89000,71.84765346701279
CMAES,Rosenbrock,100,2,90000,71.61581780456821
CMAES,Rosenbrock,100,2,91000,71.32173068990514
CMAES,Rosenbrock,100,2,92000,71.07384997257563
CMAES,Rosenbrock,100,2,93000,70.81475262584985
CMAES,Rosenbrock,100,2,94000,70.51483351575021
CMAES,Rosenbrock,100,2,95000,70.30515354209457
CMAES,Rosenbrock,100,2,96000,70.01628190231601
CMAES,Rosenbrock,100,2,97000,69.73281985722537
CMAES,Rosenbrock,100,2,98000,69.45689802724206
CMAES,Rosenbrock,100,2,99000,69.202867036858
CMAES,Rosenbrock,100,2,100000,69.036500608725
CMAES,Rosenbrock,100,2,101000,68.70688797969382
CMAES,Rosenbrock,100,2,102000,68.3871579641355
CMAES,Rosenbrock,100,2,103000,68.08558100309595
CMAES,Rosenbrock,100,2,104000,67.75807330914866
CMAES,Rosenbrock,100,2,105000,67.4935959926494
CMAES,Rosenbrock,100,2,106000,67.20297095552388
CMAES,Rosenbrock,100,2,107000,66.93130962530303
CMAES,Rosenbrock,100,2,108000,66.64105730193937
CMAES,Rosenbrock,100,2,109000,66.36434139473816
CMAES,Rosenbrock,100,2,110000,66.08619399502234
CMAES,Rosenbrock,100,2,111000,65.81276855016374
CMAES,Rosenbrock,100,2,112000,65.54754690752036
CMAES,Rosenbrock,100,2,113000,65.26700693491038
CMAES,Rosenbrock,100,2,114000,64.96116484729608
CMAES,Rosenbrock,100,2,115000,64.66104192821038
CMAES,Rosenbrock,100,2,116000,64.37966154946773
CMAES,Rosenbrock,100,2,117000,64.1376291735824
CMAES,Rosenbrock,100,2,118000,63.91859132201285
CMAES,Rosenbrock,100,2,119000,63.68199088472355
CMAES,Rosenbrock,100,2,120000,63.42104019636085
CMAES,Rosenbrock,100,2,121000,63.189220958191875
CMAES,Rosenbrock,100,2,122000,62.942797748361286
CMAES,Rosenbrock,100,2,123000,62.71814705909093
CMAES,Rosenbrock,100,2,124000,62.4357868742552
CMAES,Rosenbrock,100,2,125000,62.197343051270195
CMAES,Rosenbrock,100,2,126000,61.952711207963375
CMAES,Rosenbrock,100,2,127000,61.68233598300598
CMAES,Rosenbrock,100,2,128000,61.36570567745387
CMAES,Rosenbrock,100,2,129000,61.12576573239247
CMAES,Rosenbrock,100,2,130000,60.82999555865735
CMAES,Rosenbrock,100,2,131000,60.609198033164816
CMAES,Rosenbrock,100,2,132000,60.3588933938876
CMAES,Rosenbrock,100,2,133000,60.14722768225061
CMAES,Rosenbrock,100,2,134000,59.86015732430576
CMAES,Rosenbrock,100,2,135000,59.568992480677785
CMAES,Rosenbrock,100,2,136000,59.301897080689955
CMAES,Rosenbrock,100,2,137000,59.04828991253239
CMAES,Rosenbrock,100,2,138000,58.841614058597386
CMAES,Rosenbrock,100,2,139000,58.628846086875875
CMAES,Rosenbrock,100,2,140000,58.37516646873304
CMAES,Rosenbrock,100,2,141000,58.14702009525663
CMAES,Rosenbrock,100,2,142000,57.922466677238546
CMAES,Rosenbrock,100,2,143000,57.635111774339435
CMAES,Rosenbrock,100,2,144000,57.383665097460955
CMAES,Rosenbrock,100,2,145000,57.103300940015565
CMAES,Rosenbrock,100,2,146000,56.85055141691972
CMAES,Rosenbrock,100,2,147000,56.56994583945423
CMAES,Rosenbrock,100,2,148000,56.34735545909357
CMAES,Rosenbrock,100,2,149000,56.111273398847786
CMAES,Rosenbrock,100,2,150000,55.87638120900259
CMAES,Rosenbrock,100,2,151000,55.59538331275331
CMAES,Rosenbrock,100,2,152000,55.348266136675754
CMAES,Rosenbrock,100,2,153000,55.10796416774311
CMAES,Rosenbrock,100,2,154000,54.83794801110035
CMAES,Rosenbrock,100,2,155000,54.57679891990016
CMAES,Rosenbrock,100,2,156000,54.26236301623255
CMAES,Rosenbrock,100,2,157000,54.01499057474933
CMAES,Rosenbrock,100,2,158000,53.78783321950293
CMAES,Rosenbrock,100,2,159000,53.49051153947303
CMAES,Rosenbrock,100,2,160000,53.26402855777107
CMAES,Rosenbrock,100,2,161000,53.053367874799854
CMAES,Rosenbrock,100,2,162000,52.8022708673783
CMAES,Rosenbrock,100,2,163000,52.52500408356356
CMAES,Rosenbrock,100,2,164000,52.23189681022585
CMAES,Rosenbrock,100,2,165000,51.97744023690934
CMAES,Rosenbrock,100,2,166000,51.75508643552383
CMAES,Rosenbrock,100,2,167000,51.505951770609634
CMAES,Rosenbrock,100,2,168000,51.22975979582595
CMAES,Rosenbrock,100,2,169000,50.984619701374626
CMAES,Rosenbrock,100,2,170000,50.75722327556417
CMAES,Rosenbrock,100,2,171000,50.50511343654245
CMAES,Rosenbrock,100,2,172000,50.288469490422045
CMAES,Rosenbrock,100,2,173000,50.04807233779348
CMAES,Rosenbrock,100,2,174000,49.8124812518795
CMAES,Rosenbrock,100,2,175000,49.56925176408651
CMAES,Rosenbrock,100,2,176000,49.34709311401318
CMAES,Rosenbrock,100,2,177000,49.129745827678676
CMAES,Rosenbrock,100,2,178000,48.93211273121348
CMAES,Rosenbrock,100,2,179000,48.72197317995516
CMAES,Rosenbrock,100,2,180000,48.47562619994976
CMAES,Rosenbrock,100,2,181000,48.23413294805039
CMAES,Rosenbrock,100,2,182000,47.94228906722898
CMAES,Rosenbrock,100,2,183000,47.703077425904695
CMAES,Rosenbrock,100,2,184000,47.48572710253108
CMAES,Rosenbrock,100,2,185000,47.22529057021467
CMAES,Rosenbrock,100,2,186000,46.982621117521305
CMAES,Rosenbrock,100,2,187000,46.726797986391134
CMAES,Rosenbrock,100,2,188000,46.44840873036535
CMAES,Rosenbrock,100,2,189000,46.17730941054354
CMAES,Rosenbrock,100,2,190000,45.95127307954887
CMAES,Rosenbrock,100,2,191000,45.735513936862404
CMAES,Rosenbrock,100,2,192000,45.53299501575256
CMAES,Rosenbrock,100,2,193000,45.30797451005355
CMAES,Rosenbrock,100,2,194000,45.09328509867639
CMAES,Rosenbrock,100,2,195000,44.841317806591384
CMAES,Rosenbrock,100,2,196000,44.55384939569336
CMAES,Rosenbrock,100,2,197000,44.246496120294836
CMAES,Rosenbrock,100,2,198000,44.00399182204358
CMAES,Rosenbrock,100,2,199000,43.6823948185736
CMAES,Rosenbrock,100,2,200000,43.427290028472356
CMAES,Rosenbrock,100,2,201000,43.18874684561576
CMAES,Rosenbrock,100,2,202000,42.93221410880634
CMAES,Rosenbrock,100,2,203000,42.69228693568603
CMAES,Rosenbrock,100,2,204000,42.46969328614614
CMAES,Rosenbrock,100,2,205000,42.19445045553584
CMAES,Rosenbrock,100,2,206000,41.978908048072164
CMAES,Rosenbrock,100,2,207000,41.751156337127426
CMAES,Rosenbrock,100,2,208000,41.54312429645679
CMAES,Rosenbrock,100,2,209000,41.32496656659341
CMAES,Rosenbrock,100,2,210000,41.09090775915902
CMAES,Rosenbrock,100,2,211000,40.865577644451186
CMAES,Rosenbrock,100,2,212000,40.622250484047015
CMAES,Rosenbrock,100,2,213000,40.35436015791436
CMAES,Rosenbrock,100,2,214000,40.1252430783649
CMAES,Rosenbrock,100,2,215000,39.937431668378544
CMAES,Rosenbrock,100,2,216000,39.72088794095329
CMAES,Rosenbrock,100,2,217000,39.44852202956391
CMAES,Rosenbrock,100,2,218000,39.18799452260898
CMAES,Rosenbrock,100,2,219000,38.92254686018793
CMAES,Rosenbrock,100,2,220000,38.675448460659034
CMAES,Rosenbrock,100,2,221000,38.41048187418457
CMAES,Rosenbrock,100,2,222000,38.099474565674406
CMAES,Rosenbrock,100,2,223000,37.827824480392024
CMAES,Rosenbrock,100,2,224000,37.559826654373936
CMAES,Rosenbrock,100,2,225000,37.28029436724602
CMAES,Rosenbrock,100,2,226000,37.05653882774205
CMAES,Rosenbrock,100,2,227000,36.80181828298995
CMAES,Rosenbrock,100,2,228000,36.554372088949115
CMAES,Rosenbrock,100,2,229000,36.36811736351894
CMAES,Rosenbrock,100,2,230000,36.13073820625141
CMAES,Rosenbrock,100,2,231000,35.895703277416295
CMAES,Rosenbrock,100,2,232000,35.684375351005244
CMAES,Rosenbrock,100,2,233000,35.465816958491004
CMAES,Rosenbrock,100,2,234000,35.214649323680064
CMAES,Rosenbrock,100,2,235000,34.90168569695507
CMAES,Rosenbrock,100,2,236000,34.66535635528268
CMAES,Rosenbrock,100,2,237000,34.45473896463528
CMAES,Rosenbrock,100,2,238000,34.18525462609197
CMAES,Rosenbrock,100,2,239000,33.93226332310078
CMAES,Rosenbrock,100,2,240000,33.67255162940638
CMAES,Rosenbrock,100,2,241000,33.37658194205401
CMAES,Rosenbrock,100,2,242000,33.11646296406438
CMAES,Rosenbrock,100,2,243000,32.901820033129724
CMAES,Rosenbrock,100,2,244000,32.65228484782946
CMAES,Rosenbrock,100,2,245000,32.37204475488753
CMAES,Rosenbrock,100,2,246000,32.173287616842224
CMAES,Rosenbrock,100,2,247000,31.97306916977941
CMAES,Rosenbrock,100,2,248000,31.761902817857152
CMAES,Rosenbrock,100,2,249000,31.589126523349744
CMAES,Rosenbrock,100,2,250000,31.379896591421467
CMAES,Rosenbrock,100,2,251000,31.15048215312806
CMAES,Rosenbrock,100,2,252000,30.861767568298788
CMAES,Rosenbrock,100,2,253000,30.590656713291953
CMAES,Rosenbrock,100,2,254000,30.34851708688801
CMAES,Rosenbrock,100,2,255000,30.117268426998397
CMAES,Rosenbrock,100,2,256000,29.886755634146482
CMAES,Rosenbrock,100,2,257000,29.64345127926151
CMAES,Rosenbrock,100,2,258000,29.44394823267353
CMAES,Rosenbrock,100,2,259000,29.216881979039375
CMAES,Rosenbrock,100,2,260000,28.994433126630668
CMAES,Rosenbrock,100,2,261000,28.791589845609778
CMAES,Rosenbrock,100,2,262000,28.517630410962585
CMAES,Rosenbrock,100,2,263000,28.260120293985022
CMAES,Rosenbrock,100,2,264000,28.05349947727569
CMAES,Rosenbrock,100,2,265000,27.805061853990903
CMAES,Rosenbrock,100,2,266000,27.564952393067966
CMAES,Rosenbrock,100,2,267000,27.322741676957065
CMAES,Rosenbrock,100,2,268000,27.064042165333568
CMAES,Rosenbrock,100,2,269000,26.83096744401821
CMAES,Rosenbrock,100,2,270000,26.51467433348788
CMAES,Rosenbrock,100,2,271000,26.317217581391898
CMAES,Rosenbrock,100,2,272000,26.06192930712709
CMAES,Rosenbrock,100,2,273000,25.757385225097682
CMAES,Rosenbrock,100,2,274000,25.47858816825431
CMAES,Rosenbrock,100,2,275000,25.160181381535462
CMAES,Rosenbrock,100,2,276000,25.000542298433473
CMAES,Rosenbrock,100,2,277000,24.7754666207155
CMAES,Rosenbrock,100,2,278000,24.587145488803188
CMAES,Rosenbrock,100,2,279000,24.302319733403994
CMAES,Rosenbrock,100,2,280000,24.102833565501996
CMAES,Rosenbrock,100,2,281000,23.87385934927545
CMAES,Rosenbrock,100,2,282000,23.631891435244626
CMAES,Rosenbrock,100,2,283000,23.359126503260494
CMAES,Rosenbrock,100,2,284000,23.10940974784513
CMAES,Rosenbrock,100,2,285000,22.833124365544954
CMAES,Rosenbrock,100,2,286000,22.514051640469635
CMAES,Rosenbrock,100,2,287000,22.286497839520067
CMAES,Rosenbrock,100,2,288000,22.019859640400632
CMAES,Rosenbrock,100,2,289000,21.762009094038305
CMAES,Rosenbrock,100,2,290000,21.542789411539555
CMAES,Rosenbrock,100,2,291000,21.322502208428727
CMAES,Rosenbrock,100,2,292000,21.123690538088827
CMAES,Rosenbrock,100,2,293000,20.874020322512024
CMAES,Rosenbrock,100,2,294000,20.6339276940257
CMAES,Rosenbrock,100,2,295000,20.39785586019822
CMAES,Rosenbrock,100,2,296000,20.133675043370687
CMAES,Rosenbrock,100,2,297000,19.8678284281958
CMAES,Rosenbrock,100,2,298000,19.601102697822416
CMAES,Rosenbrock,100,2,299000,19.38759406031715
CMAES,Rosenbrock,100,2,300000,19.1837793132171
CMAES,Rosenbrock,100,2,301000,18.942901325905577
CMAES,Rosenbrock,100,2,302000,18.74065125930668
CMAES,Rosenbrock,100,2,303000,18.503927887190674
CMAES,Rosenbrock,100,2,304000,18.25623931105236
CMAES,Rosenbrock,100,2,305000,17.9683926031067
CMAES,Rosenbrock,100,2,306000,17.705985572909015
CMAES,Rosenbrock,100,2,307000,17.444532641606898
CMAES,Rosenbrock,100,2,308000,17.2200108578962
CMAES,Rosenbrock,100,2,309000,17.03844151576747
CMAES,Rosenbrock,100,2,310000,16.80649841285978
CMAES,Rosenbrock,100,2,311000,16.567965480942114
CMAES,Rosenbrock,100,2,312000,16.33192534515019
CMAES,Rosenbrock,100,2,313000,16.110728491527233
CMAES,Rosenbrock,100,2,314000,15.895859203080796
CMAES,Rosenbrock,100,2,315000,15.655835310617723
CMAES,Rosenbrock,100,2,316000,15.424446939372274
CMAES,Rosenbrock,100,2,317000,15.171368659850293
CMAES,Rosenbrock,100,2,318000,14.953961656226872
CMAES,Rosenbrock,100,2,319000,14.757863528397145
CMAES,Rosenbrock,100,2,320000,14.531769430324823
CMAES,Rosenbrock,100,2,321000,14.312075330174432
CMAES,Rosenbrock,100,2,322000,14.059381994423068
CMAES,Rosenbrock,100,2,323000,13.867290945288575
CMAES,Rosenbrock,100,2,324000,13.651173743261275
CMAES,Rosenbrock,100,2,325000,13.446332820745
CMAES,Rosenbrock,100,2,326000,13.230448451305206
CMAES,Rosenbrock,100,2,327000,12.985649594178968
CMAES,Rosenbrock,100,2,328000,12.727563808227996
CMAES,Rosenbrock,100,2,329000,12.5040233243308
CMAES,Rosenbrock,100,2,330000,12.322093592544332
CMAES,Rosenbrock,100,2,331000,12.10145378291448
CMAES,Rosenbrock,100,2,332000,11.891213080063139
CMAES,Rosenbrock,100,2,333000,11.665305158165562
CMAES,Rosenbrock,100,2,334000,11.446785791398746
CMAES,Rosenbrock,100,2,335000,11.20638444802685
CMAES,Rosenbrock,100,2,336000,10.981984675600746
CMAES,Rosenbrock,100,2,337000,10.767443254249969
CMAES,Rosenbrock,100,2,338000,10.491325152362494
CMAES,Rosenbrock,100,2,339000,10.247120170392972
CMAES,Rosenbrock,100,2,340000,10.020022576871536
CMAES,Rosenbrock,100,2,341000,9.795760641772842
CMAES,Rosenbrock,100,2,342000,9.62472550087498
CMAES,Rosenbrock,100,2,343000,9.377114459835127
CMAES,Rosenbrock,100,2,344000,9.142196945672874
CMAES,Rosenbrock,100,2,345000,8.846478384339694
CMAES,Rosenbrock,100,2,346000,8.60620692107035
CMAES,Rosenbrock,100,2,347000,8.393601108214426
CMAES,Rosenbrock,100,2,348000,8.147943632508552
CMAES,Rosenbrock,100,2,349000,7.9339091565659565
CMAES,Rosenbrock,100,2,350000,7.710165837737393
CMAES,Rosenbrock,100,2,351000,7.46742106376955
CMAES,Rosenbrock,100,2,352000,7.247922289011882
CMAES,Rosenbrock,100,2,353000,6.975506773776946
CMAES,Rosenbrock,100,2,354000,6.774060123650551
CMAES,Rosenbrock,100,2,355000,6.513187898279407
CMAES,Rosenbrock,100,2,356000,6.24366813536453
CMAES,Rosenbrock,100,2,357000,5.986238303577167
CMAES,Rosenbrock,100,2,358000,5.686651898901182
CMAES,Rosenbrock,100,2,359000,5.379673574317378
CMAES,Rosenbrock,100,2,360000,5.1278391458980455
CMAES,Rosenbrock,100,2,361000,4.848589349038809
CMAES,Rosenbrock,100,2,362000,4.6171886533511035
CMAES,Rosenbrock,100,2,363000,4.390475685383491
CMAES,Rosenbrock,100,2,364000,4.212668904608045
CMAES,Rosenbrock,100,2,365000,3.9637278513480965
CMAES,Rosenbrock,100,2,366000,3.750812144382921
CMAES,Rosenbrock,100,2,367000,3.507181965546002
CMAES,Rosenbrock,100,2,368000,3.271288491251674
CMAES,Rosenbrock,100,2,369000,3.0138979073329146
CMAES,Rosenbrock,100,2,370000,2.8039217012684903
CMAES,Rosenbrock,100,2,371000,2.5325227989283663
CMAES,Rosenbrock,100,2,372000,2.2818967914974535
CMAES,Rosenbrock,100,2,373000,2.0430893756713067
CMAES,Rosenbrock,100,2,374000,1.7959037198162835
CMAES,Rosenbrock,100,2,375000,1.592523909517984
CMAES,Rosenbrock,100,2,376000,1.3567325369436711
CMAES,Rosenbrock,100,2,377000,1.1939365822815593
CMAES,Rosenbrock,100,2,378000,1.017909237717114
CMAES,Rosenbrock,100,2,379000,0.8758893467903184
CMAES,Rosenbrock,100,2,380000,0.7465415848902786
CMAES,Rosenbrock,100,2,381000,0.6178847749499278
CMAES,Rosenbrock,100,2,382000,0.5012275684369822
CMAES,Rosenbrock,100,2,383000,0.4076320792629003
CMAES,Rosenbrock,100,2,384000,0.3242437036820611
CMAES,Rosenbrock,100,2,385000,0.25120165808495276
CMAES,Rosenbrock,100,2,386000,0.18075444827379145
CMAES,Rosenbrock,100,2,387000,0.1277095791265771
CMAES,Rosenbrock,100,2,388000,0.08349811605074214
CMAES,Rosenbrock,100,2,389000,0.05761739107146971
CMAES,Rosenbrock,100,2,390000,0.0326551375999529
CMAES,Rosenbrock,100,2,391000,0.01911228316054865
CMAES,Rosenbrock,100,2,392000,0.00853043413134859
CMAES,Rosenbrock,100,2,393000,0.003539222229489564
CMAES,Rosenbrock,100,2,394000,0.0013785718181338609
CMAES,Rosenbrock,100,2,395000,0.00040145764989601334
CMAES,Rosenbrock,100,2,396000,0.00016450629882729548
CMAES,Rosenbrock,100,2,397000,4.1774346191973285e-05
CMAES,Rosenbrock,100,2,398000,1.1851745516786734e-05
CMAES,Rosenbrock,100,2,399000,3.634991258751513e-06
CMAES,Rosenbrock,100,2,400000,1.151356089438651e-06
CMAES,Rosenbrock,100,2,401000,2.922434073991028e-07
CMAES,Rosenbrock,100,2,402000,6.948588250378052e-08
CMAES,Rosenbrock,100,2,403000,1.7733829643634655e-08
CMAES,Rosenbrock,100,2,404000,4.31612712690836e-09
CMAES,Rosenbrock,100,2,405000,1.0966532195527703e-09
CMAES,Rosenbrock,100,2,406000,3.7439205204062833e-10
CMAES,Rosenbrock,100,2,407000,9.096519274090384e-11
CMAES,Rosenbrock,100,2,408000,2.340696436624716e-11
CMAES,Rosenbrock,100,2,409000,6.8441419525639035e-12
CMAES,Rosenbrock,100,2,410000,1.465167494887503e-12
CMAES,Rosenbrock,100,2,411000,3.6686644409701554e-13
CMAES,Rosenbrock,100,2,412000,8.362267217555213e-14
CMAES,Rosenbrock,100,2,413000,2.1192863547782363e-14
CMAES,Rosenbrock,100,3,1000,34424861.19431792
CMAES,Rosenbrock,100,3,2000,796809.2139158779
CMAES,Rosenbrock,100,3,3000,16495.62809084461
CMAES,Rosenbrock,100,3,4000,1667.66606803833
CMAES,Rosenbrock,100,3,5000,377.1372436477696
CMAES,Rosenbrock,100,3,6000,141.46328932068832
CMAES,Rosenbrock,100,3,7000,103.72172621943949
CMAES,Rosenbrock,100,3,8000,96.99078852003629
CMAES,Rosenbrock,100,3,9000,96.12660492568516
CMAES,Rosenbrock,100,3,10000,95.87714320363484
CMAES,Rosenbrock,100,3,11000,95.64027438716774
CMAES,Rosenbrock,100,3,12000,95.16253241669159
CMAES,Rosenbrock,100,3,13000,94.61508855753885
CMAES,Rosenbrock,100,3,14000,94.01132214330144
CMAES,Rosenbrock,100,3,15000,93.50352808402553
CMAES,Rosenbrock,100,3,16000,93.04699575162954
CMAES,Rosenbrock,100,3,17000,92.49218979739572
CMAES,Rosenbrock,100,3,18000,92.10326205969318
CMAES,Rosenbrock,100,3,19000,91.69641140801194
CMAES,Rosenbrock,100,3,20000,91.32778703355892
CMAES,Rosenbrock,100,3,21000,90.8662051845447
CMAES,Rosenbrock,100,3,22000,90.41518506164671
CMAES,Rosenbrock,100,3,23000,90.02071601079241
CMAES,Rosenbrock,100,3,24000,89.67038679931656
CMAES,Rosenbrock,100,3,25000,89.24109260369754
CMAES,Rosenbrock,100,3,26000,88.87770508358315
CMAES,Rosenbrock,100,3,27000,88.43690724437594
CMAES,Rosenbrock,100,3,28000,88.1228392676938
CMAES,Rosenbrock,100,3,29000,87.77680816416095
CMAES,Rosenbrock,100,3,30000,87.50118858045548
CMAES,Rosenbrock,100,3,31000,87.12930256912094
CMAES,Rosenbrock,100,3,32000,86.74855145496457
CMAES,Rosenbrock,100,3,33000,86.39376839187192
CMAES,Rosenbrock,100,3,34000,86.04692882361378
CMAES,Rosenbrock,100,3,35000,85.69661093438813
CMAES,Rosenbrock,100,3,36000,85.34233132784098
CMAES,Rosenbrock,100,3,37000,84.96496968606594
CMAES,Rosenbrock,100,3,38000,84.5917496869643
CMAES,Rosenbrock,100,3,39000,84.21618568426156
CMAES,Rosenbrock,100,3,40000,83.96691819557795
CMAES,Rosenbrock,100,3,41000,83.63380116042234
CMAES,Rosenbrock,100,3,42000,83.33048392196073
CMAES,Rosenbrock,100,3,43000,82.98843462153687
CMAES,Rosenbrock,100,3,44000,82.60202650456213
CMAES,Rosenbrock,100,3,45000,82.3496130783946
CMAES,Rosenbrock,100,3,46000,82.05699929514077
CMAES,Rosenbrock,100,3,47000,81.69743993764853
CMAES,Rosenbrock,100,3,48000,81.42939708427424
CMAES,Rosenbrock,100,3,49000,81.09309080084259
CMAES,Rosenbrock,100,3,50000,80.82652835219494
CMAES,Rosenbrock,100,3,51000,80.48592379865248
CMAES,Rosenbrock,100,3,52000,80.20954486838794
CMAES,Rosenbrock,100,3,53000,79.908115713598
CMAES,Rosenbrock,100,3,54000,79.65667686743822
CMAES,Rosenbrock,100,3,55000,79.33923040471015
CMAES,Rosenbrock,100,3,56000,79.01700037032977
CMAES,Rosenbrock,100,3,57000,78.76601666650618
CMAES,Rosenbrock,100,3,58000,78.46538466004978
CMAES,Rosenbrock,100,3,59000,78.19947336844324
CMAES,Rosenbrock,100,3,60000,77.88831892484617
CMAES,Rosenbrock,100,3,61000,77.51790683105018
CMAES,Rosenbrock,100,3,62000,77.24572553790333
CMAES,Rosenbrock,100,3,63000,76.96953511839646
CMAES,Rosenbrock,100,3,64000,76.68839433021023
CMAES,Rosenbrock,100,3,65000,76.37240794523532
CMAES,Rosenbrock,100,3,66000,76.10439822713019
CMAES,Rosenbrock,100,3,67000,75.82688101909542
CMAES,Rosenbrock,100,3,68000,75.54499159214826
CMAES,Rosenbrock,100,3,69000,75.28222802611816
CMAES,Rosenbrock,100,3,70000,74.95304167287871
CMAES,Rosenbrock,100,3,71000,74.70422448273328
CMAES,Rosenbrock,100,3,72000,74.39720857756318
CMAES,Rosenbrock,100,3,73000,74.07892524409539
CMAES,Rosenbrock,100,3,74000,73.81266263892097
CMAES,Rosenbrock,100,3,75000,73.53282501453208
CMAES,Rosenbrock,100,3,76000,73.19368295190147
CMAES,Rosenbrock,100,3,77000,72.89538361617203
CMAES,Rosenbrock,100,3,78000,72.64840206425671
CMAES,Rosenbrock,100,3,79000,72.39172904781695
CMAES,Rosenbrock,100,3,80000,72.1206707793414
CMAES,Rosenbrock,100,3,81000,71.833519180878
CMAES,Rosenbrock,100,3,82000,71.54705950288516
CMAES,Rosenbrock,100,3,83000,71.26075911609469
CMAES,Rosenbrock,100,3,84000,70.94053839393158
CMAES,Rosenbrock,100,3,85000,70.64038152422103
CMAES,Rosenbrock,100,3,86000,70.36521905768892
CMAES,Rosenbrock,100,3,87000,70.09169169804278
CMAES,Rosenbrock,100,3,88000,69.80465661648037
CMAES,Rosenbrock,100,3,89000,69.58919097167933
CMAES,Rosenbrock,100,3,90000,69.28152703058946
CMAES,Rosenbrock,100,3,91000,69.02596515741064
CMAES,Rosenbrock,100,3,92000,68.68561930072217
CMAES,Rosenbrock,100,3,93000,68.4121916641507
CMAES,Rosenbrock,100,3,94000,68.13433845861182
CMAES,Rosenbrock,100,3,95000,67.88841605035547
CMAES,Rosenbrock,100,3,96000,67.61177811481994
CMAES,Rosenbrock,100,3,97000,67.3516589773753
CMAES,Rosenbrock,100,3,98000,67.04863099039038
CMAES,Rosenbrock,100,3,99000,66.80295246737728
CMAES,Rosenbrock,100,3,100000,66.56626054775344
CMAES,Rosenbrock,100,3,101000,66.26514850228368
CMAES,Rosenbrock,100,3,102000,65.95642467106211
CMAES,Rosenbrock,100,3,103000,65.68158336077819
CMAES,Rosenbrock,100,3,104000,65.42400727297101
CMAES,Rosenbrock,100,3,105000,65.105454271356
CMAES,Rosenbrock,100,3,106000,64.84371009109758
CMAES,Rosenbrock,100,3,107000,64.5656230064579
CMAES,Rosenbrock,100,3,108000,64.33309175528075
CMAES,Rosenbrock,100,3,109000,64.06781755854857
CMAES,Rosenbrock,100,3,110000,63.845946793026435
CMAES,Rosenbrock,100,3,111000,63.56634203804154
CMAES,Rosenbrock,100,3,112000,63.36964836327753
CMAES,Rosenbrock,100,3,113000,63.1170717185558
CMAES,Rosenbrock,100,3,114000,62.86940394876981
CMAES,Rosenbrock,100,3,115000,62.59132595652469
CMAES,Rosenbrock,100,3,116000,62.34919668857137
CMAES,Rosenbrock,100,3,117000,62.03806936294376
CMAES,Rosenbrock,100,3,118000,61.761915917095585
CMAES,Rosenbrock,100,3,119000,61.496583957398634
CMAES,Rosenbrock,100,3,120000,61.23535101119295
CMAES,Rosenbrock,100,3,121000,61.00469031700671
CMAES,Rosenbrock,100,3,122000,60.72333111693781
CMAES,Rosenbrock,100,3,123000,60.4900653668759
CMAES,Rosenbrock,100,3,124000,60.236277891802004
CMAES,Rosenbrock,100,3,125000,59.97497344340531
CMAES,Rosenbrock,100,3,126000,59.72516214768652
CMAES,Rosenbrock,100,3,127000,59.40717136806629
CMAES,Rosenbrock,100,3,128000,59.15708937785965
CMAES,Rosenbrock,100,3,129000,58.93647290042103
CMAES,Rosenbrock,100,3,130000,58.66074242988157
CMAES,Rosenbrock,100,3,131000,58.39922879567132
CMAES,Rosenbrock,100,3,132000,58.10484792486647
CMAES,Rosenbrock,100,3,133000,57.89913624629567
CMAES,Rosenbrock,100,3,134000,57.67844390971489
CMAES,Rosenbrock,100,3,135000,57.41224245017784
CMAES,Rosenbrock,100,3,136000,57.14659561169445
CMAES,Rosenbrock,100,3,137000,56.906350748219495
CMAES,Rosenbrock,100,3,138000,56.60200998032607
CMAES,Rosenbrock,100,3,139000,56.36815440814586
CMAES,Rosenbrock,100,3,140000,56.13810451710104
CMAES,Rosenbrock,100,3,141000,55.902435247716575
CMAES,Rosenbrock,100,3,142000,55.657494096714764
CMAES,Rosenbrock,100,3,143000,55.4078699651917
CMAES,Rosenbrock,100,3,144000,55.15648131240596
CMAES,Rosenbrock,100,3,145000,54.8842676371369
CMAES,Rosenbrock,100,3,146000,54.67665199311777
CMAES,Rosenbrock,100,3,147000,54.39195134160534
CMAES,Rosenbrock,100,3,148000,54.11365648905686
CMAES,Rosenbrock,100,3,149000,53.84172830482767
CMAES,Rosenbrock,100,3,150000,53.59024468397857
CMAES,Rosenbrock,100,3,151000,53.29073492002846
CMAES,Rosenbrock,100,3,152000,53.02617309120421
CMAES,Rosenbrock,100,3,153000,52.811028014699836
CMAES,Rosenbrock,100,3,154000,52.55526774198914
CMAES,Rosenbrock,100,3,155000,52.32473181116931
CMAES,Rosenbrock,100,3,156000,52.136502560300194
CMAES,Rosenbrock,100,3,157000,51.88749911544232
CMAES,Rosenbrock,100,3,158000,51.594950995097804
CMAES,Rosenbrock,100,3,159000,51.334718846892436
CMAES,Rosenbrock,100,3,160000,51.059116783871104
CMAES,Rosenbrock,100,3,161000,50.84616985016725
CMAES,Rosenbrock,100,3,162000,50.62017922712338
CMAES,Rosenbrock,100,3,163000,50.38998952144996
CMAES,Rosenbrock,100,3,164000,50.10947549917847
CMAES,Rosenbrock,100,3,165000,49.86689553341793
CMAES,Rosenbrock,100,3,166000,49.65658514124577
CMAES,Rosenbrock,100,3,167000,49.42254119005438
CMAES,Rosenbrock,100,3,168000,49.224635852607044
CMAES,Rosenbrock,100,3,169000,48.89948972780953
CMAES,Rosenbrock,100,3,170000,48.65847692486238
CMAES,Rosenbrock,100,3,171000,48.41253829681965
CMAES,Rosenbrock,100,3,172000,48.14125714470287
CMAES,Rosenbrock,100,3,173000,47.8824500196728
CMAES,Rosenbrock,100,3,174000,47.64103088109596
CMAES,Rosenbrock,100,3,175000,47.34056835510904
CMAES,Rosenbrock,100,3,176000,47.03873150093646
CMAES,Rosenbrock,100,3,177000,46.76647532653301
CMAES,Rosenbrock,100,3,178000,46.52320094686043
CMAES,Rosenbrock,100,3,179000,46.23058588366324
CMAES,Rosenbrock,100,3,180000,45.949733135869664
CMAES,Rosenbrock,100,3,181000,45.683831867056035
CMAES,Rosenbrock,100,3,182000,45.46632051188038
CMAES,Rosenbrock,100,3,183000,45.235250446997846
CMAES,Rosenbrock,100,3,184000,44.984071361367015
CMAES,Rosenbrock,100,3,185000,44.69290941518812
CMAES,Rosenbrock,100,3,186000,44.41543451612888
CMAES,Rosenbrock,100,3,187000,44.15216912261779
CMAES,Rosenbrock,100,3,188000,43.97471764973724
CMAES,Rosenbrock,100,3,189000,43.742894443037606
CMAES,Rosenbrock,100,3,190000,43.50443821746005
CMAES,Rosenbrock,100,3,191000,43.222315961053376
CMAES,Rosenbrock,100,3,192000,42.96220812343101
CMAES,Rosenbrock,100,3,193000,42.674757552994855
CMAES,Rosenbrock,100,3,194000,42.39297297300317
CMAES,Rosenbrock,100,3,195000,42.1459317949462
CMAES,Rosenbrock,100,3,196000,41.900474564947835
CMAES,Rosenbrock,100,3,197000,41.688596679846505
CMAES,Rosenbrock,100,3,198000,41.47624431271339
CMAES,Rosenbrock,100,3,199000,41.248173133601505
CMAES,Rosenbrock,100,3,200000,40.96690369029144
CMAES,Rosenbrock,100,3,201000,40.73575281323725
CMAES,Rosenbrock,100,3,202000,40.50040142925454
CMAES,Rosenbrock,100,3,203000,40.27525371345424
CMAES,Rosenbrock,100,3,204000,40.0594479170245
CMAES,Rosenbrock,100,3,205000,39.86307179107453
CMAES,Rosenbrock,100,3,206000,39.624294360379395
CMAES,Rosenbrock,100,3,207000,39.39948698677983
CMAES,Rosenbrock,100,3,208000,39.16404943985454
CMAES,Rosenbrock,100,3,209000,38.945353470929916
CMAES,Rosenbrock,100,3,210000,38.70046304833961
CMAES,Rosenbrock,100,3,211000,38.42066849512115
CMAES,Rosenbrock,100,3,212000,38.18383676895684
CMAES,Rosenbrock,100,3,213000,37.92928412207312
CMAES,Rosenbrock,100,3,214000,37.61919667359519
CMAES,Rosenbrock,100,3,215000,37.33205450157616
CMAES,Rosenbrock,100,3,216000,37.115745821380585
CMAES,Rosenbrock,100,3,217000,36.9004035025858
CMAES,Rosenbrock,100,3,218000,36.69062557453918
CMAES,Rosenbrock,100,3,219000,36.44745615108537
CMAES,Rosenbrock,100,3,220000,36.17229660536353
CMAES,Rosenbrock,100,3,221000,35.930388609005625
CMAES,Rosenbrock,100,3,222000,35.631601222961706
CMAES,Rosenbrock,100,3,223000,35.346250965142765
CMAES,Rosenbrock,100,3,224000,35.06996196259093
CMAES,Rosenbrock,100,3,225000,34.822306089942074
CMAES,Rosenbrock,100,3,226000,34.57367301382272
CMAES,Rosenbrock,100,3,227000,34.33464723978672
CMAES,Rosenbrock,100,3,228000,34.113573910190084
CMAES,Rosenbrock,100,3,229000,33.905650311642425
CMAES,Rosenbrock,100,3,230000,33.74084315692119
CMAES,Rosenbrock,100,3,231000,33.47492586465779
CMAES,Rosenbrock,100,3,232000,33.201992410094356
CMAES,Rosenbrock,100,3,233000,32.94563287480844
CMAES,Rosenbrock,100,3,234000,32.7426632344969
CMAES,Rosenbrock,100,3,235000,32.482555849442335
CMAES,Rosenbrock,100,3,236000,32.206170895754795
CMAES,Rosenbrock,100,3,237000,31.89698505621893
CMAES,Rosenbrock,100,3,238000,31.625584946323936
CMAES,Rosenbrock,100,3,239000,31.371730782184315
CMAES,Rosenbrock,100,3,240000,31.14228023201715
CMAES,Rosenbrock,100,3,241000,30.940456334946226
CMAES,Rosenbrock,100,3,242000,30.71446252877166
CMAES,Rosenbrock,100,3,243000,30.457695584758095
CMAES,Rosenbrock,100,3,244000,30.188020037497864
CMAES,Rosenbrock,100,3,245000,29.960010784285256
CMAES,Rosenbrock,100,3,246000,29.72357918619166
CMAES,Rosenbrock,100,3,247000,29.419770014932496
CMAES,Rosenbrock,100,3,248000,29.1441432481916
CMAES,Rosenbrock,100,3,249000,28.91949221742525
CMAES,Rosenbrock,100,3,250000,28.684403780473055
CMAES,Rosenbrock,100,3,251000,28.4637445467724
CMAES,Rosenbrock,100,3,252000,28.263742457518845
CMAES,Rosenbrock,100,3,253000,28.021790957139537
CMAES,Rosenbrock,100,3,254000,27.772180912500303
CMAES,Rosenbrock,100,3,255000,27.531965234009107
CMAES,Rosenbrock,100,3,256000,27.326663798794996
CMAES,Rosenbrock,100,3,257000,27.067856981400645
CMAES,Rosenbrock,100,3,258000,26.80347278023071
CMAES,Rosenbrock,100,3,259000,26.566790201327677
CMAES,Rosenbrock,100,3,260000,26.321309363517834
CMAES,Rosenbrock,100,3,261000,26.072988796170115
CMAES,Rosenbrock,100,3,262000,25.78980200645773
CMAES,Rosenbrock,100,3,263000,25.57728247881724
CMAES,Rosenbrock,100,3,264000,25.334063023896242
CMAES,Rosenbrock,100,3,265000,25.080493710978413
CMAES,Rosenbrock,100,3,266000,24.81756200185211
CMAES,Rosenbrock,100,3,267000,24.597205399426723
CMAES,Rosenbrock,100,3,268000,24.343572387834087
CMAES,Rosenbrock,100,3,269000,24.140914697479705
CMAES,Rosenbrock,100,3,270000,23.932252116669062
CMAES,Rosenbrock,100,3,271000,23.668330269413154
CMAES,Rosenbrock,100,3,272000,23.417548871757248
CMAES,Rosenbrock,100,3,273000,23.199294690262025
CMAES,Rosenbrock,100,3,274000,22.931547139996905
CMAES,Rosenbrock,100,3,275000,22.72634108447
CMAES,Rosenbrock,100,3,276000,22.50964800526507
CMAES,Rosenbrock,100,3,277000,22.250715017766595
CMAES,Rosenbrock,100,3,278000,22.002308011072817
CMAES,Rosenbrock,100,3,279000,21.73288218048916
CMAES,Rosenbrock,100,3,280000,21.47084123713159
CMAES,Rosenbrock,100,3,281000,21.17497222432841
CMAES,Rosenbrock,100,3,282000,20.91857466052163
CMAES,Rosenbrock,100,3,283000,20.67328327021139
CMAES,Rosenbrock,100,3,284000,20.460159193067607
CMAES,Rosenbrock,100,3,285000,20.23159551273378
CMAES,Rosenbrock,100,3,286000,20.050644488437634
CMAES,Rosenbrock,100,3,287000,19.803439894211365
CMAES,Rosenbrock,100,3,288000,19.508282606109717
CMAES,Rosenbrock,100,3,289000,19.1910385234574
CMAES,Rosenbrock,100,3,290000,18.921357646521543
CMAES,Rosenbrock,100,3,291000,18.672978274742785
CMAES,Rosenbrock,100,3,292000,18.443576214661974
CMAES,Rosenbrock,100,3,293000,18.24483276731041
CMAES,Rosenbrock,100,3,294000,18.063898442954727
CMAES,Rosenbrock,100,3,295000,17.831588497796385
CMAES,Rosenbrock,100,3,296000,17.52758908218309
CMAES,Rosenbrock,100,3,297000,17.302310807579683
CMAES,Rosenbrock,100,3,298000,17.0542232874098
CMAES,Rosenbrock,100,3,299000,16.84121622442905
CMAES,Rosenbrock,100,3,300000,16.598583509814333
CMAES,Rosenbrock,100,3,301000,16.41683235419879
CMAES,Rosenbrock,100,3,302000,16.19306265442942
CMAES,Rosenbrock,100,3,303000,15.965088655663674
CMAES,Rosenbrock,100,3,304000,15.736419703587552
CMAES,Rosenbrock,100,3,305000,15.509374148405097
CMAES,Rosenbrock,100,3,306000,15.288513440466213
CMAES,Rosenbrock,100,3,307000,15.031401711948334
CMAES,Rosenbrock,100,3,308000,14.759694174869763
CMAES,Rosenbrock,100,3,309000,14.54834253256357
CMAES,Rosenbrock,100,3,310000,14.25696453257345
CMAES,Rosenbrock,100,3,311000,14.049104192201264
CMAES,Rosenbrock,100,3,312000,13.802555472583123
CMAES,Rosenbrock,100,3,313000,13.539111179509959
CMAES,Rosenbrock,100,3,314000,13.29365487099217
CMAES,Rosenbrock,100,3,315000,13.061835630052851
CMAES,Rosenbrock,100,3,316000,12.81912758222394
CMAES,Rosenbrock,100,3,317000,12.605224365468867
CMAES,Rosenbrock,100,3,318000,12.355164238904903
CMAES,Rosenbrock,100,3,319000,12.119700357128044
CMAES,Rosenbrock,100,3,320000,11.877658517419002
CMAES,Rosenbrock,100,3,321000,11.630385197552183
CMAES,Rosenbrock,100,3,322000,11.404361952488898
CMAES,Rosenbrock,100,3,323000,11.147186530730925
CMAES,Rosenbrock,100,3,324000,10.919933147731381
CMAES,Rosenbrock,100,3,325000,10.654362965901335
CMAES,Rosenbrock,100,3,326000,10.469777218707
CMAES,Rosenbrock,100,3,327000,10.26007239520841
CMAES,Rosenbrock,100,3,328000,10.047690413549637
CMAES,Rosenbrock,100,3,329000,9.817348322954576
CMAES,Rosenbrock,100,3,330000,9.59884876227991
CMAES,Rosenbrock,100,3,331000,9.34290741939523
CMAES,Rosenbrock,100,3,332000,9.11767195327226
CMAES,Rosenbrock,100,3,333000,8.882071901506535
CMAES,Rosenbrock,100,3,334000,8.617736594292028
CMAES,Rosenbrock,100,3,335000,8.353707200042644
CMAES,Rosenbrock,100,3,336000,8.093345957330076
CMAES,Rosenbrock,100,3,337000,7.81995621506596
CMAES,Rosenbrock,100,3,338000,7.625772057103653
CMAES,Rosenbrock,100,3,339000,7.338706328542182
CMAES,Rosenbrock,100,3,340000,7.090795897521862
CMAES,Rosenbrock,100,3,341000,6.85793525482245
CMAES,Rosenbrock,100,3,342000,6.620784686973836
CMAES,Rosenbrock,100,3,343000,6.4235987724594406
CMAES,Rosenbrock,100,3,344000,6.197935380362643
CMAES,Rosenbrock,100,3,345000,5.997504838939527
CMAES,Rosenbrock,100,3,346000,5.696105184518459
CMAES,Rosenbrock,100,3,347000,5.438401321935213
CMAES,Rosenbrock,100,3,348000,5.148846405331662
CMAES,Rosenbrock,100,3,349000,4.864566542128529
CMAES,Rosenbrock,100,3,350000,4.653014648732521
CMAES,Rosenbrock,100,3,351000,4.4160503055893665
CMAES,Rosenbrock,100,3,352000,4.209758000310287
CMAES,Rosenbrock,100,3,353000,4.009040222097426
CMAES,Rosenbrock,100,3,354000,3.794774162691307
CMAES,Rosenbrock,100,3,355000,3.56053574587983
CMAES,Rosenbrock,100,3,356000,3.3281823603794756
CMAES,Rosenbrock,100,3,357000,3.0503158311952303
CMAES,Rosenbrock,100,3,358000,2.787793096729748
CMAES,Rosenbrock,100,3,359000,2.549352227446792
CMAES,Rosenbrock,100,3,360000,2.366093360888037
CMAES,Rosenbrock,100,3,361000,2.1354415933950923
CMAES,Rosenbrock,100,3,362000,1.9039213843137146
CMAES,Rosenbrock,100,3,363000,1.6544960553658852
CMAES,Rosenbrock,100,3,364000,1.4532731395053502
CMAES,Rosenbrock,100,3,365000,1.2787409906163267
CMAES,Rosenbrock,100,3,366000,1.1164712617420536
CMAES,Rosenbrock,100,3,367000,0.9895178455610738
CMAES,Rosenbrock,100,3,368000,0.8789674023508639
CMAES,Rosenbrock,100,3,369000,0.7502103013828949
CMAES,Rosenbrock,100,3,370000,0.6416262501802983
CMAES,Rosenbrock,100,3,371000,0.5200164563883556
CMAES,Rosenbrock,100,3,372000,0.4070507539080014
CMAES,Rosenbrock,100,3,373000,0.31925274129931924
CMAES,Rosenbrock,100,3,374000,0.24592575022264254
CMAES,Rosenbrock,100,3,375000,0.18316075474577642
CMAES,Rosenbrock,100,3,376000,0.13059973531387317
CMAES,Rosenbrock,100,3,377000,0.08907421737395074
CMAES,Rosenbrock,100,3,378000,0.06161699819390658
CMAES,Rosenbrock,100,3,379000,0.037231301456415025
CMAES,Rosenbrock,100,3,380000,0.02136096628268311
CMAES,Rosenbrock,100,3,381000,0.010961110385544271
CMAES,Rosenbrock,100,3,382000,0.004595239619897669
CMAES,Rosenbrock,100,3,383000,0.001829350490516569
CMAES,Rosenbrock,100,3,384000,0.0006060170779978533
CMAES,Rosenbrock,100,3,385000,0.00020375584146688336
CMAES,Rosenbrock,100,3,386000,5.759796005765698e-05
CMAES,Rosenbrock,100,3,387000,1.6395619945035745e-05
CMAES,Rosenbrock,100,3,388000,5.0577603194115045e-06
CMAES,Rosenbrock,100,3,389000,1.1590114365069948e-06
CMAES,Rosenbrock,100,3,390000,3.1198222209031984e-07
CMAES,Rosenbrock,100,3,391000,1.1913159264203397e-07
CMAES,Rosenbrock,100,3,392000,2.418300344440673e-08
CMAES,Rosenbrock,100,3,393000,6.4172694946386425e-09
CMAES,Rosenbrock,100,3,394000,1.8837114417835583e-09
CMAES,Rosenbrock,100,3,395000,3.5921743847982877e-10
CMAES,Rosenbrock,100,3,396000,8.880809196624941e-11
CMAES,Rosenbrock,100,3,397000,2.1261175445885375e-11
CMAES,Rosenbrock,100,3,398000,5.636383511993864e-12
CMAES,Rosenbrock,100,3,399000,1.132422555860376e-12
CMAES,Rosenbrock,100,3,400000,2.424945569864603e-13
CMAES,Rosenbrock,100,3,401000,6.611362837134316e-14
CMAES,Rosenbrock,100,3,402000,1.6741036963073483e-14
CMAES,Rosenbrock,100,4,1000,36465694.636768505
CMAES,Rosenbrock,100,4,2000,725282.4375003532
CMAES,Rosenbrock,100,4,3000,26148.72805412055
CMAES,Rosenbrock,100,4,4000,2258.3712896122506
CMAES,Rosenbrock,100,4,5000,382.48583967302443
CMAES,Rosenbrock,100,4,6000,147.8960269095181
CMAES,Rosenbrock,100,4,7000,103.53298873977865
CMAES,Rosenbrock,100,4,8000,98.08965876686399
CMAES,Rosenbrock,100,4,9000,97.50446255107298
CMAES,Rosenbrock,100,4,10000,97.30653156862721
CMAES,Rosenbrock,100,4,11000,97.0774153580775
CMAES,Rosenbrock,100,4,12000,96.67631825508099
CMAES,Rosenbrock,100,4,13000,96.03134350065464
CMAES,Rosenbrock,100,4,14000,95.45026415365543
CMAES,Rosenbrock,100,4,15000,94.87483959820601
CMAES,Rosenbrock,100,4,16000,94.35209972844228
CMAES,Rosenbrock,100,4,17000,93.8830505762238
CMAES,Rosenbrock,100,4,18000,93.42683307318711
CMAES,Rosenbrock,100,4,19000,93.02857324080087
CMAES,Rosenbrock,100,4,20000,92.60280828530404
CMAES,Rosenbrock,100,4,21000,92.12484772945596
CMAES,Rosenbrock,100,4,22000,91.64597366211122
CMAES,Rosenbrock,100,4,23000,91.32556590880998
CMAES,Rosenbrock,100,4,24000,90.97425013029924
CMAES,Rosenbrock,100,4,25000,90.55579889607313
CMAES,Rosenbrock,100,4,26000,90.15435081267402
CMAES,Rosenbrock,100,4,27000,89.74842760362351
CMAES,Rosenbrock,100,4,28000,89.31289260645057
CMAES,Rosenbrock,100,4,29000,88.99592427569166
CMAES,Rosenbrock,100,4,30000,88.63217002462312
CMAES,Rosenbrock,100,4,31000,88.2636280214985
CMAES,Rosenbrock,100,4,32000,87.90245982761218
CMAES,Rosenbrock,100,4,33000,87.51478273938747
CMAES,Rosenbrock,100,4,34000,87.17464639339626
CMAES,Rosenbrock,100,4,35000,86.84041270245513
CMAES,Rosenbrock,100,4,36000,86.56234553404639
CMAES,Rosenbrock,100,4,37000,86.15699436265535
CMAES,Rosenbrock,100,4,38000,85.85705202340684
CMAES,Rosenbrock,100,4,39000,85.51377350820742
CMAES,Rosenbrock,100,4,40000,85.11289062090582
CMAES,Rosenbrock,100,4,41000,84.84949470486897
CMAES,Rosenbrock,100,4,42000,84.52713912311816
CMAES,Rosenbrock,100,4,43000,84.21493606943145
CMAES,Rosenbrock,100,4,44000,83.91223050220746
CMAES,Rosenbrock,100,4,45000,83.61699693180155
CMAES,Rosenbrock,100,4,46000,83.24349169286566
CMAES,Rosenbrock,100,4,47000,82.94333769838602
CMAES,Rosenbrock,100,4,48000,82.60711317896532
CMAES,Rosenbrock,100,4,49000,82.33086202624106
CMAES,Rosenbrock,100,4,50000,81.97262357903999
CMAES,Rosenbrock,100,4,51000,81.63153174600701
CMAES,Rosenbrock,100,4,52000,81.3086443581066
CMAES,Rosenbrock,100,4,53000,80.9657129901967
CMAES,Rosenbrock,100,4,54000,80.69412273990677
CMAES,Rosenbrock,100,4,55000,80.35208796980186
CMAES,Rosenbrock,100,4,56000,80.05134435353588
CMAES,Rosenbrock,100,4,57000,79.74022630472398
CMAES,Rosenbrock,100,4,58000,79.38348127496309
CMAES,Rosenbrock,100,4,59000,79.05552555192826
CMAES,Rosenbrock,100,4,60000,78.79752965884074
CMAES,Rosenbrock,100,4,61000,78.5451753554939
CMAES,Rosenbrock,100,4,62000,78.27340295209785
CMAES,Rosenbrock,100,4,63000,77.9317910742078
CMAES,Rosenbrock,100,4,64000,77.66290140951365
CMAES,Rosenbrock,100,4,65000,77.3371797335731
CMAES,Rosenbrock,100,4,66000,77.06883182183917
CMAES,Rosenbrock,100,4,67000,76.77723714403383
CMAES,Rosenbrock,100,4,68000,76.48363353837655
CMAES,Rosenbrock,100,4,69000,76.22050390736807
CMAES,Rosenbrock,100,4,70000,75.89624081037138
CMAES,Rosenbrock,100,4,71000,75.62531616962553
CMAES,Rosenbrock,100,4,72000,75.28463380935698
CMAES,Rosenbrock,100,4,73000,75.01293125299951
CMAES,Rosenbrock,100,4,74000,74.74358253395374
CMAES,Rosenbrock,100,4,75000,74.43805819249188
CMAES,Rosenbrock,100,4,76000,74.16383469531789
CMAES,Rosenbrock,100,4,77000,73.85256318718501
CMAES,Rosenbrock,100,4,78000,73.56376065062857
CMAES,Rosenbrock,100,4,79000,73.23592292450859
CMAES,Rosenbrock,100,4,80000,72.9380865098283
CMAES,Rosenbrock,100,4,81000,72.59704133548584
CMAES,Rosenbrock,100,4,82000,72.32730932136607
CMAES,Rosenbrock,100,4,83000,72.08159808633894
CMAES,Rosenbrock,100,4,84000,71.81466373541316
CMAES,Rosenbrock,100,4,85000,71.57289348942805
CMAES,Rosenbrock,100,4,86000,71.31302373064297
CMAES,Rosenbrock,100,4,87000,71.05961763500697
CMAES,Rosenbrock,100,4,88000,70.7774638392246
CMAES,Rosenbrock,100,4,89000,70.44784762598604
CMAES,Rosenbrock,100,4,90000,70.17425878628548
CMAES,Rosenbrock,100,4,91000,69.87390128662376
CMAES,Rosenbrock,100,4,92000,69.58451382601427
CMAES,Rosenbrock,100,4,93000,69.31329803510592
CMAES,Rosenbrock,100,4,94000,69.0334579045157
CMAES,Rosenbrock,100,4,95000,68.7439530705504
CMAES,Rosenbrock,100,4,96000,68.39931096916987
CMAES,Rosenbrock,100,4,97000,68.12824570563089
CMAES,Rosenbrock,100,4,98000,67.84746060144445
CMAES,Rosenbrock,100,4,99000,67.58350150208908
CMAES,Rosenbrock,100,4,100000,67.30627384346862
CMAES,Rosenbrock,100,4,101000,67.03649751277092
CMAES,Rosenbrock,100,4,102000,66.7892869644964
CMAES,Rosenbrock,100,4,103000,66.54443999417256
CMAES,Rosenbrock,100,4,104000,66.29471214096404
CMAES,Rosenbrock,100,4,105000,65.97845924728122
CMAES,Rosenbrock,100,4,106000,65.69397792330764
CMAES,Rosenbrock,100,4,107000,65.4336809059116
CMAES,Rosenbrock,100,4,108000,65.19876344902032
CMAES,Rosenbrock,100,4,109000,64.92189413227733
CMAES,Rosenbrock,100,4,110000,64.66040489798218
CMAES,Rosenbrock,100,4,111000,64.3508402329525
CMAES,Rosenbrock,100,4,112000,64.07031948038421
CMAES,Rosenbrock,100,4,113000,63.86341708235154
CMAES,Rosenbrock,100,4,114000,63.60711111077515
CMAES,Rosenbrock,100,4,115000,63.361585599190505
CMAES,Rosenbrock,100,4,116000,63.122258540812346
CMAES,Rosenbrock,100,4,117000,62.861923356776074
CMAES,Rosenbrock,100,4,118000,62.58059669191567
CMAES,Rosenbrock,100,4,119000,62.35633102382486
CMAES,Rosenbrock,100,4,120000,62.09984191878791
CMAES,Rosenbrock,100,4,121000,61.830345780531815
CMAES,Rosenbrock,100,4,122000,61.54219519238613
CMAES,Rosenbrock,100,4,123000,61.28469400980505
CMAES,Rosenbrock,100,4,124000,61.040979065714694
CMAES,Rosenbrock,100,4,125000,60.7374345992059
CMAES,Rosenbrock,100,4,126000,60.411361548491314
CMAES,Rosenbrock,100,4,127000,60.14935708868282
CMAES,Rosenbrock,100,4,128000,59.95154859043531
CMAES,Rosenbrock,100,4,129000,59.68346649720289
CMAES,Rosenbrock,100,4,130000,59.46001358363195
CMAES,Rosenbrock,100,4,131000,59.188318066404236
CMAES,Rosenbrock,100,4,132000,58.97023009271079
CMAES,Rosenbrock,100,4,133000,58.70687002547278
CMAES,Rosenbrock,100,4,134000,58.43658795122495
CMAES,Rosenbrock,100,4,135000,58.20565336277524
CMAES,Rosenbrock,100,4,136000,57.92380591929688
CMAES,Rosenbrock,100,4,137000,57.662937435093355
CMAES,Rosenbrock,100,4,138000,57.339169194301164
CMAES,Rosenbrock,100,4,139000,57.13823105256501
CMAES,Rosenbrock,100,4,140000,56.86783126695561
CMAES,Rosenbrock,100,4,141000,56.600557066967184
CMAES,Rosenbrock,100,4,142000,56.31298029142866
CMAES,Rosenbrock,100,4,143000,56.05348048222707
CMAES,Rosenbrock,100,4,144000,55.84366448573077
CMAES,Rosenbrock,100,4,145000,55.55425242974618
CMAES,Rosenbrock,100,4,146000,55.296022157963044
CMAES,Rosenbrock,100,4,147000,55.0550210301073
CMAES,Rosenbrock,100,4,148000,54.829110169338755
CMAES,Rosenbrock,100,4,149000,54.58482666011012
CMAES,Rosenbrock,100,4,150000,54.334296352547966
CMAES,Rosenbrock,100,4,151000,54.07875098055262
CMAES,Rosenbrock,100,4,152000,53.84129398059749
CMAES,Rosenbrock,100,4,153000,53.6113492552521
CMAES,Rosenbrock,100,4,154000,53.312336000455005
CMAES,Rosenbrock,100,4,155000,53.05936533902348
CMAES,Rosenbrock,100,4,156000,52.8050905298898
CMAES,Rosenbrock,100,4,157000,52.54018912934405
CMAES,Rosenbrock,100,4,158000,52.30021529051453
CMAES,Rosenbrock,100,4,159000,52.08290230859149
CMAES,Rosenbrock,100,4,160000,51.86152653972212
CMAES,Rosenbrock,100,4,161000,51.6053568140046
CMAES,Rosenbrock,100,4,162000,51.34933024145031
CMAES,Rosenbrock,100,4,163000,51.09071262336331
CMAES,Rosenbrock,100,4,164000,50.815254607407546
CMAES,Rosenbrock,100,4,165000,50.528267964389805
CMAES,Rosenbrock,100,4,166000,50.253463282190495
CMAES,Rosenbrock,100,4,167000,49.994849417698966
CMAES,Rosenbrock,100,4,168000,49.78049860382019
CMAES,Rosenbrock,100,4,169000,49.56735833568032
CMAES,Rosenbrock,100,4,170000,49.367321991401944
CMAES,Rosenbrock,100,4,171000,49.134663514048675
CMAES,Rosenbrock,100,4,172000,48.85540892030789
CMAES,Rosenbrock,100,4,173000,48.5847713812597
CMAES,Rosenbrock,100,4,174000,48.30982120161361
CMAES,Rosenbrock,100,4,175000,48.09847527495056
CMAES,Rosenbrock,100,4,176000,47.81857433183586
CMAES,Rosenbrock,100,4,177000,47.54940197320479
CMAES,Rosenbrock,100,4,178000,47.30810347368204
CMAES,Rosenbrock,100,4,179000,47.037119575265685
CMAES,Rosenbrock,100,4,180000,46.79790255792252
CMAES,Rosenbrock,100,4,181000,46.5219621147236
CMAES,Rosenbrock,100,4,182000,46.24113656575755
CMAES,Rosenbrock,100,4,183000,46.00037271247529
CMAES,Rosenbrock,100,4,184000,45.793734648341896
CMAES,Rosenbrock,100,4,185000,45.548793813731905
CMAES,Rosenbrock,100,4,186000,45.28604111348338
CMAES,Rosenbrock,100,4,187000,45.03634705312067
CMAES,Rosenbrock,100,4,188000,44.81823867780799
CMAES,Rosenbrock,100,4,189000,44.546373838717734
CMAES,Rosenbrock,100,4,190000,44.33652300404925
CMAES,Rosenbrock,100,4,191000,44.05516644510499
CMAES,Rosenbrock,100,4,192000,43.76280049069472
CMAES,Rosenbrock,100,4,193000,43.46073695279154
CMAES,Rosenbrock,100,4,194000,43.16576958205021
CMAES,Rosenbrock,100,4,195000,42.90465939484188
CMAES,Rosenbrock,100,4,196000,42.67525513331125
CMAES,Rosenbrock,100,4,197000,42.40541126291837
CMAES,Rosenbrock,100,4,198000,42.143113246151366
CMAES,Rosenbrock,100,4,199000,41.85146346946289
CMAES,Rosenbrock,100,4,200000,41.61980454463506
CMAES,Rosenbrock,100,4,201000,41.37158033146749
CMAES,Rosenbrock,100,4,202000,41.12238311856265
CMAES,Rosenbrock,100,4,203000,40.92857470640369
CMAES,Rosenbrock,100,4,204000,40.691334854181385
CMAES,Rosenbrock,100,4,205000,40.44231297811848
CMAES,Rosenbrock,100,4,206000,40.202661026842456
CMAES,Rosenbrock,100,4,207000,39.94826772773922
CMAES,Rosenbrock,100,4,208000,39.67075828712433
CMAES,Rosenbrock,100,4,209000,39.45740233974315
CMAES,Rosenbrock,100,4,210000,39.24065230258749
CMAES,Rosenbrock,100,4,211000,39.014841515748266
CMAES,Rosenbrock,100,4,212000,38.82732452733539
CMAES,Rosenbrock,100,4,213000,38.56247976508684
CMAES,Rosenbrock,100,4,214000,38.33190176749887
CMAES,Rosenbrock,100,4,215000,38.06913578705595
CMAES,Rosenbrock,100,4,216000,37.85194092396756
CMAES,Rosenbrock,100,4,217000,37.62437287732183
CMAES,Rosenbrock,100,4,218000,37.40005164523577
CMAES,Rosenbrock,100,4,219000,37.17085184288845
CMAES,Rosenbrock,100,4,220000,36.93170907842261
CMAES,Rosenbrock,100,4,221000,36.712123952869874
CMAES,Rosenbrock,100,4,222000,36.46798822769911
CMAES,Rosenbrock,100,4,223000,36.20541740035141
CMAES,Rosenbrock,100,4,224000,35.974801488268405
CMAES,Rosenbrock,100,4,225000,35.69141847238445
CMAES,Rosenbrock,100,4,226000,35.42504146320561
CMAES,Rosenbrock,100,4,227000,35.162512049611486
CMAES,Rosenbrock,100,4,228000,34.893534280097846
CMAES,Rosenbrock,100,4,229000,34.68261338240501
CMAES,Rosenbrock,100,4,230000,34.43845869041706
CMAES,Rosenbrock,100,4,231000,34.184609655319015
CMAES,Rosenbrock,100,4,232000,33.95898009206264
CMAES,Rosenbrock,100,4,233000,33.68644308623474
CMAES,Rosenbrock,100,4,234000,33.41991740961321
CMAES,Rosenbrock,100,4,235000,33.19144229527352
CMAES,Rosenbrock,100,4,236000,32.980223366786426
CMAES,Rosenbrock,100,4,237000,32.716197196835026
CMAES,Rosenbrock,100,4,238000,32.4607088663697
CMAES,Rosenbrock,100,4,239000,32.236908552222175
CMAES,Rosenbrock,100,4,240000,31.982222682417785
CMAES,Rosenbrock,100,4,241000,31.72186010433636
CMAES,Rosenbrock,100,4,242000,31.46490625587278
CMAES,Rosenbrock,100,4,243000,31.24959503157641
CMAES,Rosenbrock,100,4,244000,30.999800232861
CMAES,Rosenbrock,100,4,245000,30.700616533934575
CMAES,Rosenbrock,100,4,246000,30.45385522484539
CMAES,Rosenbrock,100,4,247000,30.16821637386586
CMAES,Rosenbrock,100,4,248000,29.94243138842226
CMAES,Rosenbrock,100,4,249000,29.720505547990054
CMAES,Rosenbrock,100,4,250000,29.46501489156982
CMAES,Rosenbrock,100,4,251000,29.24070108981163
CMAES,Rosenbrock,100,4,252000,28.974386208236474
CMAES,Rosenbrock,100,4,253000,28.709346450881213
CMAES,Rosenbrock,100,4,254000,28.436537913924607
CMAES,Rosenbrock,100,4,255000,28.18200368576818
CMAES,Rosenbrock,100,4,256000,27.998642474906518
CMAES,Rosenbrock,100,4,257000,27.76472080041858
CMAES,Rosenbrock,100,4,258000,27.52861044654417
CMAES,Rosenbrock,100,4,259000,27.346741165814645
CMAES,Rosenbrock,100,4,260000,27.10998560891891
CMAES,Rosenbrock,100,4,261000,26.85901309284992
CMAES,Rosenbrock,100,4,262000,26.583892645209836
CMAES,Rosenbrock,100,4,263000,26.33331554328969
CMAES,Rosenbrock,100,4,264000,26.07758127971872
CMAES,Rosenbrock,100,4,265000,25.840697543027726
CMAES,Rosenbrock,100,4,266000,25.597234721590606
CMAES,Rosenbrock,100,4,267000,25.35840855052644
CMAES,Rosenbrock,100,4,268000,25.138456270762884
CMAES,Rosenbrock,100,4,269000,24.91177535730036
CMAES,Rosenbrock,100,4,270000,24.667000808301324
CMAES,Rosenbrock,100,4,271000,24.46745419050837
CMAES,Rosenbrock,100,4,272000,24.214565203741298
CMAES,Rosenbrock,100,4,273000,23.966971485438766
CMAES,Rosenbrock,100,4,274000,23.729862685929564
CMAES,Rosenbrock,100,4,275000,23.537568557022635
CMAES,Rosenbrock,100,4,276000,23.3326919930709
CMAES,Rosenbrock,100,4,277000,23.077828709004255
CMAES,Rosenbrock,100,4,278000,22.831931389784575
CMAES,Rosenbrock,100,4,279000,22.587440691616628
CMAES,Rosenbrock,100,4,280000,22.33650578900331
CMAES,Rosenbrock,100,4,281000,22.11115776448211
CMAES,Rosenbrock,100,4,282000,21.84893780226176
CMAES,Rosenbrock,100,4,283000,21.64588934249579
CMAES,Rosenbrock,100,4,284000,21.43964478645776
CMAES,Rosenbrock,100,4,285000,21.226468701340483
CMAES,Rosenbrock,100,4,286000,20.976755366483747
CMAES,Rosenbrock,100,4,287000,20.778581130797743
CMAES,Rosenbrock,100,4,288000,20.48993938858134
CMAES,Rosenbrock,100,4,289000,20.22492909474508
CMAES,Rosenbrock,100,4,290000,19.954710240535242
CMAES,Rosenbrock,100,4,291000,19.722530882877944
CMAES,Rosenbrock,100,4,292000,19.48503951150081
CMAES,Rosenbrock,100,4,293000,19.27191305486906
CMAES,Rosenbrock,100,4,294000,18.994564533202663
CMAES,Rosenbrock,100,4,295000,18.702987244475345
CMAES,Rosenbrock,100,4,296000,18.469772571743984
CMAES,Rosenbrock,100,4,297000,18.267797306600823
CMAES,Rosenbrock,100,4,298000,18.01037872216393
CMAES,Rosenbrock,100,4,299000,17.749863698173456
CMAES,Rosenbrock,100,4,300000,17.47427922341688
CMAES,Rosenbrock,100,4,301000,17.262987065367106
CMAES,Rosenbrock,100,4,302000,17.024490130152287
CMAES,Rosenbrock,100,4,303000,16.7888942772835
CMAES,Rosenbrock,100,4,304000,16.5188420266542
CMAES,Rosenbrock,100,4,305000,16.27296918849793
CMAES,Rosenbrock,100,4,306000,16.038678158330054
CMAES,Rosenbrock,100,4,307000,15.792995196099417
CMAES,Rosenbrock,100,4,308000,15.543137074610264
CMAES,Rosenbrock,100,4,309000,15.305645649679802
CMAES,Rosenbrock,100,4,310000,15.101658870730898
CMAES,Rosenbrock,100,4,311000,14.846409382572052
CMAES,Rosenbrock,100,4,312000,14.620818972916997
CMAES,Rosenbrock,100,4,313000,14.368908058882983
CMAES,Rosenbrock,100,4,314000,14.074645322477469
CMAES,Rosenbrock,100,4,315000,13.853278546288234
CMAES,Rosenbrock,100,4,316000,13.609919758745603
CMAES,Rosenbrock,100,4,317000,13.35732541706647
CMAES,Rosenbrock,100,4,318000,13.165108083374896
CMAES,Rosenbrock,100,4,319000,12.95929836812671
CMAES,Rosenbrock,100,4,320000,12.768408806135941
CMAES,Rosenbrock,100,4,321000,12.545112532420648
CMAES,Rosenbrock,100,4,322000,12.34912162189311
CMAES,Rosenbrock,100,4,323000,12.116729403782504
CMAES,Rosenbrock,100,4,324000,11.813899005618394
CMAES,Rosenbrock,100,4,325000,11.569461144885508
CMAES,Rosenbrock,100,4,326000,11.330363813516492
CMAES,Rosenbrock,100,4,327000,11.102147730279473
CMAES,Rosenbrock,100,4,328000,10.88412770969832
CMAES,Rosenbrock,100,4,329000,10.644512533783056
CMAES,Rosenbrock,100,4,330000,10.379833102727183
CMAES,Rosenbrock,100,4,331000,10.09610556321479
CMAES,Rosenbrock,100,4,332000,9.806010383252904
CMAES,Rosenbrock,100,4,333000,9.580131974730804
CMAES,Rosenbrock,100,4,334000,9.406036117299868
CMAES,Rosenbrock,100,4,335000,9.19802048776322
CMAES,Rosenbrock,100,4,336000,8.989978188676195
CMAES,Rosenbrock,100,4,337000,8.79428318821075
CMAES,Rosenbrock,100,4,338000,8.560240032236415
CMAES,Rosenbrock,100,4,339000,8.288486850882107
CMAES,Rosenbrock,100,4,340000,8.038681911828547
CMAES,Rosenbrock,100,4,341000,7.824957498188888
CMAES,Rosenbrock,100,4,342000,7.6088809732395895
CMAES,Rosenbrock,100,4,343000,7.367832194628269
CMAES,Rosenbrock,100,4,344000,7.11190686504268
CMAES,Rosenbrock,100,4,345000,6.884055260953911
CMAES,Rosenbrock,100,4,346000,6.656127668657955
CMAES,Rosenbrock,100,4,347000,6.434861011029998
CMAES,Rosenbrock,100,4,348000,6.179630134100025
CMAES,Rosenbrock,100,4,349000,5.953513573254903
CMAES,Rosenbrock,100,4,350000,5.732438047715681
CMAES,Rosenbrock,100,4,351000,5.478589751571297
CMAES,Rosenbrock,100,4,352000,5.264439714015406
CMAES,Rosenbrock,100,4,353000,4.99812569248422
CMAES,Rosenbrock,100,4,354000,4.829169492203372
CMAES,Rosenbrock,100,4,355000,4.6566795052035825
CMAES,Rosenbrock,100,4,356000,4.468165405883293
CMAES,Rosenbrock,100,4,357000,4.225019013173221
CMAES,Rosenbrock,100,4,358000,3.9719015826043447
CMAES,Rosenbrock,100,4,359000,3.7421194748008646
CMAES,Rosenbrock,100,4,360000,3.5087444208466745
CMAES,Rosenbrock,100,4,361000,3.2569782192386234
CMAES,Rosenbrock,100,4,362000,3.023147016479587
CMAES,Rosenbrock,100,4,363000,2.785721788339105
CMAES,Rosenbrock,100,4,364000,2.6107757020225404
CMAES,Rosenbrock,100,4,365000,2.394147059122426
CMAES,Rosenbrock,100,4,366000,2.1906887011793925
CMAES,Rosenbrock,100,4,367000,1.9169238671092115
CMAES,Rosenbrock,100,4,368000,1.705992347371748
CMAES,Rosenbrock,100,4,369000,1.4461632488628888
CMAES,Rosenbrock,100,4,370000,1.264189828665586
CMAES,Rosenbrock,100,4,371000,1.0674319956649
CMAES,Rosenbrock,100,4,372000,0.9512364092591503
CMAES,Rosenbrock,100,4,373000,0.8457999404553627
CMAES,Rosenbrock,100,4,374000,0.7505578501383827
CMAES,Rosenbrock,100,4,375000,0.6612237545491757
CMAES,Rosenbrock,100,4,376000,0.5421034616150092
CMAES,Rosenbrock,100,4,377000,0.46206614403368307
CMAES,Rosenbrock,100,4,378000,0.3624788103086077
CMAES,Rosenbrock,100,4,379000,0.26945059481249023
CMAES,Rosenbrock,100,4,380000,0.19819746504931882
CMAES,Rosenbrock,100,4,381000,0.14163875812651033
CMAES,Rosenbrock,100,4,382000,0.09198958050649336
CMAES,Rosenbrock,100,4,383000,0.05810321718523011
CMAES,Rosenbrock,100,4,384000,0.03245939108796296
CMAES,Rosenbrock,100,4,385000,0.01861688208654863
CMAES,Rosenbrock,100,4,386000,0.007518912594900168
CMAES,Rosenbrock,100,4,387000,0.0034716532932724735
CMAES,Rosenbrock,100,4,388000,0.001484843631358361
CMAES,Rosenbrock,100,4,389000,0.0005598278275679619
CMAES,Rosenbrock,100,4,390000,0.0001789844935923542
CMAES,Rosenbrock,100,4,391000,4.363835104036001e-05
CMAES,Rosenbrock,100,4,392000,1.5568193773180685e-05
CMAES,Rosenbrock,100,4,393000,3.331335361268132e-06
CMAES,Rosenbrock,100,4,394000,1.2553510147646516e-06
CMAES,Rosenbrock,100,4,395000,2.412933913422625e-07
CMAES,Rosenbrock,100,4,396000,5.869335828102945e-08
CMAES,Rosenbrock,100,4,397000,1.7478230885167393e-08
CMAES,Rosenbrock,100,4,398000,4.941706295647265e-09
CMAES,Rosenbrock,100,4,399000,1.0349845234020108e-09
CMAES,Rosenbrock,100,4,400000,3.399136483249739e-10
CMAES,Rosenbrock,100,4,401000,6.505356641486068e-11
CMAES,Rosenbrock,100,4,402000,1.5682102629766007e-11
CMAES,Rosenbrock,100,4,403000,4.2128039323449985e-12
CMAES,Rosenbrock,100,4,404000,9.378486479115118e-13
CMAES,Rosenbrock,100,4,405000,2.4591111278391515e-13
CMAES,Rosenbrock,100,4,406000,5.3061360512324495e-14
CMAES,Rosenbrock,100,4,407000,1.0369167296006604e-14
CMAES,Rosenbrock,100,5,1000,25426102.00151667
CMAES,Rosenbrock,100,5,2000,713956.2988119411
CMAES,Rosenbrock,100,5,3000,24354.539203767166
CMAES,Rosenbrock,100,5,4000,3120.465340705785
CMAES,Rosenbrock,100,5,5000,1842.2501217821086
CMAES,Rosenbrock,100,5,6000,978.516822940302
CMAES,Rosenbrock,100,5,7000,726.0269689803761
CMAES,Rosenbrock,100,5,8000,631.5322973543794
CMAES,Rosenbrock,100,5,9000,605.7516399779608
CMAES,Rosenbrock,100,5,10000,589.1149426211313
CMAES,Rosenbrock,100,5,11000,559.671412765121
CMAES,Rosenbrock,100,5,12000,543.5601531384729
CMAES,Rosenbrock,100,5,13000,535.4393497890547
CMAES,Rosenbrock,100,5,14000,530.7202660374853
CMAES,Rosenbrock,100,5,15000,526.1474030692997
CMAES,Rosenbrock,100,5,16000,516.7643271393418
CMAES,Rosenbrock,100,5,17000,498.7019113666986
CMAES,Rosenbrock,100,5,18000,443.58187969841924
CMAES,Rosenbrock,100,5,19000,297.07943948984644
CMAES,Rosenbrock,100,5,20000,193.34954272639632
CMAES,Rosenbrock,100,5,21000,131.14457786990437
CMAES,Rosenbrock,100,5,22000,107.86798232547693
CMAES,Rosenbrock,100,5,23000,101.12825778353898
CMAES,Rosenbrock,100,5,24000,99.10282111039652
CMAES,Rosenbrock,100,5,25000,98.74657886121372
CMAES,Rosenbrock,100,5,26000,98.65728719030942
CMAES,Rosenbrock,100,5,27000,98.62378532355824
CMAES,Rosenbrock,100,5,28000,98.60990020615577
CMAES,Rosenbrock,100,5,29000,98.59646053012388
CMAES,Rosenbrock,100,5,30000,98.56987006450606
CMAES,Rosenbrock,100,5,31000,98.47867257231157
CMAES,Rosenbrock,100,5,32000,98.28811778739072
CMAES,Rosenbrock,100,5,33000,98.01876291397801
CMAES,Rosenbrock,100,5,34000,97.7785210711818
CMAES,Rosenbrock,100,5,35000,97.49682426337759
CMAES,Rosenbrock,100,5,36000,97.12901240135538
CMAES,Rosenbrock,100,5,37000,96.66792386313608
CMAES,Rosenbrock,100,5,38000,96.33018029667811
CMAES,Rosenbrock,100,5,39000,96.02815320208204
CMAES,Rosenbrock,100,5,40000,95.75080037104186
CMAES,Rosenbrock,100,5,41000,95.36617730654703
CMAES,Rosenbrock,100,5,42000,95.09111066433243
CMAES,Rosenbrock,100,5,43000,94.7651003775503
CMAES,Rosenbrock,100,5,44000,94.42776938155161
CMAES,Rosenbrock,100,5,45000,94.07295557568476
CMAES,Rosenbrock,100,5,46000,93.7510714479258
CMAES,Rosenbrock,100,5,47000,93.41072516475042
CMAES,Rosenbrock,100,5,48000,93.14043173857459
CMAES,Rosenbrock,100,5,49000,92.78128525886694
CMAES,Rosenbrock,100,5,50000,92.45333894052582
CMAES,Rosenbrock,100,5,51000,92.12242527692686
CMAES,Rosenbrock,100,5,52000,91.78506970408172
CMAES,Rosenbrock,100,5,53000,91.4797168842226
CMAES,Rosenbrock,100,5,54000,91.1391102761359
CMAES,Rosenbrock,100,5,55000,90.79582027585926
CMAES,Rosenbrock,100,5,56000,90.4664118413411
CMAES,Rosenbrock,100,5,57000,90.12478231642403
CMAES,Rosenbrock,100,5,58000,89.79222341216305
CMAES,Rosenbrock,100,5,59000,89.53880727441806
CMAES,Rosenbrock,100,5,60000,89.22958477335729
CMAES,Rosenbrock,100,5,61000,88.94435118852955
CMAES,Rosenbrock,100,5,62000,88.64549320304721
CMAES,Rosenbrock,100,5,63000,88.37351155271496
CMAES,Rosenbrock,100,5,64000,88.05918373426351
CMAES,Rosenbrock,100,5,65000,87.77044611536982
CMAES,Rosenbrock,100,5,66000,87.44835673793817
CMAES,Rosenbrock,100,5,67000,87.17666723422158
CMAES,Rosenbrock,100,5,68000,86.9689805861948
CMAES,Rosenbrock,100,5,69000,86.64028036536317
CMAES,Rosenbrock,100,5,70000,86.36868863725583
CMAES,Rosenbrock,100,5,71000,86.03804302266128
CMAES,Rosenbrock,100,5,72000,85.7406685466362
CMAES,Rosenbrock,100,5,73000,85.4609643055467
CMAES,Rosenbrock,100,5,74000,85.1929590016107
CMAES,Rosenbrock,100,5,75000,84.91028415838902
CMAES,Rosenbrock,100,5,76000,84.51447198596186
CMAES,Rosenbrock,100,5,77000,84.23871821739878
CMAES,Rosenbrock,100,5,78000,83.93557417525288
CMAES,Rosenbrock,100,5,79000,83.61266559710772
CMAES,Rosenbrock,100,5,80000,83.32395922674888
CMAES,Rosenbrock,100,5,81000,83.0510039275034
CMAES,Rosenbrock,100,5,82000,82.77061930578745
CMAES,Rosenbrock,100,5,83000,82.48788995459742
CMAES,Rosenbrock,100,5,84000,82.20041199635179
CMAES,Rosenbrock,100,5,85000,81.90543141897223
CMAES,Rosenbrock,100,5,86000,81.60517525493113
CMAES,Rosenbrock,100,5,87000,81.33282485603954
CMAES,Rosenbrock,100,5,88000,81.04003049511493
CMAES,Rosenbrock,100,5,89000,80.70755107922677
CMAES,Rosenbrock,100,5,90000,80.44263174719633
CMAES,Rosenbrock,100,5,91000,80.24037690632832
CMAES,Rosenbrock,100,5,92000,79.99136311046732
CMAES,Rosenbrock,100,5,93000,79.75913178384299
CMAES,Rosenbrock,100,5,94000,79.43402479243645
CMAES,Rosenbrock,100,5,95000,79.19816331917241
CMAES,Rosenbrock,100,5,96000,78.90530695193303
CMAES,Rosenbrock,100,5,97000,78.63961823461874
CMAES,Rosenbrock,100,5,98000,78.32364003708327
CMAES,Rosenbrock,100,5,99000,78.0559177454474
CMAES,Rosenbrock,100,5,100000,77.79041485410823
CMAES,Rosenbrock,100,5,101000,77.48135466207617
CMAES,Rosenbrock,100,5,102000,77.20888456303092
CMAES,Rosenbrock,100,5,103000,76.87943035881466
CMAES,Rosenbrock,100,5,104000,76.59268333315829
CMAES,Rosenbrock,100,5,105000,76.3197329591662
CMAES,Rosenbrock,100,5,106000,76.0978410842555
CMAES,Rosenbrock,100,5,107000,75.8363307373549
CMAES,Rosenbrock,100,5,108000,75.5685085650875
CMAES,Rosenbrock,100,5,109000,75.31701223665489
CMAES,Rosenbrock,100,5,110000,74.99978775005061
CMAES,Rosenbrock,100,5,111000,74.74641348532951
CMAES,Rosenbrock,100,5,112000,74.48807737902541
CMAES,Rosenbrock,100,5,113000,74.19027601203375
CMAES,Rosenbrock,100,5,114000,73.8954324104441
CMAES,Rosenbrock,100,5,115000,73.55343009335711
CMAES,Rosenbrock,100,5,116000,73.31332064130817
CMAES,Rosenbrock,100,5,117000,73.04995404398916
CMAES,Rosenbrock,100,5,118000,72.79794725428921
CMAES,Rosenbrock,100,5,119000,72.5803244264009
CMAES,Rosenbrock,100,5,120000,72.33407287302255
CMAES,Rosenbrock,100,5,121000,72.10242921628578
CMAES,Rosenbrock,100,5,122000,71.81067799811915
CMAES,Rosenbrock,100,5,123000,71.5125816293619
CMAES,Rosenbrock,100,5,124000,71.24073131675618
CMAES,Rosenbrock,100,5,125000,71.02788451243961
CMAES,Rosenbrock,100,5,126000,70.76923658473086
CMAES,Rosenbrock,100,5,127000,70.48942822426625
CMAES,Rosenbrock,100,5,128000,70.17122170491908
CMAES,Rosenbrock,100,5,129000,69.87584250571409
CMAES,Rosenbrock,100,5,130000,69.59418889930872
CMAES,Rosenbrock,100,5,131000,69.33737768852087
CMAES,Rosenbrock,100,5,132000,69.0931876006009
CMAES,Rosenbrock,100,5,133000,68.85706667252637
CMAES,Rosenbrock,100,5,134000,68.64632804927244
CMAES,Rosenbrock,100,5,135000,68.38404300722621
CMAES,Rosenbrock,100,5,136000,68.1372195851932
CMAES,Rosenbrock,100,5,137000,67.84495207786803
CMAES,Rosenbrock,100,5,138000,67.6128366479103
CMAES,Rosenbrock,100,5,139000,67.33966412526622
CMAES,Rosenbrock,100,5,140000,67.07899627881667
CMAES,Rosenbrock,100,5,141000,66.81109133979365
CMAES,Rosenbrock,100,5,142000,66.56090877971926
CMAES,Rosenbrock,100,5,143000,66.28115763084003
CMAES,Rosenbrock,100,5,144000,66.00425649979792
CMAES,Rosenbrock,100,5,145000,65.77308295104723
CMAES,Rosenbrock,100,5,146000,65.52366814222204
CMAES,Rosenbrock,100,5,147000,65.2956987279204
CMAES,Rosenbrock,100,5,148000,64.97970539122984
CMAES,Rosenbrock,100,5,149000,64.75024664998703
CMAES,Rosenbrock,100,5,150000,64.48644248295804
CMAES,Rosenbrock,100,5,151000,64.2421186650115
CMAES,Rosenbrock,100,5,152000,63.96119829944681
CMAES,Rosenbrock,100,5,153000,63.71627129675608
CMAES,Rosenbrock,100,5,154000,63.41980549992209
CMAES,Rosenbrock,100,5,155000,63.110847415260295
CMAES,Rosenbrock,100,5,156000,62.91427571615589
CMAES,Rosenbrock,100,5,157000,62.677619721168945
CMAES,Rosenbrock,100,5,158000,62.39950567438314
CMAES,Rosenbrock,100,5,159000,62.11287250475818
CMAES,Rosenbrock,100,5,160000,61.85837105376437
CMAES,Rosenbrock,100,5,161000,61.588551943815624
CMAES,Rosenbrock,100,5,162000,61.33525117787307
CMAES,Rosenbrock,100,5,163000,61.053822995985506
CMAES,Rosenbrock,100,5,164000,60.818232987350775
CMAES,Rosenbrock,100,5,165000,60.56051127661964
CMAES,Rosenbrock,100,5,166000,60.29922079678733
CMAES,Rosenbrock,100,5,167000,60.081712255250544
CMAES,Rosenbrock,100,5,168000,59.765372632360524
CMAES,Rosenbrock,100,5,169000,59.57854796235047
CMAES,Rosenbrock,100,5,170000,59.34975312950837
CMAES,Rosenbrock,100,5,171000,59.11607846517893
CMAES,Rosenbrock,100,5,172000,58.91513445225995
CMAES,Rosenbrock,100,5,173000,58.6304691586562
CMAES,Rosenbrock,100,5,174000,58.34066651980509
CMAES,Rosenbrock,100,5,175000,58.14522084458467
CMAES,Rosenbrock,100,5,176000,57.83613514829521
CMAES,Rosenbrock,100,5,177000,57.56579527116179
CMAES,Rosenbrock,100,5,178000,57.303565365647486
CMAES,Rosenbrock,100,5,179000,57.01791403990894
CMAES,Rosenbrock,100,5,180000,56.73923615876151
CMAES,Rosenbrock,100,5,181000,56.49952854415578
CMAES,Rosenbrock,100,5,182000,56.27632289961133
CMAES,Rosenbrock,100,5,183000,56.072564610456205
CMAES,Rosenbrock,100,5,184000,55.8481306614513
CMAES,Rosenbrock,100,5,185000,55.64418891792713
CMAES,Rosenbrock,100,5,186000,55.42533364381076
CMAES,Rosenbrock,100,5,187000,55.180099291969945
CMAES,Rosenbrock,100,5,188000,54.86744990940245
CMAES,Rosenbrock,100,5,189000,54.66148156921165
CMAES,Rosenbrock,100,5,190000,54.43334459622935
CMAES,Rosenbrock,100,5,191000,54.17925325783593
CMAES,Rosenbrock,100,5,192000,53.90402228486095
CMAES,Rosenbrock,100,5,193000,53.68992494268954
CMAES,Rosenbrock,100,5,194000,53.434753512016
CMAES,Rosenbrock,100,5,195000,53.23148669088993
CMAES,Rosenbrock,100,5,196000,52.97799876084032
CMAES,Rosenbrock,100,5,197000,52.737919581428685
CMAES,Rosenbrock,100,5,198000,52.47704616064934
CMAES,Rosenbrock,100,5,199000,52.229310922425626
CMAES,Rosenbrock,100,5,200000,51.971704204142455
CMAES,Rosenbrock,100,5,201000,51.73227963191374
CMAES,Rosenbrock,100,5,202000,51.49238276724726
CMAES,Rosenbrock,100,5,203000,51.21574362167466
CMAES,Rosenbrock,100,5,204000,50.98329605193183
CMAES,Rosenbrock,100,5,205000,50.74783815295642
CMAES,Rosenbrock,100,5,206000,50.53047873967268
CMAES,Rosenbrock,100,5,207000,50.27795518873652
CMAES,Rosenbrock,100,5,208000,50.04541910967677
CMAES,Rosenbrock,100,5,209000,49.80686182405928
CMAES,Rosenbrock,100,5,210000,49.544613423816486
CMAES,Rosenbrock,100,5,211000,49.30109088133592
CMAES,Rosenbrock,100,5,212000,48.99194937664395
CMAES,Rosenbrock,100,5,213000,48.75580325447564
CMAES,Rosenbrock,100,5,214000,48.52884537198563
CMAES,Rosenbrock,100,5,215000,48.29158679351715
CMAES,Rosenbrock,100,5,216000,48.05283557576975
CMAES,Rosenbrock,100,5,217000,47.816624085481465
CMAES,Rosenbrock,100,5,218000,47.598510643185875
CMAES,Rosenbrock,100,5,219000,47.30609902376399
CMAES,Rosenbrock,100,5,220000,47.05314697355894
CMAES,Rosenbrock,100,5,221000,46.81149751899471
CMAES,Rosenbrock,100,5,222000,46.52281691493262
CMAES,Rosenbrock,100,5,223000,46.258514387099126
CMAES,Rosenbrock,100,5,224000,46.01647563655487
CMAES,Rosenbrock,100,5,225000,45.77131329528044
CMAES,Rosenbrock,100,5,226000,45.603335001060735
CMAES,Rosenbrock,100,5,227000,45.40461814345309
CMAES,Rosenbrock,100,5,228000,45.19546892207457
CMAES,Rosenbrock,100,5,229000,44.952625992008386
CMAES,Rosenbrock,100,5,230000,44.715021537825116
CMAES,Rosenbrock,100,5,231000,44.50748630298601
CMAES,Rosenbrock,100,5,232000,44.26307821532879
CMAES,Rosenbrock,100,5,233000,44.04135601497735
CMAES,Rosenbrock,100,5,234000,43.83866183071332
CMAES,Rosenbrock,100,5,235000,43.59116943267476
CMAES,Rosenbrock,100,5,236000,43.329252220055
CMAES,Rosenbrock,100,5,237000,43.06624265696892
CMAES,Rosenbrock,100,5,238000,42.793392933275584
CMAES,Rosenbrock,100,5,239000,42.56444954809857
CMAES,Rosenbrock,100,5,240000,42.3047775411455
CMAES,Rosenbrock,100,5,241000,42.078331142967
CMAES,Rosenbrock,100,5,242000,41.81455863152936
CMAES,Rosenbrock,100,5,243000,41.591008880811614
CMAES,Rosenbrock,100,5,244000,41.391864068540656
CMAES,Rosenbrock,100,5,245000,41.16371202858237
CMAES,Rosenbrock,100,5,246000,40.94141643007824
CMAES,Rosenbrock,100,5,247000,40.731957582883744
CMAES,Rosenbrock,100,5,248000,40.46141971310867
CMAES,Rosenbrock,100,5,249000,40.245781291513275
CMAES,Rosenbrock,100,5,250000,40.00598175848607
CMAES,Rosenbrock,100,5,251000,39.73948685490603
CMAES,Rosenbrock,100,5,252000,39.485467324866576
CMAES,Rosenbrock,100,5,253000,39.22671967231914
CMAES,Rosenbrock,100,5,254000,39.015192703976275
CMAES,Rosenbrock,100,5,255000,38.73964792865274
CMAES,Rosenbrock,100,5,256000,38.48597039334262
CMAES,Rosenbrock,100,5,257000,38.231140605365106
CMAES,Rosenbrock,100,5,258000,37.98945631149228
CMAES,Rosenbrock,100,5,259000,37.701965237284874
CMAES,Rosenbrock,100,5,260000,37.450806067739485
CMAES,Rosenbrock,100,5,261000,37.19805803189578
CMAES,Rosenbrock,100,5,262000,36.9519814350557
CMAES,Rosenbrock,100,5,263000,36.72658336263502
CMAES,Rosenbrock,100,5,264000,36.50639004888364
CMAES,Rosenbrock,100,5,265000,36.19969950812887
CMAES,Rosenbrock,100,5,266000,36.01859052985832
CMAES,Rosenbrock,100,5,267000,35.79949459405037
CMAES,Rosenbrock,100,5,268000,35.56724168590627
CMAES,Rosenbrock,100,5,269000,35.36173996879682
CMAES,Rosenbrock,100,5,270000,35.124218570642086
CMAES,Rosenbrock,100,5,271000,34.86392869159963
CMAES,Rosenbrock,100,5,272000,34.62559656129945
CMAES,Rosenbrock,100,5,273000,34.39179202935164
CMAES,Rosenbrock,100,5,274000,34.18834851564641
CMAES,Rosenbrock,100,5,275000,34.00038575238746
CMAES,Rosenbrock,100,5,276000,33.75848381013726
CMAES,Rosenbrock,100,5,277000,33.462986361971566
CMAES,Rosenbrock,100,5,278000,33.25152710959046
CMAES,Rosenbrock,100,5,279000,32.97812572572131
CMAES,Rosenbrock,100,5,280000,32.78256310879683
CMAES,Rosenbrock,100,5,281000,32.55985158824916
CMAES,Rosenbrock,100,5,282000,32.33996966962117
CMAES,Rosenbrock,100,5,283000,32.04815755782226
CMAES,Rosenbrock,100,5,284000,31.79228906411323
CMAES,Rosenbrock,100,5,285000,31.5784104126263
CMAES,Rosenbrock,100,5,286000,31.355951533881704
CMAES,Rosenbrock,100,5,287000,31.156590032255842
CMAES,Rosenbrock,100,5,288000,30.95044129039139
CMAES,Rosenbrock,100,5,289000,30.720016255014105
CMAES,Rosenbrock,100,5,290000,30.496466369260837
CMAES,Rosenbrock,100,5,291000,30.297404677799598
CMAES,Rosenbrock,100,5,292000,30.052047555268032
CMAES,Rosenbrock,100,5,293000,29.80993865796775
CMAES,Rosenbrock,100,5,294000,29.523602509908258
CMAES,Rosenbrock,100,5,295000,29.25838594398225
CMAES,Rosenbrock,100,5,296000,29.0000438442472
CMAES,Rosenbrock,100,5,297000,28.73561875784113
CMAES,Rosenbrock,100,5,298000,28.50426342527063
CMAES,Rosenbrock,100,5,299000,28.277767203256996
CMAES,Rosenbrock,100,5,300000,28.02354280122225
CMAES,Rosenbrock,100,5,301000,27.804290570527456
CMAES,Rosenbrock,100,5,302000,27.537303978376368
CMAES,Rosenbrock,100,5,303000,27.292207157583967
CMAES,Rosenbrock,100,5,304000,26.99618373719977
CMAES,Rosenbrock,100,5,305000,26.74929165545661
CMAES,Rosenbrock,100,5,306000,26.575290147007724
CMAES,Rosenbrock,100,5,307000,26.33837297043638
CMAES,Rosenbrock,100,5,308000,26.162642223058135
CMAES,Rosenbrock,100,5,309000,25.9817715208991
CMAES,Rosenbrock,100,5,310000,25.733889630178993
CMAES,Rosenbrock,100,5,311000,25.526022819293328
CMAES,Rosenbrock,100,5,312000,25.324682358901402
CMAES,Rosenbrock,100,5,313000,25.09890640953471
CMAES,Rosenbrock,100,5,314000,24.80068780133919
CMAES,Rosenbrock,100,5,315000,24.52193348693878
CMAES,Rosenbrock,100,5,316000,24.24973174175735
CMAES,Rosenbrock,100,5,317000,24.081510893587055
CMAES,Rosenbrock,100,5,318000,23.899388190293305
CMAES,Rosenbrock,100,5,319000,23.63442433435303
CMAES,Rosenbrock,100,5,320000,23.344812636495927
CMAES,Rosenbrock,100,5,321000,23.091997941694373
CMAES,Rosenbrock,100,5,322000,22.847945091164053
CMAES,Rosenbrock,100,5,323000,22.64611759572878
CMAES,Rosenbrock,100,5,324000,22.433182174229863
CMAES,Rosenbrock,100,5,325000,22.167592023050425
CMAES,Rosenbrock,100,5,326000,21.92775647579466
CMAES,Rosenbrock,100,5,327000,21.660608583339883
CMAES,Rosenbrock,100,5,328000,21.421341305244315
CMAES,Rosenbrock,100,5,329000,21.21533941565841
CMAES,Rosenbrock,100,5,330000,20.928568349978274
CMAES,Rosenbrock,100,5,331000,20.696531995416255
CMAES,Rosenbrock,100,5,332000,20.46023454732331
CMAES,Rosenbrock,100,5,333000,20.268704418098913
CMAES,Rosenbrock,100,5,334000,19.983208196561485
CMAES,Rosenbrock,100,5,335000,19.79452455826367
CMAES,Rosenbrock,100,5,336000,19.556303793900508
CMAES,Rosenbrock,100,5,337000,19.341714510369005
CMAES,Rosenbrock,100,5,338000,19.099196399631953
CMAES,Rosenbrock,100,5,339000,18.797535969621247
CMAES,Rosenbrock,100,5,340000,18.583164430032255
CMAES,Rosenbrock,100,5,341000,18.317639605405805
CMAES,Rosenbrock,100,5,342000,18.070054931069922
CMAES,Rosenbrock,100,5,343000,17.77017852049354
CMAES,Rosenbrock,100,5,344000,17.555430211906707
CMAES,Rosenbrock,100,5,345000,17.324900691768402
CMAES,Rosenbrock,100,5,346000,17.05218782280903
CMAES,Rosenbrock,100,5,347000,16.79336595004073
CMAES,Rosenbrock,100,5,348000,16.563193734442944
CMAES,Rosenbrock,100,5,349000,16.337954729595847
CMAES,Rosenbrock,100,5,350000,16.094410297326704
CMAES,Rosenbrock,100,5,351000,15.81161749381572
CMAES,Rosenbrock,100,5,352000,15.563373839305592
CMAES,Rosenbrock,100,5,353000,15.339376312715533
CMAES,Rosenbrock,100,5,354000,15.14604580241812
CMAES,Rosenbrock,100,5,355000,14.936740028154174
CMAES,Rosenbrock,100,5,356000,14.703797236242652
CMAES,Rosenbrock,100,5,357000,14.465954501025209
CMAES,Rosenbrock,100,5,358000,14.217864261344808
CMAES,Rosenbrock,100,5,359000,13.950461152251831
CMAES,Rosenbrock,100,5,360000,13.695898454919142
CMAES,Rosenbrock,100,5,361000,13.4532352165566
CMAES,Rosenbrock,100,5,362000,13.275485877690722
CMAES,Rosenbrock,100,5,363000,13.046540759653048
CMAES,Rosenbrock,100,5,364000,12.806316429060104
CMAES,Rosenbrock,100,5,365000,12.536440233346656
CMAES,Rosenbrock,100,5,366000,12.268795666307833
CMAES,Rosenbrock,100,5,367000,11.996965573645662
CMAES,Rosenbrock,100,5,368000,11.773996935900442
CMAES,Rosenbrock,100,5,369000,11.53786198066437
CMAES,Rosenbrock,100,5,370000,11.34100622971794
CMAES,Rosenbrock,100,5,371000,11.093093233412915
CMAES,Rosenbrock,100,5,372000,10.839201553823205
CMAES,Rosenbrock,100,5,373000,10.611435498537963
CMAES,Rosenbrock,100,5,374000,10.376632413232317
CMAES,Rosenbrock,100,5,375000,10.150564655885669
CMAES,Rosenbrock,100,5,376000,9.919045147981944
CMAES,Rosenbrock,100,5,377000,9.652095431123659
CMAES,Rosenbrock,100,5,378000,9.395202727045485
CMAES,Rosenbrock,100,5,379000,9.173191652237632
CMAES,Rosenbrock,100,5,380000,8.943319180958841
CMAES,Rosenbrock,100,5,381000,8.719726454527231
CMAES,Rosenbrock,100,5,382000,8.481038120734905
CMAES,Rosenbrock,100,5,383000,8.255796645154096
CMAES,Rosenbrock,100,5,384000,8.02274155335509
CMAES,Rosenbrock,100,5,385000,7.793818866554818
CMAES,Rosenbrock,100,5,386000,7.546027866002795
CMAES,Rosenbrock,100,5,387000,7.325606514811376
CMAES,Rosenbrock,100,5,388000,7.119041454340619
CMAES,Rosenbrock,100,5,389000,6.882775145288328
CMAES,Rosenbrock,100,5,390000,6.635265338094591
CMAES,Rosenbrock,100,5,391000,6.430252862668271
CMAES,Rosenbrock,100,5,392000,6.200888154934383
CMAES,Rosenbrock,100,5,393000,5.962598583208933
CMAES,Rosenbrock,100,5,394000,5.691782757991004
CMAES,Rosenbrock,100,5,395000,5.406628450750199
CMAES,Rosenbrock,100,5,396000,5.1769136860546885
CMAES,Rosenbrock,100,5,397000,4.914702396064053
CMAES,Rosenbrock,100,5,398000,4.68133657120833
CMAES,Rosenbrock,100,5,399000,4.406817784988008
CMAES,Rosenbrock,100,5,400000,4.157599990820505
CMAES,Rosenbrock,100,5,401000,3.9346620157413703
CMAES,Rosenbrock,100,5,402000,3.7253806197059567
CMAES,Rosenbrock,100,5,403000,3.4693806935856992
CMAES,Rosenbrock,100,5,404000,3.1853284012178644
CMAES,Rosenbrock,100,5,405000,2.959777066858168
CMAES,Rosenbrock,100,5,406000,2.688949917934729
CMAES,Rosenbrock,100,5,407000,2.432082960143481
CMAES,Rosenbrock,100,5,408000,2.1987395058313743
CMAES,Rosenbrock,100,5,409000,2.0416350662746483
CMAES,Rosenbrock,100,5,410000,1.8539879268939772
CMAES,Rosenbrock,100,5,411000,1.6879252671199048
CMAES,Rosenbrock,100,5,412000,1.4729047584405555
CMAES,Rosenbrock,100,5,413000,1.2320821344797284
CMAES,Rosenbrock,100,5,414000,1.0328387585814363
CMAES,Rosenbrock,100,5,415000,0.8533263818863899
CMAES,Rosenbrock,100,5,416000,0.7208233798101242
CMAES,Rosenbrock,100,5,417000,0.577021177626361
CMAES,Rosenbrock,100,5,418000,0.4662516369011647
CMAES,Rosenbrock,100,5,419000,0.37716245486637623
CMAES,Rosenbrock,100,5,420000,0.2939092315950454
CMAES,Rosenbrock,100,5,421000,0.21941342092639635
CMAES,Rosenbrock,100,5,422000,0.1598571834014922
CMAES,Rosenbrock,100,5,423000,0.1155271594314591
CMAES,Rosenbrock,100,5,424000,0.07815734091273005
CMAES,Rosenbrock,100,5,425000,0.04586005512073885
CMAES,Rosenbrock,100,5,426000,0.026535170201922517
CMAES,Rosenbrock,100,5,427000,0.012587936802636148
CMAES,Rosenbrock,100,5,428000,0.0058181309799460006
CMAES,Rosenbrock,100,5,429000,0.002110666715365815
CMAES,Rosenbrock,100,5,430000,0.0005314308216477912
CMAES,Rosenbrock,100,5,431000,0.00024972169614360067
CMAES,Rosenbrock,100,5,432000,7.737055718952175e-05
CMAES,Rosenbrock,100,5,433000,2.615663710928934e-05
CMAES,Rosenbrock,100,5,434000,7.3756385955784385e-06
CMAES,Rosenbrock,100,5,435000,2.2099808449412696e-06
CMAES,Rosenbrock,100,5,436000,6.239444707884767e-07
CMAES,Rosenbrock,100,5,437000,1.4819824486463577e-07
CMAES,Rosenbrock,100,5,438000,4.5112212198379565e-08
CMAES,Rosenbrock,100,5,439000,1.400853303490629e-08
CMAES,Rosenbrock,100,5,440000,3.248193692301967e-09
CMAES,Rosenbrock,100,5,441000,7.433544679599063e-10
CMAES,Rosenbrock,100,5,442000,1.7175472148308377e-10
CMAES,Rosenbrock,100,5,443000,3.3471555285556824e-11
CMAES,Rosenbrock,100,5,444000,1.012539482429258e-11
CMAES,Rosenbrock,100,5,445000,2.5278093710196186e-12
CMAES,Rosenbrock,100,5,446000,6.488193199059884e-13
CMAES,Rosenbrock,100,5,447000,1.7010077983803122e-13
CMAES,Rosenbrock,100,5,448000,4.348594328169568e-14
CMAES,Rosenbrock,100,5,449000,1.0503100398916501e-14
CMAES,Rosenbrock,100,6,1000,26751452.319878157
CMAES,Rosenbrock,100,6,2000,666588.4367512604
CMAES,Rosenbrock,100,6,3000,37990.36674024704
CMAES,Rosenbrock,100,6,4000,4772.150558055558
CMAES,Rosenbrock,100,6,5000,1323.7243832169763
CMAES,Rosenbrock,100,6,6000,624.2561480713737
CMAES,Rosenbrock,100,6,7000,423.1128951733408
CMAES,Rosenbrock,100,6,8000,329.21927780576027
CMAES,Rosenbrock,100,6,9000,314.2707268995194
CMAES,Rosenbrock,100,6,10000,308.75015791730937
CMAES,Rosenbrock,100,6,11000,307.23100076905195
CMAES,Rosenbrock,100,6,12000,306.6368151440559
CMAES,Rosenbrock,100,6,13000,306.2101533612911
CMAES,Rosenbrock,100,6,14000,305.77630781657916
CMAES,Rosenbrock,100,6,15000,305.040049023426
CMAES,Rosenbrock,100,6,16000,303.9082895511254
CMAES,Rosenbrock,100,6,17000,302.2940288909212
CMAES,Rosenbrock,100,6,18000,300.47601819222564
CMAES,Rosenbrock,100,6,19000,297.81545429150526
CMAES,Rosenbrock,100,6,20000,295.11409596964415
CMAES,Rosenbrock,100,6,21000,292.2101235323332
CMAES,Rosenbrock,100,6,22000,289.047963571426
CMAES,Rosenbrock,100,6,23000,285.69732959631494
CMAES,Rosenbrock,100,6,24000,282.05543355904695
CMAES,Rosenbrock,100,6,25000,277.97288224239753
CMAES,Rosenbrock,100,6,26000,272.4626131571241
CMAES,Rosenbrock,100,6,27000,266.0485272311578
CMAES,Rosenbrock,100,6,28000,257.05203828756214
CMAES,Rosenbrock,100,6,29000,241.8983986265684
CMAES,Rosenbrock,100,6,30000,225.05639597739696
CMAES,Rosenbrock,100,6,31000,205.4534239808374
CMAES,Rosenbrock,100,6,32000,184.7873890882218
CMAES,Rosenbrock,100,6,33000,166.19485729842776
CMAES,Rosenbrock,100,6,34000,139.36352420422784
CMAES,Rosenbrock,100,6,35000,111.88926549929712
CMAES,Rosenbrock,100,6,36000,98.72931043155813
CMAES,Rosenbrock,100,6,37000,89.50354911840012
CMAES,Rosenbrock,100,6,38000,86.34455962948935
CMAES,Rosenbrock,100,6,39000,85.2280262940548
CMAES,Rosenbrock,100,6,40000,84.77451791543945
CMAES,Rosenbrock,100,6,41000,84.6311358156538
CMAES,Rosenbrock,100,6,42000,84.54878193243928
CMAES,Rosenbrock,100,6,43000,84.47408096458419
CMAES,Rosenbrock,100,6,44000,84.40776620938288
CMAES,Rosenbrock,100,6,45000,84.30642375421753
CMAES,Rosenbrock,100,6,46000,84.10016879561884
CMAES,Rosenbrock,100,6,47000,83.80745769596382
CMAES,Rosenbrock,100,6,48000,83.50156778485167
CMAES,Rosenbrock,100,6,49000,83.17622351618215
CMAES,Rosenbrock,100,6,50000,82.83465406296021
CMAES,Rosenbrock,100,6,51000,82.52506003323407
CMAES,Rosenbrock,100,6,52000,82.1468259073891
CMAES,Rosenbrock,100,6,53000,81.80337034107515
CMAES,Rosenbrock,100,6,54000,81.4784200462521
CMAES,Rosenbrock,100,6,55000,81.15411030614295
CMAES,Rosenbrock,100,6,56000,80.82562536813735
CMAES,Rosenbrock,100,6,57000,80.58094495778094
CMAES,Rosenbrock,100,6,58000,80.2385324032314
CMAES,Rosenbrock,100,6,59000,79.92371789285254
CMAES,Rosenbrock,100,6,60000,79.59095472028284
CMAES,Rosenbrock,100,6,61000,79.28514176160637
CMAES,Rosenbrock,100,6,62000,78.99818016404329
CMAES,Rosenbrock,100,6,63000,78.74040018189767
CMAES,Rosenbrock,100,6,64000,78.46415182117896
CMAES,Rosenbrock,100,6,65000,78.14502694300006
CMAES,Rosenbrock,100,6,66000,77.7904779389453
CMAES,Rosenbrock,100,6,67000,77.49233291077142
CMAES,Rosenbrock,100,6,68000,77.09742993762258
CMAES,Rosenbrock,100,6,69000,76.83872892607624
CMAES,Rosenbrock,100,6,70000,76.5087776176944
CMAES,Rosenbrock,100,6,71000,76.24360881750121
CMAES,Rosenbrock,100,6,72000,75.94785284915945
CMAES,Rosenbrock,100,6,73000,75.64153135796022
CMAES,Rosenbrock,100,6,74000,75.3111862332131
CMAES,Rosenbrock,100,6,75000,74.88544923857177
CMAES,Rosenbrock,100,6,76000,74.59045681641042
CMAES,Rosenbrock,100,6,77000,74.29998206276369
CMAES,Rosenbrock,100,6,78000,73.99981189753251
CMAES,Rosenbrock,100,6,79000,73.70701135668004
CMAES,Rosenbrock,100,6,80000,73.4701867748984
CMAES,Rosenbrock,100,6,81000,73.17858064335728
CMAES,Rosenbrock,100,6,82000,72.90327961996549
CMAES,Rosenbrock,100,6,83000,72.58140978070976
CMAES,Rosenbrock,100,6,84000,72.29233296071993
CMAES,Rosenbrock,100,6,85000,72.0384342826189
CMAES,Rosenbrock,100,6,86000,71.74623075427294
CMAES,Rosenbrock,100,6,87000,71.45409288549305
CMAES,Rosenbrock,100,6,88000,71.15142326034578
CMAES,Rosenbrock,100,6,89000,70.86416587163964
CMAES,Rosenbrock,100,6,90000,70.58712464038625
CMAES,Rosenbrock,100,6,91000,70.3240524994804
CMAES,Rosenbrock,100,6,92000,70.02364651940015
CMAES,Rosenbrock,100,6,93000,69.69277329580954
CMAES,Rosenbrock,100,6,94000,69.41895672729908
CMAES,Rosenbrock,100,6,95000,69.12963568312097
CMAES,Rosenbrock,100,6,96000,68.8193508673688
CMAES,Rosenbrock,100,6,97000,68.57561638640081
CMAES,Rosenbrock,100,6,98000,68.30583552834105
CMAES,Rosenbrock,100,6,99000,68.00797627629923
CMAES,Rosenbrock,100,6,100000,67.7234432948849
CMAES,Rosenbrock,100,6,101000,67.43642051304693
CMAES,Rosenbrock,100,6,102000,67.1214939327768
CMAES,Rosenbrock,100,6,103000,66.8386971465021
CMAES,Rosenbrock,100,6,104000,66.57548245331107
CMAES,Rosenbrock,100,6,105000,66.36162073016479
CMAES,Rosenbrock,100,6,106000,66.10784567943898
CMAES,Rosenbrock,100,6,107000,65.87161622962056
CMAES,Rosenbrock,100,6,108000,65.63873102458705
CMAES,Rosenbrock,100,6,109000,65.38091319158303
CMAES,Rosenbrock,100,6,110000,65.15371983559554
CMAES,Rosenbrock,100,6,111000,64.84791690386152
CMAES,Rosenbrock,100,6,112000,64.54916607576578
CMAES,Rosenbrock,100,6,113000,64.27265728303932
CMAES,Rosenbrock,100,6,114000,64.00317752334253
CMAES,Rosenbrock,100,6,115000,63.7520371987238
CMAES,Rosenbrock,100,6,116000,63.525684003094845
CMAES,Rosenbrock,100,6,117000,63.28877388825766
CMAES,Rosenbrock,100,6,118000,63.012680352364086
CMAES,Rosenbrock,100,6,119000,62.73433215954992
CMAES,Rosenbrock,100,6,120000,62.48083950339138
CMAES,Rosenbrock,100,6,121000,62.226473672072885
CMAES,Rosenbrock,100,6,122000,61.96874475081298
CMAES,Rosenbrock,100,6,123000,61.688649485515896
CMAES,Rosenbrock,100,6,124000,61.420772065747784
CMAES,Rosenbrock,100,6,125000,61.15469973454357
CMAES,Rosenbrock,100,6,126000,60.92549996220608
CMAES,Rosenbrock,100,6,127000,60.70584579777192
CMAES,Rosenbrock,100,6,128000,60.47147498448624
CMAES,Rosenbrock,100,6,129000,60.28058696077061
CMAES,Rosenbrock,100,6,130000,60.02094401908357
CMAES,Rosenbrock,100,6,131000,59.74204986466221
CMAES,Rosenbrock,100,6,132000,59.48002221470805
CMAES,Rosenbrock,100,6,133000,59.19534028285225
CMAES,Rosenbrock,100,6,134000,58.927203330294056
CMAES,Rosenbrock,100,6,135000,58.68361126105628
CMAES,Rosenbrock,100,6,136000,58.3973628515948
CMAES,Rosenbrock,100,6,137000,58.1267819781327
CMAES,Rosenbrock,100,6,138000,57.89698765338112
CMAES,Rosenbrock,100,6,139000,57.65047114900521
CMAES,Rosenbrock,100,6,140000,57.38172463828096
CMAES,Rosenbrock,100,6,141000,57.10143741249725
CMAES,Rosenbrock,100,6,142000,56.85377060821288
CMAES,Rosenbrock,100,6,143000,56.64465504694838
CMAES,Rosenbrock,100,6,144000,56.37052358286378
CMAES,Rosenbrock,100,6,145000,56.09182247056705
CMAES,Rosenbrock,100,6,146000,55.85125708524992
CMAES,Rosenbrock,100,6,147000,55.63022676415215
CMAES,Rosenbrock,100,6,148000,55.359913612085776
CMAES,Rosenbrock,100,6,149000,55.12883603803026
CMAES,Rosenbrock,100,6,150000,54.8824359625146
CMAES,Rosenbrock,100,6,151000,54.63773615229915
CMAES,Rosenbrock,100,6,152000,54.40807133800411
CMAES,Rosenbrock,100,6,153000,54.118974672729514
CMAES,Rosenbrock,100,6,154000,53.90073701949759
CMAES,Rosenbrock,100,6,155000,53.62754215124842
CMAES,Rosenbrock,100,6,156000,53.383013305154684
CMAES,Rosenbrock,100,6,157000,53.17557195283006
CMAES,Rosenbrock,100,6,158000,52.89700310272676
CMAES,Rosenbrock,100,6,159000,52.65242816094778
CMAES,Rosenbrock,100,6,160000,52.378021333791516
CMAES,Rosenbrock,100,6,161000,52.07506679654918
CMAES,Rosenbrock,100,6,162000,51.772241056784175
CMAES,Rosenbrock,100,6,163000,51.52215835571189
CMAES,Rosenbrock,100,6,164000,51.26694476192464
CMAES,Rosenbrock,100,6,165000,51.02632338991955
CMAES,Rosenbrock,100,6,166000,50.826012785701174
CMAES,Rosenbrock,100,6,167000,50.57870858621558
CMAES,Rosenbrock,100,6,168000,50.34580737219584
CMAES,Rosenbrock,100,6,169000,50.05583525854164
CMAES,Rosenbrock,100,6,170000,49.78323940946757
CMAES,Rosenbrock,100,6,171000,49.5433281897953
CMAES,Rosenbrock,100,6,172000,49.303529832608156
CMAES,Rosenbrock,100,6,173000,49.130105943037
CMAES,Rosenbrock,100,6,174000,48.896656988955975
CMAES,Rosenbrock,100,6,175000,48.66365645499248
CMAES,Rosenbrock,100,6,176000,48.46282677317665
CMAES,Rosenbrock,100,6,177000,48.25599465273507
CMAES,Rosenbrock,100,6,178000,47.98942859530139
CMAES,Rosenbrock,100,6,179000,47.74221042229519
CMAES,Rosenbrock,100,6,180000,47.51126063033803
CMAES,Rosenbrock,100,6,181000,47.263771680122865
CMAES,Rosenbrock,100,6,182000,47.02254437586047
CMAES,Rosenbrock,100,6,183000,46.79536056182117
CMAES,Rosenbrock,100,6,184000,46.538547598237045
CMAES,Rosenbrock,100,6,185000,46.29788343446199
CMAES,Rosenbrock,100,6,186000,46.04742827144195
CMAES,Rosenbrock,100,6,187000,45.784589445401785
CMAES,Rosenbrock,100,6,188000,45.532230716488506
CMAES,Rosenbrock,100,6,189000,45.252728705624456
CMAES,Rosenbrock,100,6,190000,45.05866073093066
CMAES,Rosenbrock,100,6,191000,44.85940459082198
CMAES,Rosenbrock,100,6,192000,44.58320374900841
CMAES,Rosenbrock,100,6,193000,44.34379124856989
CMAES,Rosenbrock,100,6,194000,44.11161070227776
CMAES,Rosenbrock,100,6,195000,43.91386387734362
CMAES,Rosenbrock,100,6,196000,43.70979734809395
CMAES,Rosenbrock,100,6,197000,43.50498025012991
CMAES,Rosenbrock,100,6,198000,43.30043583122395
CMAES,Rosenbrock,100,6,199000,43.0069945749143
CMAES,Rosenbrock,100,6,200000,42.77014905353608
CMAES,Rosenbrock,100,6,201000,42.52095457208635
CMAES,Rosenbrock,100,6,202000,42.337640441822614
CMAES,Rosenbrock,100,6,203000,42.11413115347138
CMAES,Rosenbrock,100,6,204000,41.93371190094591
CMAES,Rosenbrock,100,6,205000,41.66782504383025
CMAES,Rosenbrock,100,6,206000,41.43214306587909
CMAES,Rosenbrock,100,6,207000,41.23901516644999
CMAES,Rosenbrock,100,6,208000,40.984756708586744
CMAES,Rosenbrock,100,6,209000,40.714319289500736
CMAES,Rosenbrock,100,6,210000,40.483030631294945
CMAES,Rosenbrock,100,6,211000,40.2208271995095
CMAES,Rosenbrock,100,6,212000,39.927597245661104
CMAES,Rosenbrock,100,6,213000,39.690511791456466
CMAES,Rosenbrock,100,6,214000,39.4655169532696
CMAES,Rosenbrock,100,6,215000,39.22330073780984
CMAES,Rosenbrock,100,6,216000,38.970789747891104
CMAES,Rosenbrock,100,6,217000,38.749403911468654
CMAES,Rosenbrock,100,6,218000,38.481972751576656
CMAES,Rosenbrock,100,6,219000,38.198405113205034
CMAES,Rosenbrock,100,6,220000,37.93652746933911
CMAES,Rosenbrock,100,6,221000,37.67784722058397
CMAES,Rosenbrock,100,6,222000,37.45924319619776
CMAES,Rosenbrock,100,6,223000,37.225424361767985
CMAES,Rosenbrock,100,6,224000,37.022335012403914
CMAES,Rosenbrock,100,6,225000,36.78399964243159
CMAES,Rosenbrock,100,6,226000,36.521038638389086
CMAES,Rosenbrock,100,6,227000,36.24180890162883
CMAES,Rosenbrock,100,6,228000,35.93659487088617
CMAES,Rosenbrock,100,6,229000,35.72313905351717
CMAES,Rosenbrock,100,6,230000,35.43821526287298
CMAES,Rosenbrock,100,6,231000,35.23383038916656
CMAES,Rosenbrock,100,6,232000,34.92404925240959
CMAES,Rosenbrock,100,6,233000,34.698593879197006
CMAES,Rosenbrock,100,6,234000,34.46987083054601
CMAES,Rosenbrock,100,6,235000,34.29283576379851
CMAES,Rosenbrock,100,6,236000,34.034274837335964
CMAES,Rosenbrock,100,6,237000,33.81421269703746
CMAES,Rosenbrock,100,6,238000,33.55455392943683
CMAES,Rosenbrock,100,6,239000,33.32142916381911
CMAES,Rosenbrock,100,6,240000,33.0206568180872
CMAES,Rosenbrock,100,6,241000,32.82372794866173
CMAES,Rosenbrock,100,6,242000,32.561582230838226
CMAES,Rosenbrock,100,6,243000,32.36901577269191
CMAES,Rosenbrock,100,6,244000,32.13737899711275
CMAES,Rosenbrock,100,6,245000,31.896404381468187
CMAES,Rosenbrock,100,6,246000,31.67662558113664
CMAES,Rosenbrock,100,6,247000,31.437599901062256
CMAES,Rosenbrock,100,6,248000,31.176091372826928
CMAES,Rosenbrock,100,6,249000,30.92676009073625
CMAES,Rosenbrock,100,6,250000,30.643200120973106
CMAES,Rosenbrock,100,6,251000,30.354728304254465
CMAES,Rosenbrock,100,6,252000,30.074778119405877
CMAES,Rosenbrock,100,6,253000,29.796052041857028
CMAES,Rosenbrock,100,6,254000,29.50494491318032
CMAES,Rosenbrock,100,6,255000,29.268305378562275
CMAES,Rosenbrock,100,6,256000,29.00871304326765
CMAES,Rosenbrock,100,6,257000,28.77769269715731
CMAES,Rosenbrock,100,6,258000,28.535178504013306
CMAES,Rosenbrock,100,6,259000,28.29607256069754
CMAES,Rosenbrock,100,6,260000,28.10780353338616
CMAES,Rosenbrock,100,6,261000,27.87230207361253
CMAES,Rosenbrock,100,6,262000,27.601218709138887
CMAES,Rosenbrock,100,6,263000,27.345751754776217
CMAES,Rosenbrock,100,6,264000,27.121251741855573
CMAES,Rosenbrock,100,6,265000,26.940216640733894
CMAES,Rosenbrock,100,6,266000,26.73515952233232
CMAES,Rosenbrock,100,6,267000,26.468485895824983
CMAES,Rosenbrock,100,6,268000,26.17651210706353
CMAES,Rosenbrock,100,6,269000,25.958548566064295
CMAES,Rosenbrock,100,6,270000,25.728881185899642
CMAES,Rosenbrock,100,6,271000,25.49050530190554
CMAES,Rosenbrock,100,6,272000,25.25987751857747
CMAES,Rosenbrock,100,6,273000,25.01905127284721
CMAES,Rosenbrock,100,6,274000,24.776976925274543
CMAES,Rosenbrock,100,6,275000,24.603571013815053
CMAES,Rosenbrock,100,6,276000,24.331007434169376
CMAES,Rosenbrock,100,6,277000,24.087808402000217
CMAES,Rosenbrock,100,6,278000,23.838688016752595
CMAES,Rosenbrock,100,6,279000,23.640463657109066
CMAES,Rosenbrock,100,6,280000,23.406569578519868
CMAES,Rosenbrock,100,6,281000,23.21921751366168
CMAES,Rosenbrock,100,6,282000,22.967437723063064
CMAES,Rosenbrock,100,6,283000,22.71159906063869
CMAES,Rosenbrock,100,6,284000,22.44623157913385
CMAES,Rosenbrock,100,6,285000,22.120950155664396
CMAES,Rosenbrock,100,6,286000,21.830250624359653
CMAES,Rosenbrock,100,6,287000,21.587634292451774
CMAES,Rosenbrock,100,6,288000,21.367714379070122
CMAES,Rosenbrock,100,6,289000,21.146586732485428
CMAES,Rosenbrock,100,6,290000,20.956009184840607
CMAES,Rosenbrock,100,6,291000,20.754076670759343
CMAES,Rosenbrock,100,6,292000,20.52656330408351
CMAES,Rosenbrock,100,6,293000,20.312164546193696
CMAES,Rosenbrock,100,6,294000,20.067795008747556
CMAES,Rosenbrock,100,6,295000,19.83761407531042
CMAES,Rosenbrock,100,6,296000,19.59626555703823
CMAES,Rosenbrock,100,6,297000,19.351107643986147
CMAES,Rosenbrock,100,6,298000,19.096471959984648
CMAES,Rosenbrock,100,6,299000,18.88177688784024
CMAES,Rosenbrock,100,6,300000,18.663698697462788
CMAES,Rosenbrock,100,6,301000,18.45147602607137
CMAES,Rosenbrock,100,6,302000,18.213969108914693
CMAES,Rosenbrock,100,6,303000,17.96758553505746
CMAES,Rosenbrock,100,6,304000,17.752052136475797
CMAES,Rosenbrock,100,6,305000,17.506083340316593
CMAES,Rosenbrock,100,6,306000,17.31513020366344
CMAES,Rosenbrock,100,6,307000,17.08824028125618
CMAES,Rosenbrock,100,6,308000,16.85856941521502
CMAES,Rosenbrock,100,6,309000,16.61370107266321
CMAES,Rosenbrock,100,6,310000,16.328365929920608
CMAES,Rosenbrock,100,6,311000,16.074742355411978
CMAES,Rosenbrock,100,6,312000,15.794880865730738
CMAES,Rosenbrock,100,6,313000,15.535719605926666
CMAES,Rosenbrock,100,6,314000,15.27338309040773
CMAES,Rosenbrock,100,6,315000,15.044873499446108
CMAES,Rosenbrock,100,6,316000,14.814503419420156
CMAES,Rosenbrock,100,6,317000,14.593511449207867
CMAES,Rosenbrock,100,6,318000,14.388396810726451
CMAES,Rosenbrock,100,6,319000,14.14629636818397
CMAES,Rosenbrock,100,6,320000,13.9420167604483
CMAES,Rosenbrock,100,6,321000,13.736815176754323
CMAES,Rosenbrock,100,6,322000,13.508172412212113
CMAES,Rosenbrock,100,6,323000,13.250613737963903
CMAES,Rosenbrock,100,6,324000,12.963517314525786
CMAES,Rosenbrock,100,6,325000,12.762099805728136
CMAES,Rosenbrock,100,6,326000,12.52267882428013
CMAES,Rosenbrock,100,6,327000,12.283738753927377
CMAES,Rosenbrock,100,6,328000,12.055754795094446
CMAES,Rosenbrock,100,6,329000,11.809013883226088
CMAES,Rosenbrock,100,6,330000,11.545078555954682
CMAES,Rosenbrock,100,6,331000,11.342916332564752
CMAES,Rosenbrock,100,6,332000,11.08796815426353
CMAES,Rosenbrock,100,6,333000,10.799260171477002
CMAES,Rosenbrock,100,6,334000,10.531836033315466
CMAES,Rosenbrock,100,6,335000,10.272405699399823
CMAES,Rosenbrock,100,6,336000,10.030607279561169
CMAES,Rosenbrock,100,6,337000,9.797591834339228
CMAES,Rosenbrock,100,6,338000,9.588044049032074
CMAES,Rosenbrock,100,6,339000,9.354221753057088
CMAES,Rosenbrock,100,6,340000,9.133423208664674
CMAES,Rosenbrock,100,6,341000,8.8775053859785
CMAES,Rosenbrock,100,6,342000,8.617860741120907
CMAES,Rosenbrock,100,6,343000,8.397054606576571
CMAES,Rosenbrock,100,6,344000,8.137966437318084
CMAES,Rosenbrock,100,6,345000,7.871135060362331
CMAES,Rosenbrock,100,6,346000,7.625425873228439
CMAES,Rosenbrock,100,6,347000,7.357040765399375
CMAES,Rosenbrock,100,6,348000,7.14484256647987
CMAES,Rosenbrock,100,6,349000,6.931052081192338
CMAES,Rosenbrock,100,6,350000,6.667077465545659
CMAES,Rosenbrock,100,6,351000,6.4526628007272695
CMAES,Rosenbrock,100,6,352000,6.25737538299041
CMAES,Rosenbrock,100,6,353000,6.034752566923026
CMAES,Rosenbrock,100,6,354000,5.791813531821397
CMAES,Rosenbrock,100,6,355000,5.561449162269133
CMAES,Rosenbrock,100,6,356000,5.336171968046312
CMAES,Rosenbrock,100,6,357000,5.097186722654138
CMAES,Rosenbrock,100,6,358000,4.932787179376992
CMAES,Rosenbrock,100,6,359000,4.7417191539345955
CMAES,Rosenbrock,100,6,360000,4.557048682213112
CMAES,Rosenbrock,100,6,361000,4.2891675662664035
CMAES,Rosenbrock,100,6,362000,3.995749132568313
CMAES,Rosenbrock,100,6,363000,3.7726925128539266
CMAES,Rosenbrock,100,6,364000,3.587467017334207
CMAES,Rosenbrock,100,6,365000,3.395641512771609
CMAES,Rosenbrock,100,6,366000,3.211560645968161
CMAES,Rosenbrock,100,6,367000,3.010298358210413
CMAES,Rosenbrock,100,6,368000,2.730583056390858
CMAES,Rosenbrock,100,6,369000,2.4141915548119846
CMAES,Rosenbrock,100,6,370000,2.1036760510622172
CMAES,Rosenbrock,100,6,371000,1.8312393447141382
CMAES,Rosenbrock,100,6,372000,1.627703613872004
CMAES,Rosenbrock,100,6,373000,1.43098898755636
CMAES,Rosenbrock,100,6,374000,1.2425714045765646
CMAES,Rosenbrock,100,6,375000,1.059588238454267
CMAES,Rosenbrock,100,6,376000,0.8879577566378523
CMAES,Rosenbrock,100,6,377000,0.7342728403800067
CMAES,Rosenbrock,100,6,378000,0.6108259756059351
CMAES,Rosenbrock,100,6,379000,0.4867282386696815
CMAES,Rosenbrock,100,6,380000,0.3802788247664241
CMAES,Rosenbrock,100,6,381000,0.28743444863924217
CMAES,Rosenbrock,100,6,382000,0.2174467728579116
CMAES,Rosenbrock,100,6,383000,0.16509665393540296
CMAES,Rosenbrock,100,6,384000,0.12226462118043174
CMAES,Rosenbrock,100,6,385000,0.07273514618163089
CMAES,Rosenbrock,100,6,386000,0.04601032587057777
CMAES,Rosenbrock,100,6,387000,0.0265260956440898
CMAES,Rosenbrock,100,6,388000,0.013028608097723209
CMAES,Rosenbrock,100,6,389000,0.006386672528966769
CMAES,Rosenbrock,100,6,390000,0.0023314166587986096
CMAES,Rosenbrock,100,6,391000,0.0010748420736910779
CMAES,Rosenbrock,100,6,392000,0.00031675782980607143
CMAES,Rosenbrock,100,6,393000,9.993459464853829e-05
CMAES,Rosenbrock,100,6,394000,3.48916952486602e-05
CMAES,Rosenbrock,100,6,395000,1.006257745111903e-05
CMAES,Rosenbrock,100,6,396000,2.9129473872883696e-06
CMAES,Rosenbrock,100,6,397000,9.417916966781466e-07
CMAES,Rosenbrock,100,6,398000,1.8717112901368945e-07
CMAES,Rosenbrock,100,6,399000,5.014945343448052e-08
CMAES,Rosenbrock,100,6,400000,1.654136207394652e-08
CMAES,Rosenbrock,100,6,401000,4.437259312094238e-09
CMAES,Rosenbrock,100,6,402000,1.0957123029356593e-09
CMAES,Rosenbrock,100,6,403000,2.6407868706708477e-10
CMAES,Rosenbrock,100,6,404000,5.660260471879569e-11
CMAES,Rosenbrock,100,6,405000,1.5530270545131887e-11
CMAES,Rosenbrock,100,6,406000,3.5728257525202887e-12
CMAES,Rosenbrock,100,6,407000,5.492199671871199e-13
CMAES,Rosenbrock,100,6,408000,1.9006521100112185e-13
CMAES,Rosenbrock,100,6,409000,3.419656390040654e-14
CMAES,Rosenbrock,100,6,410000,8.37204421952595e-15
CMAES,Rosenbrock,100,7,1000,47216119.16823426
CMAES,Rosenbrock,100,7,2000,694446.4920082223
CMAES,Rosenbrock,100,7,3000,35145.25290845881
CMAES,Rosenbrock,100,7,4000,3125.1768586436683
CMAES,Rosenbrock,100,7,5000,600.3150405717267
CMAES,Rosenbrock,100,7,6000,232.41551853172456
CMAES,Rosenbrock,100,7,7000,121.19450208511124
CMAES,Rosenbrock,100,7,8000,99.44214524589464
CMAES,Rosenbrock,100,7,9000,96.93254939608218
CMAES,Rosenbrock,100,7,10000,96.49653367305373
CMAES,Rosenbrock,100,7,11000,96.29020012917725
CMAES,Rosenbrock,100,7,12000,95.92846271001073
CMAES,Rosenbrock,100,7,13000,95.37334557952413
CMAES,Rosenbrock,100,7,14000,94.79714102043813
CMAES,Rosenbrock,100,7,15000,94.2084063243592
CMAES,Rosenbrock,100,7,16000,93.73423523751363
CMAES,Rosenbrock,100,7,17000,93.3343935409403
CMAES,Rosenbrock,100,7,18000,92.82639175755017
CMAES,Rosenbrock,100,7,19000,92.37072521070537
CMAES,Rosenbrock,100,7,20000,91.85872543642267
CMAES,Rosenbrock,100,7,21000,91.39696143598442
CMAES,Rosenbrock,100,7,22000,91.02440739804345
CMAES,Rosenbrock,100,7,23000,90.56268711099874
CMAES,Rosenbrock,100,7,24000,90.17544028258007
CMAES,Rosenbrock,100,7,25000,89.75731542748913
CMAES,Rosenbrock,100,7,26000,89.37529727261519
CMAES,Rosenbrock,100,7,27000,88.95096429425794
CMAES,Rosenbrock,100,7,28000,88.59519100036384
CMAES,Rosenbrock,100,7,29000,88.22378056043584
CMAES,Rosenbrock,100,7,30000,87.84146732923695
CMAES,Rosenbrock,100,7,31000,87.43498702060522
CMAES,Rosenbrock,100,7,32000,87.09861332257822
CMAES,Rosenbrock,100,7,33000,86.7452970414143
CMAES,Rosenbrock,100,7,34000,86.35146898753285
CMAES,Rosenbrock,100,7,35000,86.04470878381812
CMAES,Rosenbrock,100,7,36000,85.70839644136557
CMAES,Rosenbrock,100,7,37000,85.3313506650962
CMAES,Rosenbrock,100,7,38000,85.02516019593878
CMAES,Rosenbrock,100,7,39000,84.7313652754924
CMAES,Rosenbrock,100,7,40000,84.39336850172087
CMAES,Rosenbrock,100,7,41000,84.00910989317101
CMAES,Rosenbrock,100,7,42000,83.62979113833126
CMAES,Rosenbrock,100,7,43000,83.28309220390307
CMAES,Rosenbrock,100,7,44000,82.97341269476163
CMAES,Rosenbrock,100,7,45000,82.63935237734549
CMAES,Rosenbrock,100,7,46000,82.36615120944491
CMAES,Rosenbrock,100,7,47000,82.01158573152414
CMAES,Rosenbrock,100,7,48000,81.7552638645076
CMAES,Rosenbrock,100,7,49000,81.52635517862772
CMAES,Rosenbrock,100,7,50000,81.23215082387304
CMAES,Rosenbrock,100,7,51000,80.91089589370307
CMAES,Rosenbrock,100,7,52000,80.57732033644558
CMAES,Rosenbrock,100,7,53000,80.29430372532967
CMAES,Rosenbrock,100,7,54000,79.98727630630928
CMAES,Rosenbrock,100,7,55000,79.73367481604261
CMAES,Rosenbrock,100,7,56000,79.4220062787175
CMAES,Rosenbrock,100,7,57000,79.06795731720851
CMAES,Rosenbrock,100,7,58000,78.81112736889966
CMAES,Rosenbrock,100,7,59000,78.47236272555938
CMAES,Rosenbrock,100,7,60000,78.1802568915291
CMAES,Rosenbrock,100,7,61000,77.92328173972564
CMAES,Rosenbrock,100,7,62000,77.64808461827126
CMAES,Rosenbrock,100,7,63000,77.40125318967065
CMAES,Rosenbrock,100,7,64000,77.05994431731683
CMAES,Rosenbrock,100,7,65000,76.74031044394799
CMAES,Rosenbrock,100,7,66000,76.47338024049094
CMAES,Rosenbrock,100,7,67000,76.15150519786046
CMAES,Rosenbrock,100,7,68000,75.81327930789023
CMAES,Rosenbrock,100,7,69000,75.51200294565103
CMAES,Rosenbrock,100,7,70000,75.24615497138458
CMAES,Rosenbrock,100,7,71000,74.99468221189684
CMAES,Rosenbrock,100,7,72000,74.73286927260796
CMAES,Rosenbrock,100,7,73000,74.45299573086771
CMAES,Rosenbrock,100,7,74000,74.12419327852577
CMAES,Rosenbrock,100,7,75000,73.82282169951809
CMAES,Rosenbrock,100,7,76000,73.49594817986701
CMAES,Rosenbrock,100,7,77000,73.21313795982653
CMAES,Rosenbrock,100,7,78000,72.91742137643631
CMAES,Rosenbrock,100,7,79000,72.62233854567462
CMAES,Rosenbrock,100,7,80000,72.30818291088143
CMAES,Rosenbrock,100,7,81000,72.03004411073397
CMAES,Rosenbrock,100,7,82000,71.76654844245815
CMAES,Rosenbrock,100,7,83000,71.50112265328944
CMAES,Rosenbrock,100,7,84000,71.21987121403521
CMAES,Rosenbrock,100,7,85000,70.96917489122127
CMAES,Rosenbrock,100,7,86000,70.69404743349357
CMAES,Rosenbrock,100,7,87000,70.4242747658572
CMAES,Rosenbrock,100,7,88000,70.16243123988559
CMAES,Rosenbrock,100,7,89000,69.9167957189426
CMAES,Rosenbrock,100,7,90000,69.65126657760823
CMAES,Rosenbrock,100,7,91000,69.32841988004019
CMAES,Rosenbrock,100,7,92000,69.04742822596441
CMAES,Rosenbrock,100,7,93000,68.76896750857044
CMAES,Rosenbrock,100,7,94000,68.48729914500886
CMAES,Rosenbrock,100,7,95000,68.22161624546806
CMAES,Rosenbrock,100,7,96000,67.93538715808066
CMAES,Rosenbrock,100,7,97000,67.69428880172754
CMAES,Rosenbrock,100,7,98000,67.48740499980798
CMAES,Rosenbrock,100,7,99000,67.21953907235168
CMAES,Rosenbrock,100,7,100000,66.98817414687636
CMAES,Rosenbrock,100,7,101000,66.68748751157382
CMAES,Rosenbrock,100,7,102000,66.41290812630783
CMAES,Rosenbrock,100,7,103000,66.13198279334493
CMAES,Rosenbrock,100,7,104000,65.83023688242905
CMAES,Rosenbrock,100,7,105000,65.5513722894868
CMAES,Rosenbrock,100,7,106000,65.29034068226267
CMAES,Rosenbrock,100,7,107000,65.03186289628795
CMAES,Rosenbrock,100,7,108000,64.78095095296457
CMAES,Rosenbrock,100,7,109000,64.54945573983453
CMAES,Rosenbrock,100,7,110000,64.32264353918534
CMAES,Rosenbrock,100,7,111000,64.0698671762076
CMAES,Rosenbrock,100,7,112000,63.82953445302782
CMAES,Rosenbrock,100,7,113000,63.56217632902193
CMAES,Rosenbrock,100,7,114000,63.26502449281039
CMAES,Rosenbrock,100,7,115000,63.04093518861969
CMAES,Rosenbrock,100,7,116000,62.76381538873366
CMAES,Rosenbrock,100,7,117000,62.46763937832923
CMAES,Rosenbrock,100,7,118000,62.23826281516439
CMAES,Rosenbrock,100,7,119000,61.998204913876954
CMAES,Rosenbrock,100,7,120000,61.702095441094556
CMAES,Rosenbrock,100,7,121000,61.42446172835587
CMAES,Rosenbrock,100,7,122000,61.14967435553178
CMAES,Rosenbrock,100,7,123000,60.90432183516407
CMAES,Rosenbrock,100,7,124000,60.63885188229018
CMAES,Rosenbrock,100,7,125000,60.38478694851907
CMAES,Rosenbrock,100,7,126000,60.10217452332444
CMAES,Rosenbrock,100,7,127000,59.80126143921197
CMAES,Rosenbrock,100,7,128000,59.569613039013504
CMAES,Rosenbrock,100,7,129000,59.363900157582144
CMAES,Rosenbrock,100,7,130000,59.05495789479974
CMAES,Rosenbrock,100,7,131000,58.80544980950163
CMAES,Rosenbrock,100,7,132000,58.55193463202545
CMAES,Rosenbrock,100,7,133000,58.26294468127483
CMAES,Rosenbrock,100,7,134000,57.950360835269
CMAES,Rosenbrock,100,7,135000,57.65661991800616
CMAES,Rosenbrock,100,7,136000,57.4146105689026
CMAES,Rosenbrock,100,7,137000,57.17518927592244
CMAES,Rosenbrock,100,7,138000,56.88077517225353
CMAES,Rosenbrock,100,7,139000,56.58896287931021
CMAES,Rosenbrock,100,7,140000,56.30415898153854
CMAES,Rosenbrock,100,7,141000,56.00770193548842
CMAES,Rosenbrock,100,7,142000,55.730391769954956
CMAES,Rosenbrock,100,7,143000,55.46276677210864
CMAES,Rosenbrock,100,7,144000,55.18462544441023
CMAES,Rosenbrock,100,7,145000,54.94793774243581
CMAES,Rosenbrock,100,7,146000,54.72274938747259
CMAES,Rosenbrock,100,7,147000,54.40100147095878
CMAES,Rosenbrock,100,7,148000,54.200190994658016
CMAES,Rosenbrock,100,7,149000,53.978196226107876
CMAES,Rosenbrock,100,7,150000,53.69159949438475
CMAES,Rosenbrock,100,7,151000,53.4643793645911
CMAES,Rosenbrock,100,7,152000,53.12735450567076
CMAES,Rosenbrock,100,7,153000,52.89193804149085
CMAES,Rosenbrock,100,7,154000,52.63418338273903
CMAES,Rosenbrock,100,7,155000,52.39023504170829
CMAES,Rosenbrock,100,7,156000,52.15417844714204
CMAES,Rosenbrock,100,7,157000,51.92145043329885
CMAES,Rosenbrock,100,7,158000,51.69666567252625
CMAES,Rosenbrock,100,7,159000,51.46704679937039
CMAES,Rosenbrock,100,7,160000,51.17731924223838
CMAES,Rosenbrock,100,7,161000,50.870804132021846
CMAES,Rosenbrock,100,7,162000,50.634877555564145
CMAES,Rosenbrock,100,7,163000,50.37354206133644
CMAES,Rosenbrock,100,7,164000,50.11749360799449
CMAES,Rosenbrock,100,7,165000,49.87468130747218
CMAES,Rosenbrock,100,7,166000,49.65636427050982
CMAES,Rosenbrock,100,7,167000,49.433686599464885
CMAES,Rosenbrock,100,7,168000,49.19626026629294
CMAES,Rosenbrock,100,7,169000,48.96548252619947
CMAES,Rosenbrock,100,7,170000,48.687926809693465
CMAES,Rosenbrock,100,7,171000,48.43105691579496
CMAES,Rosenbrock,100,7,172000,48.21137379976671
CMAES,Rosenbrock,100,7,173000,47.97297568133496
CMAES,Rosenbrock,100,7,174000,47.76530757818528
CMAES,Rosenbrock,100,7,175000,47.50319210247704
CMAES,Rosenbrock,100,7,176000,47.26726601472905
CMAES,Rosenbrock,100,7,177000,47.05204960122855
CMAES,Rosenbrock,100,7,178000,46.87725544450598
CMAES,Rosenbrock,100,7,179000,46.655753304197425
CMAES,Rosenbrock,100,7,180000,46.415800193571314
CMAES,Rosenbrock,100,7,181000,46.1293627292139
CMAES,Rosenbrock,100,7,182000,45.84827136611337
CMAES,Rosenbrock,100,7,183000,45.62205920340023
CMAES,Rosenbrock,100,7,184000,45.394822856640886
CMAES,Rosenbrock,100,7,185000,45.13187521985964
CMAES,Rosenbrock,100,7,186000,44.88072825938417
CMAES,Rosenbrock,100,7,187000,44.61839984793151
CMAES,Rosenbrock,100,7,188000,44.36857619922448
CMAES,Rosenbrock,100,7,189000,44.139955517752355
CMAES,Rosenbrock,100,7,190000,43.862243714632804
CMAES,Rosenbrock,100,7,191000,43.62169859814255
CMAES,Rosenbrock,100,7,192000,43.336618824455854
CMAES,Rosenbrock,100,7,193000,43.131860848316286
CMAES,Rosenbrock,100,7,194000,42.923412884964144
CMAES,Rosenbrock,100,7,195000,42.69094534240987
CMAES,Rosenbrock,100,7,196000,42.46423501502263
CMAES,Rosenbrock,100,7,197000,42.22652066573315
CMAES,Rosenbrock,100,7,198000,41.95315120285393
CMAES,Rosenbrock,100,7,199000,41.66533808941919
CMAES,Rosenbrock,100,7,200000,41.45308174274584
CMAES,Rosenbrock,100,7,201000,41.2045959474735
CMAES,Rosenbrock,100,7,202000,40.98379449696085
CMAES,Rosenbrock,100,7,203000,40.745472021368606
CMAES,Rosenbrock,100,7,204000,40.505990031935966
CMAES,Rosenbrock,100,7,205000,40.27419506139218
CMAES,Rosenbrock,100,7,206000,39.99249877897251
CMAES,Rosenbrock,100,7,207000,39.79929419760412
CMAES,Rosenbrock,100,7,208000,39.52377489307815
CMAES,Rosenbrock,100,7,209000,39.36953358677757
CMAES,Rosenbrock,100,7,210000,39.17075148297743
CMAES,Rosenbrock,100,7,211000,38.9088309592299
CMAES,Rosenbrock,100,7,212000,38.65116800358153
CMAES,Rosenbrock,100,7,213000,38.362232172091055
CMAES,Rosenbrock,100,7,214000,38.12101883440136
CMAES,Rosenbrock,100,7,215000,37.85986204631438
CMAES,Rosenbrock,100,7,216000,37.640318571205135
CMAES,Rosenbrock,100,7,217000,37.41662144597791
CMAES,Rosenbrock,100,7,218000,37.185598317365795
CMAES,Rosenbrock,100,7,219000,36.88308083852606
CMAES,Rosenbrock,100,7,220000,36.69838053269885
CMAES,Rosenbrock,100,7,221000,36.478099853592106
CMAES,Rosenbrock,100,7,222000,36.27603294543458
CMAES,Rosenbrock,100,7,223000,36.03986851885739
CMAES,Rosenbrock,100,7,224000,35.78790263935937
CMAES,Rosenbrock,100,7,225000,35.5868919993319
CMAES,Rosenbrock,100,7,226000,35.33963542615964
CMAES,Rosenbrock,100,7,227000,35.08682670858067
CMAES,Rosenbrock,100,7,228000,34.80011096455259
CMAES,Rosenbrock,100,7,229000,34.587519109126426
CMAES,Rosenbrock,100,7,230000,34.33978604215518
CMAES,Rosenbrock,100,7,231000,34.11026567529224
CMAES,Rosenbrock,100,7,232000,33.89984280590178
CMAES,Rosenbrock,100,7,233000,33.688002821316566
CMAES,Rosenbrock,100,7,234000,33.43943984348563
CMAES,Rosenbrock,100,7,235000,33.143628300000636
CMAES,Rosenbrock,100,7,236000,32.92385558233973
CMAES,Rosenbrock,100,7,237000,32.675270443962404
CMAES,Rosenbrock,100,7,238000,32.43245641889694
CMAES,Rosenbrock,100,7,239000,32.151186221339884
CMAES,Rosenbrock,100,7,240000,31.90004707802287
CMAES,Rosenbrock,100,7,241000,31.64041104227355
CMAES,Rosenbrock,100,7,242000,31.415134244321035
CMAES,Rosenbrock,100,7,243000,31.188513925114645
CMAES,Rosenbrock,100,7,244000,30.90193271644533
CMAES,Rosenbrock,100,7,245000,30.675968675828006
CMAES,Rosenbrock,100,7,246000,30.4680037529836
CMAES,Rosenbrock,100,7,247000,30.254357530785608
CMAES,Rosenbrock,100,7,248000,30.03936044458956
CMAES,Rosenbrock,100,7,249000,29.785354649338412
CMAES,Rosenbrock,100,7,250000,29.55795408831961
CMAES,Rosenbrock,100,7,251000,29.329522224854085
CMAES,Rosenbrock,100,7,252000,29.099433580462154
CMAES,Rosenbrock,100,7,253000,28.84837812146526
CMAES,Rosenbrock,100,7,254000,28.64309470507346
CMAES,Rosenbrock,100,7,255000,28.40153076934024
CMAES,Rosenbrock,100,7,256000,28.205888523833153
CMAES,Rosenbrock,100,7,257000,28.007811916988796
CMAES,Rosenbrock,100,7,258000,27.798168117765467
CMAES,Rosenbrock,100,7,259000,27.551034618222356
CMAES,Rosenbrock,100,7,260000,27.296617785870108
CMAES,Rosenbrock,100,7,261000,27.06518685445155
CMAES,Rosenbrock,100,7,262000,26.837873239387218
CMAES,Rosenbrock,100,7,263000,26.61501399058416
CMAES,Rosenbrock,100,7,264000,26.36362590966038
CMAES,Rosenbrock,100,7,265000,26.111053669356828
CMAES,Rosenbrock,100,7,266000,25.812145576369915
CMAES,Rosenbrock,100,7,267000,25.54598868550779
CMAES,Rosenbrock,100,7,268000,25.29294731769762
CMAES,Rosenbrock,100,7,269000,25.09327367577462
CMAES,Rosenbrock,100,7,270000,24.88434686703233
CMAES,Rosenbrock,100,7,271000,24.704017083256264
CMAES,Rosenbrock,100,7,272000,24.48325596261295
CMAES,Rosenbrock,100,7,273000,24.234539445343817
CMAES,Rosenbrock,100,7,274000,23.95401690609009
CMAES,Rosenbrock,100,7,275000,23.68261344755931
CMAES,Rosenbrock,100,7,276000,23.44236263034868
CMAES,Rosenbrock,100,7,277000,23.218782895551126
CMAES,Rosenbrock,100,7,278000,22.994211585755902
CMAES,Rosenbrock,100,7,279000,22.78934721834873
CMAES,Rosenbrock,100,7,280000,22.633696738010663
CMAES,Rosenbrock,100,7,281000,22.41008525147644
CMAES,Rosenbrock,100,7,282000,22.188136011293402
CMAES,Rosenbrock,100,7,283000,21.910764758552137
CMAES,Rosenbrock,100,7,284000,21.61620971380405
CMAES,Rosenbrock,100,7,285000,21.334438978626743
CMAES,Rosenbrock,100,7,286000,21.07233694173177
CMAES,Rosenbrock,100,7,287000,20.875121625856035
CMAES,Rosenbrock,100,7,288000,20.6175438807812
CMAES,Rosenbrock,100,7,289000,20.38919411861683
CMAES,Rosenbrock,100,7,290000,20.17181250610765
CMAES,Rosenbrock,100,7,291000,19.907421787725927
CMAES,Rosenbrock,100,7,292000,19.668083177319538
CMAES,Rosenbrock,100,7,293000,19.46675359338025
CMAES,Rosenbrock,100,7,294000,19.231333678792648
CMAES,Rosenbrock,100,7,295000,18.992552697299065
CMAES,Rosenbrock,100,7,296000,18.782986302576962
CMAES,Rosenbrock,100,7,297000,18.5506102895932
CMAES,Rosenbrock,100,7,298000,18.32605291437604
CMAES,Rosenbrock,100,7,299000,18.072034218709096
CMAES,Rosenbrock,100,7,300000,17.887400141085415
CMAES,Rosenbrock,100,7,301000,17.65640760644374
CMAES,Rosenbrock,100,7,302000,17.383551897936336
CMAES,Rosenbrock,100,7,303000,17.20082718855771
CMAES,Rosenbrock,100,7,304000,16.941040803675083
CMAES,Rosenbrock,100,7,305000,16.7131953571089
CMAES,Rosenbrock,100,7,306000,16.47515944541312
CMAES,Rosenbrock,100,7,307000,16.181111020573567
CMAES,Rosenbrock,100,7,308000,15.98477336076742
CMAES,Rosenbrock,100,7,309000,15.753471133882769
CMAES,Rosenbrock,100,7,310000,15.526167087024872
CMAES,Rosenbrock,100,7,311000,15.320153583824288
CMAES,Rosenbrock,100,7,312000,15.095495825016124
CMAES,Rosenbrock,100,7,313000,14.91784945166333
CMAES,Rosenbrock,100,7,314000,14.717035892189926
CMAES,Rosenbrock,100,7,315000,14.469034341825111
CMAES,Rosenbrock,100,7,316000,14.200563376412397
CMAES,Rosenbrock,100,7,317000,13.95898877231371
CMAES,Rosenbrock,100,7,318000,13.713177639398452
CMAES,Rosenbrock,100,7,319000,13.445227529322965
CMAES,Rosenbrock,100,7,320000,13.234676504837498
CMAES,Rosenbrock,100,7,321000,12.983265275328947
CMAES,Rosenbrock,100,7,322000,12.762318048210654
CMAES,Rosenbrock,100,7,323000,12.521667081532982
CMAES,Rosenbrock,100,7,324000,12.301728721892603
CMAES,Rosenbrock,100,7,325000,12.027027720515981
CMAES,Rosenbrock,100,7,326000,11.825088529272268
CMAES,Rosenbrock,100,7,327000,11.614485313554898
CMAES,Rosenbrock,100,7,328000,11.380738932834175
CMAES,Rosenbrock,100,7,329000,11.147088213007308
CMAES,Rosenbrock,100,7,330000,10.88992383670652
CMAES,Rosenbrock,100,7,331000,10.686573097223233
CMAES,Rosenbrock,100,7,332000,10.394383204071106
CMAES,Rosenbrock,100,7,333000,10.178184089476458
CMAES,Rosenbrock,100,7,334000,9.937953630070018
CMAES,Rosenbrock,100,7,335000,9.733596475665053
CMAES,Rosenbrock,100,7,336000,9.472420725913414
CMAES,Rosenbrock,100,7,337000,9.277258130450697
CMAES,Rosenbrock,100,7,338000,9.005347150271625
CMAES,Rosenbrock,100,7,339000,8.77608459750104
CMAES,Rosenbrock,100,7,340000,8.477503111650622
CMAES,Rosenbrock,100,7,341000,8.211142172919676
CMAES,Rosenbrock,100,7,342000,7.97880095106636
CMAES,Rosenbrock,100,7,343000,7.744404264778303
CMAES,Rosenbrock,100,7,344000,7.493247606650215
CMAES,Rosenbrock,100,7,345000,7.269591422057065
CMAES,Rosenbrock,100,7,346000,7.045640108959472
CMAES,Rosenbrock,100,7,347000,6.810633924152522
CMAES,Rosenbrock,100,7,348000,6.561907436010945
CMAES,Rosenbrock,100,7,349000,6.304443839866283
CMAES,Rosenbrock,100,7,350000,6.077703217516639
CMAES,Rosenbrock,100,7,351000,5.856426275775602
CMAES,Rosenbrock,100,7,352000,5.62533810168164
CMAES,Rosenbrock,100,7,353000,5.393013901521866
CMAES,Rosenbrock,100,7,354000,5.139300165860913
CMAES,Rosenbrock,100,7,355000,4.8884287421742
CMAES,Rosenbrock,100,7,356000,4.666929707594523
CMAES,Rosenbrock,100,7,357000,4.449749646809032
CMAES,Rosenbrock,100,7,358000,4.230562465060089
CMAES,Rosenbrock,100,7,359000,4.007363724986427
CMAES,Rosenbrock,100,7,360000,3.76002942968362
CMAES,Rosenbrock,100,7,361000,3.4970248903780714
CMAES,Rosenbrock,100,7,362000,3.22258244233896
CMAES,Rosenbrock,100,7,363000,2.996827130113413
CMAES,Rosenbrock,100,7,364000,2.74711639957768
CMAES,Rosenbrock,100,7,365000,2.511442472637782
CMAES,Rosenbrock,100,7,366000,2.2615300810648336
CMAES,Rosenbrock,100,7,367000,2.0665848507062705
CMAES,Rosenbrock,100,7,368000,1.8021549918131554
CMAES,Rosenbrock,100,7,369000,1.6004958243550789
CMAES,Rosenbrock,100,7,370000,1.3885234220186002
CMAES,Rosenbrock,100,7,371000,1.2283505551602403
CMAES,Rosenbrock,100,7,372000,1.044319920966603
CMAES,Rosenbrock,100,7,373000,0.8974206753057083
CMAES,Rosenbrock,100,7,374000,0.7539547605476338
CMAES,Rosenbrock,100,7,375000,0.6359785696446031
CMAES,Rosenbrock,100,7,376000,0.5278934182061914
CMAES,Rosenbrock,100,7,377000,0.4235476322576848
CMAES,Rosenbrock,100,7,378000,0.32413884112809616
CMAES,Rosenbrock,100,7,379000,0.24643060275089645
CMAES,Rosenbrock,100,7,380000,0.18299760645720398
CMAES,Rosenbrock,100,7,381000,0.13381736316999632
CMAES,Rosenbrock,100,7,382000,0.08481089007133497
CMAES,Rosenbrock,100,7,383000,0.05142710784071321
CMAES,Rosenbrock,100,7,384000,0.030559473150992444
CMAES,Rosenbrock,100,7,385000,0.0172219671655831
CMAES,Rosenbrock,100,7,386000,0.009508471092796376
CMAES,Rosenbrock,100,7,387000,0.0035849527182529074
CMAES,Rosenbrock,100,7,388000,0.0015533343805649523
CMAES,Rosenbrock,100,7,389000,0.000513408096218093
CMAES,Rosenbrock,100,7,390000,0.00018234726377486528
CMAES,Rosenbrock,100,7,391000,6.0751820679143405e-05
CMAES,Rosenbrock,100,7,392000,1.6952859391658138e-05
CMAES,Rosenbrock,100,7,393000,4.3359435409360276e-06
CMAES,Rosenbrock,100,7,394000,1.6975315722461465e-06
CMAES,Rosenbrock,100,7,395000,3.6711508695360656e-07
CMAES,Rosenbrock,100,7,396000,1.0978539328252355e-07
CMAES,Rosenbrock,100,7,397000,2.3505185711163407e-08
CMAES,Rosenbrock,100,7,398000,6.100494310965392e-09
CMAES,Rosenbrock,100,7,399000,1.5829961867183466e-09
CMAES,Rosenbrock,100,7,400000,4.4439804528379953e-10
CMAES,Rosenbrock,100,7,401000,1.0564040491492366e-10
CMAES,Rosenbrock,100,7,402000,3.004794779078969e-11
CMAES,Rosenbrock,100,7,403000,6.886700333889348e-12
CMAES,Rosenbrock,100,7,404000,1.6751184956330912e-12
CMAES,Rosenbrock,100,7,405000,3.8834457335086096e-13
CMAES,Rosenbrock,100,7,406000,1.1640832392989685e-13
CMAES,Rosenbrock,100,7,407000,2.6814868359205e-14
CMAES,Rosenbrock,100,8,1000,19931013.784651577
CMAES,Rosenbrock,100,8,2000,611616.1279874234
CMAES,Rosenbrock,100,8,3000,14363.252642770845
CMAES,Rosenbrock,100,8,4000,1900.0878945809127
CMAES,Rosenbrock,100,8,5000,853.5076602486374
CMAES,Rosenbrock,100,8,6000,543.7889166206871
CMAES,Rosenbrock,100,8,7000,437.6476842038485
CMAES,Rosenbrock,100,8,8000,392.83823316839556
CMAES,Rosenbrock,100,8,9000,359.26798140814435
CMAES,Rosenbrock,100,8,10000,344.619639437285
CMAES,Rosenbrock,100,8,11000,332.40549688386216
CMAES,Rosenbrock,100,8,12000,301.5249562866837
CMAES,Rosenbrock,100,8,13000,191.0493593225513
CMAES,Rosenbrock,100,8,14000,118.03417819144173
CMAES,Rosenbrock,100,8,15000,101.4918069109518
CMAES,Rosenbrock,100,8,16000,98.22064155581944
CMAES,Rosenbrock,100,8,17000,97.69919977341043
CMAES,Rosenbrock,100,8,18000,97.50066217594137
CMAES,Rosenbrock,100,8,19000,97.39929982925571
CMAES,Rosenbrock,100,8,20000,97.24917977605732
CMAES,Rosenbrock,100,8,21000,96.94063134212475
CMAES,Rosenbrock,100,8,22000,96.58800013393629
CMAES,Rosenbrock,100,8,23000,96.16559423247011
CMAES,Rosenbrock,100,8,24000,95.69510938552332
CMAES,Rosenbrock,100,8,25000,95.35879328279012
CMAES,Rosenbrock,100,8,26000,94.89611728047926
CMAES,Rosenbrock,100,8,27000,94.4326953283588
CMAES,Rosenbrock,100,8,28000,94.02107823065109
CMAES,Rosenbrock,100,8,29000,93.64592030962662
CMAES,Rosenbrock,100,8,30000,93.2500432929999
CMAES,Rosenbrock,100,8,31000,92.82731812314684
CMAES,Rosenbrock,100,8,32000,92.4152209319313
CMAES,Rosenbrock,100,8,33000,92.04724858433427
CMAES,Rosenbrock,100,8,34000,91.69878858658788
CMAES,Rosenbrock,100,8,35000,91.36192859850448
CMAES,Rosenbrock,100,8,36000,91.06829903670786
CMAES,Rosenbrock,100,8,37000,90.71062353181155
CMAES,Rosenbrock,100,8,38000,90.36993942976795
CMAES,Rosenbrock,100,8,39000,90.02034052776239
CMAES,Rosenbrock,100,8,40000,89.68080249361962
CMAES,Rosenbrock,100,8,41000,89.29786187425702
CMAES,Rosenbrock,100,8,42000,88.87853816863138
CMAES,Rosenbrock,100,8,43000,88.5695172535529
CMAES,Rosenbrock,100,8,44000,88.2394196547
CMAES,Rosenbrock,100,8,45000,87.94665008257192
CMAES,Rosenbrock,100,8,46000,87.57261226655736
CMAES,Rosenbrock,100,8,47000,87.2888008149131
CMAES,Rosenbrock,100,8,48000,87.00484128078726
CMAES,Rosenbrock,100,8,49000,86.69030304653354
CMAES,Rosenbrock,100,8,50000,86.28382327903938
CMAES,Rosenbrock,100,8,51000,85.91665187209178
CMAES,Rosenbrock,100,8,52000,85.54350265158642
CMAES,Rosenbrock,100,8,53000,85.25737320316452
CMAES,Rosenbrock,100,8,54000,84.94004504928677
CMAES,Rosenbrock,100,8,55000,84.61130148721811
CMAES,Rosenbrock,100,8,56000,84.27827277843902
CMAES,Rosenbrock,100,8,57000,83.98817934015564
CMAES,Rosenbrock,100,8,58000,83.68114858427441
CMAES,Rosenbrock,100,8,59000,83.37305310166732
CMAES,Rosenbrock,100,8,60000,83.04967359475006
CMAES,Rosenbrock,100,8,61000,82.77454665301457
CMAES,Rosenbrock,100,8,62000,82.39903296662048
CMAES,Rosenbrock,100,8,63000,82.08190359152212
CMAES,Rosenbrock,100,8,64000,81.74339595657823
CMAES,Rosenbrock,100,8,65000,81.47937142751498
CMAES,Rosenbrock,100,8,66000,81.1800299613734
CMAES,Rosenbrock,100,8,67000,80.87972670952934
CMAES,Rosenbrock,100,8,68000,80.59990157225504
CMAES,Rosenbrock,100,8,69000,80.33845420718121
CMAES,Rosenbrock,100,8,70000,80.06989620749574
CMAES,Rosenbrock,100,8,71000,79.83906219675181
CMAES,Rosenbrock,100,8,72000,79.51245891204425
CMAES,Rosenbrock,100,8,73000,79.22188110105748
CMAES,Rosenbrock,100,8,74000,78.92899699968096
CMAES,Rosenbrock,100,8,75000,78.68612530062417
CMAES,Rosenbrock,100,8,76000,78.38340967453992
CMAES,Rosenbrock,100,8,77000,78.04055254566192
CMAES,Rosenbrock,100,8,78000,77.73817483354729
CMAES,Rosenbrock,100,8,79000,77.42665196723758
CMAES,Rosenbrock,100,8,80000,77.13609589895908
CMAES,Rosenbrock,100,8,81000,76.8670364272876
CMAES,Rosenbrock,100,8,82000,76.55985069283369
CMAES,Rosenbrock,100,8,83000,76.28020635413522
CMAES,Rosenbrock,100,8,84000,75.9586293467425
CMAES,Rosenbrock,100,8,85000,75.643345574207
CMAES,Rosenbrock,100,8,86000,75.37824591000404
CMAES,Rosenbrock,100,8,87000,75.115185843014
CMAES,Rosenbrock,100,8,88000,74.87733652987143
CMAES,Rosenbrock,100,8,89000,74.6129851873536
CMAES,Rosenbrock,100,8,90000,74.36798295893996
CMAES,Rosenbrock,100,8,91000,74.10413131380069
CMAES,Rosenbrock,100,8,92000,73.85070020943898
CMAES,Rosenbrock,100,8,93000,73.55400733434008
CMAES,Rosenbrock,100,8,94000,73.31730454926561
CMAES,Rosenbrock,100,8,95000,73.02875099052548
CMAES,Rosenbrock,100,8,96000,72.74962308431272
CMAES,Rosenbrock,100,8,97000,72.50541575511129
CMAES,Rosenbrock,100,8,98000,72.20918807794548
CMAES,Rosenbrock,100,8,99000,71.89459112933922
CMAES,Rosenbrock,100,8,100000,71.68282034181244
CMAES,Rosenbrock,100,8,101000,71.42408051034202
CMAES,Rosenbrock,100,8,102000,71.08156675686165
CMAES,Rosenbrock,100,8,103000,70.7408001972988
CMAES,Rosenbrock,100,8,104000,70.42900332932861
CMAES,Rosenbrock,100,8,105000,70.18779215112201
CMAES,Rosenbrock,100,8,106000,69.91500254155888
CMAES,Rosenbrock,100,8,107000,69.66774229064536
CMAES,Rosenbrock,100,8,108000,69.39920331695795
CMAES,Rosenbrock,100,8,109000,69.13389167703
CMAES,Rosenbrock,100,8,110000,68.86845422181497
CMAES,Rosenbrock,100,8,111000,68.54915293515518
CMAES,Rosenbrock,100,8,112000,68.3299597666511
CMAES,Rosenbrock,100,8,113000,68.10993328963826
CMAES,Rosenbrock,100,8,114000,67.84295129111688
CMAES,Rosenbrock,100,8,115000,67.60154542870157
CMAES,Rosenbrock,100,8,116000,67.30646297086108
CMAES,Rosenbrock,100,8,117000,67.01981753228173
CMAES,Rosenbrock,100,8,118000,66.76606281365461
CMAES,Rosenbrock,100,8,119000,66.44135289097541
CMAES,Rosenbrock,100,8,120000,66.19490218765232
CMAES,Rosenbrock,100,8,121000,65.95753854985922
CMAES,Rosenbrock,100,8,122000,65.7007672094976
CMAES,Rosenbrock,100,8,123000,65.43537066582927
CMAES,Rosenbrock,100,8,124000,65.14898084021097
CMAES,Rosenbrock,100,8,125000,64.85715640985164
CMAES,Rosenbrock,100,8,126000,64.62872420478438
CMAES,Rosenbrock,100,8,127000,64.35511183948837
CMAES,Rosenbrock,100,8,128000,64.08025656054392
CMAES,Rosenbrock,100,8,129000,63.79782946088048
CMAES,Rosenbrock,100,8,130000,63.501032641793195
CMAES,Rosenbrock,100,8,131000,63.26286727741133
CMAES,Rosenbrock,100,8,132000,63.04158277914415
CMAES,Rosenbrock,100,8,133000,62.763192454215904
CMAES,Rosenbrock,100,8,134000,62.497992699810005
CMAES,Rosenbrock,100,8,135000,62.234353183336005
CMAES,Rosenbrock,100,8,136000,61.940374334206254
CMAES,Rosenbrock,100,8,137000,61.69632080484338
CMAES,Rosenbrock,100,8,138000,61.4450016943626
CMAES,Rosenbrock,100,8,139000,61.21668222801415
CMAES,Rosenbrock,100,8,140000,60.98108194402828
CMAES,Rosenbrock,100,8,141000,60.71703352408922
CMAES,Rosenbrock,100,8,142000,60.51842593154204
CMAES,Rosenbrock,100,8,143000,60.237391941752456
CMAES,Rosenbrock,100,8,144000,59.91515966608561
CMAES,Rosenbrock,100,8,145000,59.6781259684918
CMAES,Rosenbrock,100,8,146000,59.36557956464447
CMAES,Rosenbrock,100,8,147000,59.15433215678145
CMAES,Rosenbrock,100,8,148000,58.84527707719785
CMAES,Rosenbrock,100,8,149000,58.60623540644947
CMAES,Rosenbrock,100,8,150000,58.2788599348779
CMAES,Rosenbrock,100,8,151000,58.03357355646025
CMAES,Rosenbrock,100,8,152000,57.74209646724724
CMAES,Rosenbrock,100,8,153000,57.491748171129416
CMAES,Rosenbrock,100,8,154000,57.22020452424898
CMAES,Rosenbrock,100,8,155000,57.04140675997323
CMAES,Rosenbrock,100,8,156000,56.81569525341265
CMAES,Rosenbrock,100,8,157000,56.552108829559074
CMAES,Rosenbrock,100,8,158000,56.315177499437816
CMAES,Rosenbrock,100,8,159000,56.100222451614876
CMAES,Rosenbrock,100,8,160000,55.87892828279109
CMAES,Rosenbrock,100,8,161000,55.637785394346956
CMAES,Rosenbrock,100,8,162000,55.379922425380855
CMAES,Rosenbrock,100,8,163000,55.151645833098485
CMAES,Rosenbrock,100,8,164000,54.86238068559206
CMAES,Rosenbrock,100,8,165000,54.618200576471416
CMAES,Rosenbrock,100,8,166000,54.381112624339906
CMAES,Rosenbrock,100,8,167000,54.12549196964445
CMAES,Rosenbrock,100,8,168000,53.87684769703352
CMAES,Rosenbrock,100,8,169000,53.606126432226326
CMAES,Rosenbrock,100,8,170000,53.38017224756538
CMAES,Rosenbrock,100,8,171000,53.05010662417181
CMAES,Rosenbrock,100,8,172000,52.805244538624734
CMAES,Rosenbrock,100,8,173000,52.5433296958236
CMAES,Rosenbrock,100,8,174000,52.3065726051134
CMAES,Rosenbrock,100,8,175000,52.06755757394096
CMAES,Rosenbrock,100,8,176000,51.80172077406947
CMAES,Rosenbrock,100,8,177000,51.58564620931454
CMAES,Rosenbrock,100,8,178000,51.33393459602294
CMAES,Rosenbrock,100,8,179000,51.04177482639013
CMAES,Rosenbrock,100,8,180000,50.82581074144044
CMAES,Rosenbrock,100,8,181000,50.55441530128425
CMAES,Rosenbrock,100,8,182000,50.340924806116234
CMAES,Rosenbrock,100,8,183000,50.04243026392888
CMAES,Rosenbrock,100,8,184000,49.73163519591891
CMAES,Rosenbrock,100,8,185000,49.496549755505036
CMAES,Rosenbrock,100,8,186000,49.2774341696661
CMAES,Rosenbrock,100,8,187000,49.024907672679696
CMAES,Rosenbrock,100,8,188000,48.755560450898706
CMAES,Rosenbrock,100,8,189000,48.508469070383846
CMAES,Rosenbrock,100,8,190000,48.251402234528186
CMAES,Rosenbrock,100,8,191000,48.000626213332225
CMAES,Rosenbrock,100,8,192000,47.75388036934029
CMAES,Rosenbrock,100,8,193000,47.500385324590766
CMAES,Rosenbrock,100,8,194000,47.23996238455447
CMAES,Rosenbrock,100,8,195000,46.99609809566839
CMAES,Rosenbrock,100,8,196000,46.672385809395436
CMAES,Rosenbrock,100,8,197000,46.45235492634952
CMAES,Rosenbrock,100,8,198000,46.23752839535038
CMAES,Rosenbrock,100,8,199000,46.00883981157502
CMAES,Rosenbrock,100,8,200000,45.79384891001974
CMAES,Rosenbrock,100,8,201000,45.55873396882419
CMAES,Rosenbrock,100,8,202000,45.313886401115305
CMAES,Rosenbrock,100,8,203000,45.09987803986834
CMAES,Rosenbrock,100,8,204000,44.86484358467758
CMAES,Rosenbrock,100,8,205000,44.61379787301849
CMAES,Rosenbrock,100,8,206000,44.34100138412844
CMAES,Rosenbrock,100,8,207000,44.03250156806519
CMAES,Rosenbrock,100,8,208000,43.77519058025026
CMAES,Rosenbrock,100,8,209000,43.516802963549054
CMAES,Rosenbrock,100,8,210000,43.222370624237904
CMAES,Rosenbrock,100,8,211000,43.00861282596883
CMAES,Rosenbrock,100,8,212000,42.77226711827146
CMAES,Rosenbrock,100,8,213000,42.50955744814825
CMAES,Rosenbrock,100,8,214000,42.25002255864795
CMAES,Rosenbrock,100,8,215000,42.02131870184857
CMAES,Rosenbrock,100,8,216000,41.75039563278953
CMAES,Rosenbrock,100,8,217000,41.5305077228333
CMAES,Rosenbrock,100,8,218000,41.271450347843825
CMAES,Rosenbrock,100,8,219000,41.08546553567861
CMAES,Rosenbrock,100,8,220000,40.88568111601083
CMAES,Rosenbrock,100,8,221000,40.65314400735879
CMAES,Rosenbrock,100,8,222000,40.38109855333559
CMAES,Rosenbrock,100,8,223000,40.124440577767395
CMAES,Rosenbrock,100,8,224000,39.86798018770421
CMAES,Rosenbrock,100,8,225000,39.640877863117225
CMAES,Rosenbrock,100,8,226000,39.434750625993196
CMAES,Rosenbrock,100,8,227000,39.16915067210576
CMAES,Rosenbrock,100,8,228000,38.95359085524387
CMAES,Rosenbrock,100,8,229000,38.73555144819452
CMAES,Rosenbrock,100,8,230000,38.49748522565417
CMAES,Rosenbrock,100,8,231000,38.27583948869492
CMAES,Rosenbrock,100,8,232000,38.03940753858856
CMAES,Rosenbrock,100,8,233000,37.81406761417669
CMAES,Rosenbrock,100,8,234000,37.61266572233639
CMAES,Rosenbrock,100,8,235000,37.39901881337235
CMAES,Rosenbrock,100,8,236000,37.15879158522362
CMAES,Rosenbrock,100,8,237000,36.92126716423659
CMAES,Rosenbrock,100,8,238000,36.65624939249629
CMAES,Rosenbrock,100,8,239000,36.41633119364438
CMAES,Rosenbrock,100,8,240000,36.14253981913104
CMAES,Rosenbrock,100,8,241000,35.87505611855404
CMAES,Rosenbrock,100,8,242000,35.589798077952416
CMAES,Rosenbrock,100,8,243000,35.32055476546114
CMAES,Rosenbrock,100,8,244000,35.058184581596414
CMAES,Rosenbrock,100,8,245000,34.80333875958807
CMAES,Rosenbrock,100,8,246000,34.571484154134154
CMAES,Rosenbrock,100,8,247000,34.313966738882584
CMAES,Rosenbrock,100,8,248000,34.1041212930738
CMAES,Rosenbrock,100,8,249000,33.860280839878676
CMAES,Rosenbrock,100,8,250000,33.635575439274454
CMAES,Rosenbrock,100,8,251000,33.38830364919614
CMAES,Rosenbrock,100,8,252000,33.1370069347002
CMAES,Rosenbrock,100,8,253000,32.91390053089758
CMAES,Rosenbrock,100,8,254000,32.67195059491679
CMAES,Rosenbrock,100,8,255000,32.3749536468895
CMAES,Rosenbrock,100,8,256000,32.10151963674846
CMAES,Rosenbrock,100,8,257000,31.867294985924204
CMAES,Rosenbrock,100,8,258000,31.5674310060251
CMAES,Rosenbrock,100,8,259000,31.291409808272206
CMAES,Rosenbrock,100,8,260000,31.025156936899123
CMAES,Rosenbrock,100,8,261000,30.785640795870446
CMAES,Rosenbrock,100,8,262000,30.582607681235707
CMAES,Rosenbrock,100,8,263000,30.413879998956727
CMAES,Rosenbrock,100,8,264000,30.196775815699024
CMAES,Rosenbrock,100,8,265000,29.961073706678704
CMAES,Rosenbrock,100,8,266000,29.713524748576507
CMAES,Rosenbrock,100,8,267000,29.456724381597912
CMAES,Rosenbrock,100,8,268000,29.166043789298218
CMAES,Rosenbrock,100,8,269000,28.87656137762085
CMAES,Rosenbrock,100,8,270000,28.653585290476826
CMAES,Rosenbrock,100,8,271000,28.483244925479916
CMAES,Rosenbrock,100,8,272000,28.268069747897627
CMAES,Rosenbrock,100,8,273000,28.05708997842589
CMAES,Rosenbrock,100,8,274000,27.817679031510366
CMAES,Rosenbrock,100,8,275000,27.516957860664746
CMAES,Rosenbrock,100,8,276000,27.271741770983674
CMAES,Rosenbrock,100,8,277000,27.0285568028127
CMAES,Rosenbrock,100,8,278000,26.836756264941776
CMAES,Rosenbrock,100,8,279000,26.57044369421876
CMAES,Rosenbrock,100,8,280000,26.336489041842892
CMAES,Rosenbrock,100,8,281000,26.143474061288355
CMAES,Rosenbrock,100,8,282000,25.921574290570096
CMAES,Rosenbrock,100,8,283000,25.712213346414284
CMAES,Rosenbrock,100,8,284000,25.495264362860006
CMAES,Rosenbrock,100,8,285000,25.287632200423285
CMAES,Rosenbrock,100,8,286000,25.035897180196503
CMAES,Rosenbrock,100,8,287000,24.784911868492475
CMAES,Rosenbrock,100,8,288000,24.562189994722516
CMAES,Rosenbrock,100,8,289000,24.341187908491243
CMAES,Rosenbrock,100,8,290000,24.072792923111162
CMAES,Rosenbrock,100,8,291000,23.792305420245135
CMAES,Rosenbrock,100,8,292000,23.511871373106203
CMAES,Rosenbrock,100,8,293000,23.286782031381474
CMAES,Rosenbrock,100,8,294000,23.050478649489197
CMAES,Rosenbrock,100,8,295000,22.818172374771496
CMAES,Rosenbrock,100,8,296000,22.59243880921338
CMAES,Rosenbrock,100,8,297000,22.337898711367355
CMAES,Rosenbrock,100,8,298000,22.060203295873357
CMAES,Rosenbrock,100,8,299000,21.84023664986406
CMAES,Rosenbrock,100,8,300000,21.623474640131143
CMAES,Rosenbrock,100,8,301000,21.367667621728927
CMAES,Rosenbrock,100,8,302000,21.161599425052124
CMAES,Rosenbrock,100,8,303000,20.93504741238918
CMAES,Rosenbrock,100,8,304000,20.69845753627135
CMAES,Rosenbrock,100,8,305000,20.466175269994256
CMAES,Rosenbrock,100,8,306000,20.267043535639445
CMAES,Rosenbrock,100,8,307000,20.06368948361992
CMAES,Rosenbrock,100,8,308000,19.781350785408186
CMAES,Rosenbrock,100,8,309000,19.544288560888344
CMAES,Rosenbrock,100,8,310000,19.344104415925543
CMAES,Rosenbrock,100,8,311000,19.117966218440998
CMAES,Rosenbrock,100,8,312000,18.86842638351753
CMAES,Rosenbrock,100,8,313000,18.67140658451093
CMAES,Rosenbrock,100,8,314000,18.47588290907724
CMAES,Rosenbrock,100,8,315000,18.257976306348418
CMAES,Rosenbrock,100,8,316000,17.976021529262223
CMAES,Rosenbrock,100,8,317000,17.74198017177048
CMAES,Rosenbrock,100,8,318000,17.52854724232069
CMAES,Rosenbrock,100,8,319000,17.294132859508235
CMAES,Rosenbrock,100,8,320000,17.078408305673683
CMAES,Rosenbrock,100,8,321000,16.8288686502343
CMAES,Rosenbrock,100,8,322000,16.611794180864063
CMAES,Rosenbrock,100,8,323000,16.31541659458793
CMAES,Rosenbrock,100,8,324000,16.05158278934784
CMAES,Rosenbrock,100,8,325000,15.800209668441399
CMAES,Rosenbrock,100,8,326000,15.581195844142556
CMAES,Rosenbrock,100,8,327000,15.378551014348446
CMAES,Rosenbrock,100,8,328000,15.175608621801022
CMAES,Rosenbrock,100,8,329000,14.940571294128787
CMAES,Rosenbrock,100,8,330000,14.72100575908986
CMAES,Rosenbrock,100,8,331000,14.538856185125576
CMAES,Rosenbrock,100,8,332000,14.27484964852534
CMAES,Rosenbrock,100,8,333000,13.986219454828241
CMAES,Rosenbrock,100,8,334000,13.731149273246343
CMAES,Rosenbrock,100,8,335000,13.488234440908904
CMAES,Rosenbrock,100,8,336000,13.184613913460662
CMAES,Rosenbrock,100,8,337000,12.917310460399904
CMAES,Rosenbrock,100,8,338000,12.670094427902912
CMAES,Rosenbrock,100,8,339000,12.399893191557815
CMAES,Rosenbrock,100,8,340000,12.17354156209202
CMAES,Rosenbrock,100,8,341000,11.958802332923078
CMAES,Rosenbrock,100,8,342000,11.746692705456656
CMAES,Rosenbrock,100,8,343000,11.53612498233293
CMAES,Rosenbrock,100,8,344000,11.304961489233575
CMAES,Rosenbrock,100,8,345000,11.108873127290902
CMAES,Rosenbrock,100,8,346000,10.888255708948016
CMAES,Rosenbrock,100,8,347000,10.656309111147488
CMAES,Rosenbrock,100,8,348000,10.40931179299139
CMAES,Rosenbrock,100,8,349000,10.127935388248428
CMAES,Rosenbrock,100,8,350000,9.873145233800418
CMAES,Rosenbrock,100,8,351000,9.677700867674066
CMAES,Rosenbrock,100,8,352000,9.404430418922303
CMAES,Rosenbrock,100,8,353000,9.156850301514005
CMAES,Rosenbrock,100,8,354000,8.92137474647882
CMAES,Rosenbrock,100,8,355000,8.66398415277319
CMAES,Rosenbrock,100,8,356000,8.374658901449926
CMAES,Rosenbrock,100,8,357000,8.15522576036418
CMAES,Rosenbrock,100,8,358000,7.878164619292732
CMAES,Rosenbrock,100,8,359000,7.640290077388737
CMAES,Rosenbrock,100,8,360000,7.434042231331219
CMAES,Rosenbrock,100,8,361000,7.231872778154585
CMAES,Rosenbrock,100,8,362000,6.945917800639108
CMAES,Rosenbrock,100,8,363000,6.722239294171413
CMAES,Rosenbrock,100,8,364000,6.544737511698077
CMAES,Rosenbrock,100,8,365000,6.398852170988481
CMAES,Rosenbrock,100,8,366000,6.202637073319009
CMAES,Rosenbrock,100,8,367000,5.956808089866181
CMAES,Rosenbrock,100,8,368000,5.6609313559113135
CMAES,Rosenbrock,100,8,369000,5.4801108731095685
CMAES,Rosenbrock,100,8,370000,5.235371746684062
CMAES,Rosenbrock,100,8,371000,5.060783803414924
CMAES,Rosenbrock,100,8,372000,4.840996444682608
CMAES,Rosenbrock,100,8,373000,4.715301287307169
CMAES,Rosenbrock,100,8,374000,4.578873711699362
CMAES,Rosenbrock,100,8,375000,4.464124662699761
CMAES,Rosenbrock,100,8,376000,4.389708154724988
CMAES,Rosenbrock,100,8,377000,4.299268705190302
CMAES,Rosenbrock,100,8,378000,4.226879953618066
CMAES,Rosenbrock,100,8,379000,4.161836379906118
CMAES,Rosenbrock,100,8,380000,4.120171753384979
CMAES,Rosenbrock,100,8,381000,4.077175169920871
CMAES,Rosenbrock,100,8,382000,4.041396474232905
CMAES,Rosenbrock,100,8,383000,4.019304383433185
CMAES,Rosenbrock,100,8,384000,4.0058937309125415
CMAES,Rosenbrock,100,8,385000,3.994919697884152
CMAES,Rosenbrock,100,8,386000,3.9904884755625174
CMAES,Rosenbrock,100,8,387000,3.9883704674141303
CMAES,Rosenbrock,100,8,388000,3.9873739473953353
CMAES,Rosenbrock,100,8,389000,3.9868548663764054
CMAES,Rosenbrock,100,8,390000,3.9866975107923115
CMAES,Rosenbrock,100,8,391000,3.9866572586221376
CMAES,Rosenbrock,100,8,392000,3.9866321475801985
CMAES,Rosenbrock,100,8,393000,3.98662680468576
CMAES,Rosenbrock,100,8,394000,3.986624594876837
CMAES,Rosenbrock,100,8,395000,3.9866240474776906
CMAES,Rosenbrock,100,8,396000,3.9866239103824945
CMAES,Rosenbrock,100,8,397000,3.9866238682411548
CMAES,Rosenbrock,100,8,398000,3.986623857786659
CMAES,Rosenbrock,100,8,399000,3.9866238549582054
CMAES,Rosenbrock,100,8,400000,3.986623854517898
CMAES,Rosenbrock,100,8,401000,3.986623854353999
CMAES,Rosenbrock,100,8,402000,3.986623854314565
CMAES,Rosenbrock,100,8,403000,3.9866238543041317
CMAES,Rosenbrock,100,8,404000,3.986623854301634
CMAES,Rosenbrock,100,8,405000,3.9866238543010786
CMAES,Rosenbrock,100,8,406000,3.986623854300964
CMAES,Rosenbrock,100,8,407000,3.986623854300939
CMAES,Rosenbrock,100,9,1000,28219745.121857077
CMAES,Rosenbrock,100,9,2000,983419.5725532863
CMAES,Rosenbrock,100,9,3000,13990.243189316148
CMAES,Rosenbrock,100,9,4000,3045.7971522815174
CMAES,Rosenbrock,100,9,5000,1380.1917289767914
CMAES,Rosenbrock,100,9,6000,781.214956446582
CMAES,Rosenbrock,100,9,7000,464.035394967097
CMAES,Rosenbrock,100,9,8000,191.08242427831144
CMAES,Rosenbrock,100,9,9000,111.73332643868078
CMAES,Rosenbrock,100,9,10000,99.34347635336589
CMAES,Rosenbrock,100,9,11000,97.7319914331124
CMAES,Rosenbrock,100,9,12000,97.38171297159924
CMAES,Rosenbrock,100,9,13000,97.14107098541083
CMAES,Rosenbrock,100,9,14000,96.83217916233488
CMAES,Rosenbrock,100,9,15000,96.28568472837571
CMAES,Rosenbrock,100,9,16000,95.77961576955974
CMAES,Rosenbrock,100,9,17000,95.23523969969402
CMAES,Rosenbrock,100,9,18000,94.69865403166187
CMAES,Rosenbrock,100,9,19000,94.25149038955699
CMAES,Rosenbrock,100,9,20000,93.78484357912009
CMAES,Rosenbrock,100,9,21000,93.35677204641297
CMAES,Rosenbrock,100,9,22000,92.88207959534257
CMAES,Rosenbrock,100,9,23000,92.45567079879366
CMAES,Rosenbrock,100,9,24000,91.98853697531739
CMAES,Rosenbrock,100,9,25000,91.55720637085753
CMAES,Rosenbrock,100,9,26000,91.13482612059222
CMAES,Rosenbrock,100,9,27000,90.75454776520826
CMAES,Rosenbrock,100,9,28000,90.31316327856489
CMAES,Rosenbrock,100,9,29000,89.90550108728318
CMAES,Rosenbrock,100,9,30000,89.58558111933307
CMAES,Rosenbrock,100,9,31000,89.2192162383859
CMAES,Rosenbrock,100,9,32000,88.84128344965318
CMAES,Rosenbrock,100,9,33000,88.48010086872765
CMAES,Rosenbrock,100,9,34000,88.12890468094638
CMAES,Rosenbrock,100,9,35000,87.78472035596727
CMAES,Rosenbrock,100,9,36000,87.41060446280176
CMAES,Rosenbrock,100,9,37000,87.05790407610525
CMAES,Rosenbrock,100,9,38000,86.69862905361809
CMAES,Rosenbrock,100,9,39000,86.41497701326206
CMAES,Rosenbrock,100,9,40000,86.05994726772279
CMAES,Rosenbrock,100,9,41000,85.75397526608444
CMAES,Rosenbrock,100,9,42000,85.41577580229665
CMAES,Rosenbrock,100,9,43000,85.08779722059244
CMAES,Rosenbrock,100,9,44000,84.70936132711708
CMAES,Rosenbrock,100,9,45000,84.43963140475671
CMAES,Rosenbrock,100,9,46000,84.0978316397835
CMAES,Rosenbrock,100,9,47000,83.74850612479565
CMAES,Rosenbrock,100,9,48000,83.4545984796335
CMAES,Rosenbrock,100,9,49000,83.13127331884364
CMAES,Rosenbrock,100,9,50000,82.82160360601428
CMAES,Rosenbrock,100,9,51000,82.46649050335344
CMAES,Rosenbrock,100,9,52000,82.13124066036696
CMAES,Rosenbrock,100,9,53000,81.79491587108122
CMAES,Rosenbrock,100,9,54000,81.5152063601099
CMAES,Rosenbrock,100,9,55000,81.14982924283366
CMAES,Rosenbrock,100,9,56000,80.84975705537404
CMAES,Rosenbrock,100,9,57000,80.52804771662507
CMAES,Rosenbrock,100,9,58000,80.21120072589532
CMAES,Rosenbrock,100,9,59000,79.8644676627674
CMAES,Rosenbrock,100,9,60000,79.58047860911502
CMAES,Rosenbrock,100,9,61000,79.23984329953443
CMAES,Rosenbrock,100,9,62000,78.97300897751127
CMAES,Rosenbrock,100,9,63000,78.71755937627533
CMAES,Rosenbrock,100,9,64000,78.49165610711634
CMAES,Rosenbrock,100,9,65000,78.24481961136765
CMAES,Rosenbrock,100,9,66000,77.91559366064595
CMAES,Rosenbrock,100,9,67000,77.64998759336967
CMAES,Rosenbrock,100,9,68000,77.36594834544655
CMAES,Rosenbrock,100,9,69000,77.06901254699554
CMAES,Rosenbrock,100,9,70000,76.79818056028617
CMAES,Rosenbrock,100,9,71000,76.4624934323869
CMAES,Rosenbrock,100,9,72000,76.211711146442
CMAES,Rosenbrock,100,9,73000,75.93583985815084
CMAES,Rosenbrock,100,9,74000,75.59893956946992
CMAES,Rosenbrock,100,9,75000,75.25564094343618
CMAES,Rosenbrock,100,9,76000,74.98191032487294
CMAES,Rosenbrock,100,9,77000,74.68231271533396
CMAES,Rosenbrock,100,9,78000,74.45331237271719
CMAES,Rosenbrock,100,9,79000,74.20454498066277
CMAES,Rosenbrock,100,9,80000,73.98402190982713
CMAES,Rosenbrock,100,9,81000,73.70806499047427
CMAES,Rosenbrock,100,9,82000,73.43118744495014
CMAES,Rosenbrock,100,9,83000,73.11952849060084
CMAES,Rosenbrock,100,9,84000,72.86864578199449
CMAES,Rosenbrock,100,9,85000,72.53413229188209
CMAES,Rosenbrock,100,9,86000,72.29267184091785
CMAES,Rosenbrock,100,9,87000,72.01131779204674
CMAES,Rosenbrock,100,9,88000,71.77783021251653
CMAES,Rosenbrock,100,9,89000,71.49906349257725
CMAES,Rosenbrock,100,9,90000,71.23210643144913
CMAES,Rosenbrock,100,9,91000,70.90668690321381
CMAES,Rosenbrock,100,9,92000,70.64202527329415
CMAES,Rosenbrock,100,9,93000,70.39441320665006
CMAES,Rosenbrock,100,9,94000,70.14476388906782
CMAES,Rosenbrock,100,9,95000,69.90230827489114
CMAES,Rosenbrock,100,9,96000,69.67377117061312
CMAES,Rosenbrock,100,9,97000,69.4219446663246
CMAES,Rosenbrock,100,9,98000,69.20780535282044
CMAES,Rosenbrock,100,9,99000,68.94231962760321
CMAES,Rosenbrock,100,9,100000,68.6499729770926
CMAES,Rosenbrock,100,9,101000,68.3633725610866
CMAES,Rosenbrock,100,9,102000,67.9852859722224
CMAES,Rosenbrock,100,9,103000,67.75199601623096
CMAES,Rosenbrock,100,9,104000,67.43252450725359
CMAES,Rosenbrock,100,9,105000,67.19620436825466
CMAES,Rosenbrock,100,9,106000,66.94505543580433
CMAES,Rosenbrock,100,9,107000,66.68132167071245
CMAES,Rosenbrock,100,9,108000,66.39964805806896
CMAES,Rosenbrock,100,9,109000,66.0933131667757
CMAES,Rosenbrock,100,9,110000,65.85466233194535
CMAES,Rosenbrock,100,9,111000,65.57041693488692
CMAES,Rosenbrock,100,9,112000,65.286951682306
CMAES,Rosenbrock,100,9,113000,64.96448853498515
CMAES,Rosenbrock,100,9,114000,64.72466884545557
CMAES,Rosenbrock,100,9,115000,64.49701478259489
CMAES,Rosenbrock,100,9,116000,64.26072466235173
CMAES,Rosenbrock,100,9,117000,64.00354831872505
CMAES,Rosenbrock,100,9,118000,63.675664700919874
CMAES,Rosenbrock,100,9,119000,63.43555147013797
CMAES,Rosenbrock,100,9,120000,63.17138430071946
CMAES,Rosenbrock,100,9,121000,62.88753020473253
CMAES,Rosenbrock,100,9,122000,62.679497981131604
CMAES,Rosenbrock,100,9,123000,62.36693240121354
CMAES,Rosenbrock,100,9,124000,62.11532187055794
CMAES,Rosenbrock,100,9,125000,61.85864716904262
CMAES,Rosenbrock,100,9,126000,61.624398401048225
CMAES,Rosenbrock,100,9,127000,61.35228917200278
CMAES,Rosenbrock,100,9,128000,61.06960334176701
CMAES,Rosenbrock,100,9,129000,60.830807022107564
CMAES,Rosenbrock,100,9,130000,60.59055755403197
CMAES,Rosenbrock,100,9,131000,60.40242737915531
CMAES,Rosenbrock,100,9,132000,60.117833439316556
CMAES,Rosenbrock,100,9,133000,59.85789531038431
CMAES,Rosenbrock,100,9,134000,59.55022971918851
CMAES,Rosenbrock,100,9,135000,59.28803463828789
CMAES,Rosenbrock,100,9,136000,59.0335687370129
CMAES,Rosenbrock,100,9,137000,58.788295037421626
CMAES,Rosenbrock,100,9,138000,58.541775904871685
CMAES,Rosenbrock,100,9,139000,58.302058802807814
CMAES,Rosenbrock,100,9,140000,58.03996796421673
CMAES,Rosenbrock,100,9,141000,57.812746533539
CMAES,Rosenbrock,100,9,142000,57.58439026373823
CMAES,Rosenbrock,100,9,143000,57.313097956169216
CMAES,Rosenbrock,100,9,144000,57.060678835230604
CMAES,Rosenbrock,100,9,145000,56.808882003210606
CMAES,Rosenbrock,100,9,146000,56.565061740712004
CMAES,Rosenbrock,100,9,147000,56.374988697649506
CMAES,Rosenbrock,100,9,148000,56.09253116440988
CMAES,Rosenbrock,100,9,149000,55.80138987665964
CMAES,Rosenbrock,100,9,150000,55.53202110535324
CMAES,Rosenbrock,100,9,151000,55.25510674258531
CMAES,Rosenbrock,100,9,152000,54.99600950793268
CMAES,Rosenbrock,100,9,153000,54.72563889273779
CMAES,Rosenbrock,100,9,154000,54.523166127655216
CMAES,Rosenbrock,100,9,155000,54.292117519418504
CMAES,Rosenbrock,100,9,156000,54.0396209344479
CMAES,Rosenbrock,100,9,157000,53.73369231928706
CMAES,Rosenbrock,100,9,158000,53.45607607174052
CMAES,Rosenbrock,100,9,159000,53.180855065240685
CMAES,Rosenbrock,100,9,160000,52.95358527321527
CMAES,Rosenbrock,100,9,161000,52.69967306056216
CMAES,Rosenbrock,100,9,162000,52.448477458857006
CMAES,Rosenbrock,100,9,163000,52.183023503954146
CMAES,Rosenbrock,100,9,164000,51.90304289595374
CMAES,Rosenbrock,100,9,165000,51.68997225215586
CMAES,Rosenbrock,100,9,166000,51.46311360339904
CMAES,Rosenbrock,100,9,167000,51.222871153770875
CMAES,Rosenbrock,100,9,168000,50.96563747309238
CMAES,Rosenbrock,100,9,169000,50.73701928230905
CMAES,Rosenbrock,100,9,170000,50.52359071368358
CMAES,Rosenbrock,100,9,171000,50.28093765489605
CMAES,Rosenbrock,100,9,172000,50.04887517446787
CMAES,Rosenbrock,100,9,173000,49.79698339617712
CMAES,Rosenbrock,100,9,174000,49.478755944309924
CMAES,Rosenbrock,100,9,175000,49.20334963113775
CMAES,Rosenbrock,100,9,176000,48.97748160909142
CMAES,Rosenbrock,100,9,177000,48.7868036904208
CMAES,Rosenbrock,100,9,178000,48.56646982290092
CMAES,Rosenbrock,100,9,179000,48.34149118698301
CMAES,Rosenbrock,100,9,180000,48.08967754323354
CMAES,Rosenbrock,100,9,181000,47.83035618005761
CMAES,Rosenbrock,100,9,182000,47.604818805754746
CMAES,Rosenbrock,100,9,183000,47.34594544888445
CMAES,Rosenbrock,100,9,184000,47.10202089746955
CMAES,Rosenbrock,100,9,185000,46.89462671954282
CMAES,Rosenbrock,100,9,186000,46.65921136792294
CMAES,Rosenbrock,100,9,187000,46.38036486626796
CMAES,Rosenbrock,100,9,188000,46.11393929855854
CMAES,Rosenbrock,100,9,189000,45.80267873915398
CMAES,Rosenbrock,100,9,190000,45.55304907755902
CMAES,Rosenbrock,100,9,191000,45.34493730091723
CMAES,Rosenbrock,100,9,192000,45.14405377571502
CMAES,Rosenbrock,100,9,193000,44.92606805928487
CMAES,Rosenbrock,100,9,194000,44.72205485791898
CMAES,Rosenbrock,100,9,195000,44.47484670770334
CMAES,Rosenbrock,100,9,196000,44.212004273440705
CMAES,Rosenbrock,100,9,197000,43.998049076876285
CMAES,Rosenbrock,100,9,198000,43.76983290050801
CMAES,Rosenbrock,100,9,199000,43.55509502884843
CMAES,Rosenbrock,100,9,200000,43.279161761124044
CMAES,Rosenbrock,100,9,201000,43.059984960907045
CMAES,Rosenbrock,100,9,202000,42.78895760818108
CMAES,Rosenbrock,100,9,203000,42.53335476055171
CMAES,Rosenbrock,100,9,204000,42.271422689855314
CMAES,Rosenbrock,100,9,205000,42.02859823868175
CMAES,Rosenbrock,100,9,206000,41.79365706133459
CMAES,Rosenbrock,100,9,207000,41.554530334443285
CMAES,Rosenbrock,100,9,208000,41.33690885191936
CMAES,Rosenbrock,100,9,209000,41.119515948589914
CMAES,Rosenbrock,100,9,210000,40.905337283130066
CMAES,Rosenbrock,100,9,211000,40.643244250116496
CMAES,Rosenbrock,100,9,212000,40.39503837901506
CMAES,Rosenbrock,100,9,213000,40.14814321929065
CMAES,Rosenbrock,100,9,214000,39.890920774505574
CMAES,Rosenbrock,100,9,215000,39.64961628732327
CMAES,Rosenbrock,100,9,216000,39.42776631558407
CMAES,Rosenbrock,100,9,217000,39.19117954700938
CMAES,Rosenbrock,100,9,218000,38.961501288626096
CMAES,Rosenbrock,100,9,219000,38.7370329750489
CMAES,Rosenbrock,100,9,220000,38.5107879043144
CMAES,Rosenbrock,100,9,221000,38.284546728041
CMAES,Rosenbrock,100,9,222000,38.04911806631842
CMAES,Rosenbrock,100,9,223000,37.838218427756004
CMAES,Rosenbrock,100,9,224000,37.599831217966
CMAES,Rosenbrock,100,9,225000,37.34595688548814
CMAES,Rosenbrock,100,9,226000,37.111144662315866
CMAES,Rosenbrock,100,9,227000,36.91490684669618
CMAES,Rosenbrock,100,9,228000,36.69460890978928
CMAES,Rosenbrock,100,9,229000,36.44951571233256
CMAES,Rosenbrock,100,9,230000,36.20690425676327
CMAES,Rosenbrock,100,9,231000,35.99283482294288
CMAES,Rosenbrock,100,9,232000,35.70215740384839
CMAES,Rosenbrock,100,9,233000,35.46873296850903
CMAES,Rosenbrock,100,9,234000,35.200087095250296
CMAES,Rosenbrock,100,9,235000,34.89384882102752
CMAES,Rosenbrock,100,9,236000,34.613527541444356
CMAES,Rosenbrock,100,9,237000,34.3710307816644
CMAES,Rosenbrock,100,9,238000,34.15991801940305
CMAES,Rosenbrock,100,9,239000,33.892234653741305
CMAES,Rosenbrock,100,9,240000,33.622827562741854
CMAES,Rosenbrock,100,9,241000,33.3734821269378
CMAES,Rosenbrock,100,9,242000,33.086861567465014
CMAES,Rosenbrock,100,9,243000,32.82277576546967
CMAES,Rosenbrock,100,9,244000,32.57211174320795
CMAES,Rosenbrock,100,9,245000,32.303620957650274
CMAES,Rosenbrock,100,9,246000,32.05617680183852
CMAES,Rosenbrock,100,9,247000,31.853084412913034
CMAES,Rosenbrock,100,9,248000,31.64433551997966
CMAES,Rosenbrock,100,9,249000,31.408196030368032
CMAES,Rosenbrock,100,9,250000,31.172652865089244
CMAES,Rosenbrock,100,9,251000,30.902987744077837
CMAES,Rosenbrock,100,9,252000,30.65385173364202
CMAES,Rosenbrock,100,9,253000,30.3736497287176
CMAES,Rosenbrock,100,9,254000,30.13183272765972
CMAES,Rosenbrock,100,9,255000,29.900595461095804
CMAES,Rosenbrock,100,9,256000,29.64446196581677
CMAES,Rosenbrock,100,9,257000,29.333281599358518
CMAES,Rosenbrock,100,9,258000,29.134398511179388
CMAES,Rosenbrock,100,9,259000,28.89934937433757
CMAES,Rosenbrock,100,9,260000,28.647704735902586
CMAES,Rosenbrock,100,9,261000,28.37597978398735
CMAES,Rosenbrock,100,9,262000,28.153271667034144
CMAES,Rosenbrock,100,9,263000,27.90902849337606
CMAES,Rosenbrock,100,9,264000,27.719398060735223
CMAES,Rosenbrock,100,9,265000,27.523407469879814
CMAES,Rosenbrock,100,9,266000,27.315521233766983
CMAES,Rosenbrock,100,9,267000,27.05806234220662
CMAES,Rosenbrock,100,9,268000,26.766075572669266
CMAES,Rosenbrock,100,9,269000,26.49749905903648
CMAES,Rosenbrock,100,9,270000,26.222083482903432
CMAES,Rosenbrock,100,9,271000,25.920845329496593
CMAES,Rosenbrock,100,9,272000,25.724374166594618
CMAES,Rosenbrock,100,9,273000,25.482894635107975
CMAES,Rosenbrock,100,9,274000,25.259796219905
CMAES,Rosenbrock,100,9,275000,25.066112711882315
CMAES,Rosenbrock,100,9,276000,24.776363465800113
CMAES,Rosenbrock,100,9,277000,24.52090860569877
CMAES,Rosenbrock,100,9,278000,24.299735306387035
CMAES,Rosenbrock,100,9,279000,24.06865381583944
CMAES,Rosenbrock,100,9,280000,23.811732710656088
CMAES,Rosenbrock,100,9,281000,23.560170181543388
CMAES,Rosenbrock,100,9,282000,23.277737164165977
CMAES,Rosenbrock,100,9,283000,23.071425514865332
CMAES,Rosenbrock,100,9,284000,22.876971036826994
CMAES,Rosenbrock,100,9,285000,22.637210321143446
CMAES,Rosenbrock,100,9,286000,22.430722819782435
CMAES,Rosenbrock,100,9,287000,22.1944859140568
CMAES,Rosenbrock,100,9,288000,21.963886840341935
CMAES,Rosenbrock,100,9,289000,21.669475539453
CMAES,Rosenbrock,100,9,290000,21.43358755271007
CMAES,Rosenbrock,100,9,291000,21.22873649787138
CMAES,Rosenbrock,100,9,292000,21.020540664343525
CMAES,Rosenbrock,100,9,293000,20.8428097697474
CMAES,Rosenbrock,100,9,294000,20.615603761709774
CMAES,Rosenbrock,100,9,295000,20.361186224957518
CMAES,Rosenbrock,100,9,296000,20.111566707276385
CMAES,Rosenbrock,100,9,297000,19.887733035783874
CMAES,Rosenbrock,100,9,298000,19.657446834353607
CMAES,Rosenbrock,100,9,299000,19.33963412519116
CMAES,Rosenbrock,100,9,300000,19.05694410259065
CMAES,Rosenbrock,100,9,301000,18.74790039274143
CMAES,Rosenbrock,100,9,302000,18.548758606172214
CMAES,Rosenbrock,100,9,303000,18.284271871023677
CMAES,Rosenbrock,100,9,304000,18.05360592348788
CMAES,Rosenbrock,100,9,305000,17.806717896957053
CMAES,Rosenbrock,100,9,306000,17.54651413627511
CMAES,Rosenbrock,100,9,307000,17.331394027509265
CMAES,Rosenbrock,100,9,308000,17.134311909598008
CMAES,Rosenbrock,100,9,309000,16.883900773551332
CMAES,Rosenbrock,100,9,310000,16.57817388061344
CMAES,Rosenbrock,100,9,311000,16.29497557667956
CMAES,Rosenbrock,100,9,312000,16.067731442049503
CMAES,Rosenbrock,100,9,313000,15.807875692506745
CMAES,Rosenbrock,100,9,314000,15.574626216317544
CMAES,Rosenbrock,100,9,315000,15.33401489239291
CMAES,Rosenbrock,100,9,316000,15.105580927070577
CMAES,Rosenbrock,100,9,317000,14.846586699927167
CMAES,Rosenbrock,100,9,318000,14.596174243718778
CMAES,Rosenbrock,100,9,319000,14.364336610757334
CMAES,Rosenbrock,100,9,320000,14.115417655082515
CMAES,Rosenbrock,100,9,321000,13.88961147541148
CMAES,Rosenbrock,100,9,322000,13.67763158937611
CMAES,Rosenbrock,100,9,323000,13.515798285232798
CMAES,Rosenbrock,100,9,324000,13.283950642707834
CMAES,Rosenbrock,100,9,325000,13.066064536982735
CMAES,Rosenbrock,100,9,326000,12.848725928530834
CMAES,Rosenbrock,100,9,327000,12.619032376310193
CMAES,Rosenbrock,100,9,328000,12.42146401939564
CMAES,Rosenbrock,100,9,329000,12.229561479995192
CMAES,Rosenbrock,100,9,330000,11.9780342842869
CMAES,Rosenbrock,100,9,331000,11.707537565916441
CMAES,Rosenbrock,100,9,332000,11.434507598260272
CMAES,Rosenbrock,100,9,333000,11.186416025871537
CMAES,Rosenbrock,100,9,334000,10.948678889822961
CMAES,Rosenbrock,100,9,335000,10.72908090728529
CMAES,Rosenbrock,100,9,336000,10.515584488887397
CMAES,Rosenbrock,100,9,337000,10.281894304011946
CMAES,Rosenbrock,100,9,338000,10.001663663146944
CMAES,Rosenbrock,100,9,339000,9.730073641902642
CMAES,Rosenbrock,100,9,340000,9.5386033616057
CMAES,Rosenbrock,100,9,341000,9.310324556936244
CMAES,Rosenbrock,100,9,342000,9.14975624432034
CMAES,Rosenbrock,100,9,343000,8.911727247422643
CMAES,Rosenbrock,100,9,344000,8.669862563691064
CMAES,Rosenbrock,100,9,345000,8.4694836900398
CMAES,Rosenbrock,100,9,346000,8.295593820768595
CMAES,Rosenbrock,100,9,347000,8.088181131693988
CMAES,Rosenbrock,100,9,348000,7.871900859620905
CMAES,Rosenbrock,100,9,349000,7.652948334174069
CMAES,Rosenbrock,100,9,350000,7.416203825143054
CMAES,Rosenbrock,100,9,351000,7.16184040420482
CMAES,Rosenbrock,100,9,352000,6.919662312842496
CMAES,Rosenbrock,100,9,353000,6.666140209864156
CMAES,Rosenbrock,100,9,354000,6.4140067264043825
CMAES,Rosenbrock,100,9,355000,6.203214486924267
CMAES,Rosenbrock,100,9,356000,5.9920803997126635
CMAES,Rosenbrock,100,9,357000,5.832390216148156
CMAES,Rosenbrock,100,9,358000,5.613543607360846
CMAES,Rosenbrock,100,9,359000,5.3751583591175525
CMAES,Rosenbrock,100,9,360000,5.127619309932303
CMAES,Rosenbrock,100,9,361000,4.927540369888798
CMAES,Rosenbrock,100,9,362000,4.725488819841396
CMAES,Rosenbrock,100,9,363000,4.470281965896405
CMAES,Rosenbrock,100,9,364000,4.182511412203985
CMAES,Rosenbrock,100,9,365000,3.909796439980225
CMAES,Rosenbrock,100,9,366000,3.628026106563914
CMAES,Rosenbrock,100,9,367000,3.3795091016151995
CMAES,Rosenbrock,100,9,368000,3.152862730091729
CMAES,Rosenbrock,100,9,369000,2.913122068427372
CMAES,Rosenbrock,100,9,370000,2.6849402883954414
CMAES,Rosenbrock,100,9,371000,2.409464749706535
CMAES,Rosenbrock,100,9,372000,2.1744875760621176
CMAES,Rosenbrock,100,9,373000,1.9632338824970392
CMAES,Rosenbrock,100,9,374000,1.7336897498975201
CMAES,Rosenbrock,100,9,375000,1.5054652430528295
CMAES,Rosenbrock,100,9,376000,1.3375253206005109
CMAES,Rosenbrock,100,9,377000,1.1232790014881857
CMAES,Rosenbrock,100,9,378000,0.9217918171367773
CMAES,Rosenbrock,100,9,379000,0.7561502828881489
CMAES,Rosenbrock,100,9,380000,0.6156076372423815
CMAES,Rosenbrock,100,9,381000,0.48981513659197995
CMAES,Rosenbrock,100,9,382000,0.406735947762382
CMAES,Rosenbrock,100,9,383000,0.32920536896944286
CMAES,Rosenbrock,100,9,384000,0.2567960175806923
CMAES,Rosenbrock,100,9,385000,0.1918525446160313
CMAES,Rosenbrock,100,9,386000,0.13587469164413638
CMAES,Rosenbrock,100,9,387000,0.09026130822218058
CMAES,Rosenbrock,100,9,388000,0.05350807765047296
CMAES,Rosenbrock,100,9,389000,0.03297744620507349
CMAES,Rosenbrock,100,9,390000,0.015560566100914837
CMAES,Rosenbrock,100,9,391000,0.008277592426594673
CMAES,Rosenbrock,100,9,392000,0.0038653100786167766
CMAES,Rosenbrock,100,9,393000,0.0014247597915616112
CMAES,Rosenbrock,100,9,394000,0.000522855937310155
CMAES,Rosenbrock,100,9,395000,0.0001785362180756241
CMAES,Rosenbrock,100,9,396000,6.438128531735563e-05
CMAES,Rosenbrock,100,9,397000,2.2244678820059753e-05
CMAES,Rosenbrock,100,9,398000,5.5529429144201676e-06
CMAES,Rosenbrock,100,9,399000,1.805366100919827e-06
CMAES,Rosenbrock,100,9,400000,4.179436268662671e-07
CMAES,Rosenbrock,100,9,401000,1.4595455663788322e-07
CMAES,Rosenbrock,100,9,402000,3.700860742481123e-08
CMAES,Rosenbrock,100,9,403000,1.1184862250794359e-08
CMAES,Rosenbrock,100,9,404000,2.4926501489175842e-09
CMAES,Rosenbrock,100,9,405000,5.940063599627815e-10
CMAES,Rosenbrock,100,9,406000,1.831828206236376e-10
CMAES,Rosenbrock,100,9,407000,6.89944631711475e-11
CMAES,Rosenbrock,100,9,408000,1.547099795613474e-11
CMAES,Rosenbrock,100,9,409000,3.4384824042686683e-12
CMAES,Rosenbrock,100,9,410000,8.786380514529799e-13
CMAES,Rosenbrock,100,9,411000,2.319954507184509e-13
CMAES,Rosenbrock,100,9,412000,6.204482912319173e-14
CMAES,Rosenbrock,100,9,413000,1.2253997443144227e-14
CMAES,Ackley,10,0,1000,1.3989943227585369
CMAES,Ackley,10,0,2000,1.1551485356275006
CMAES,Ackley,10,0,3000,1.1551485027098285
CMAES,Ackley,10,1,1000,0.02633199342777859
CMAES,Ackley,10,1,2000,7.068324187731179e-06
CMAES,Ackley,10,1,3000,5.072785302928651e-09
CMAES,Ackley,10,2,1000,0.03541624767653362
CMAES,Ackley,10,2,2000,1.8229355653875956e-05
CMAES,Ackley,10,2,3000,6.055526302617409e-09
CMAES,Ackley,10,3,1000,0.015573834457918156
CMAES,Ackley,10,3,2000,6.407678395436989e-06
CMAES,Ackley,10,3,3000,3.5265590447863815e-09
CMAES,Ackley,10,4,1000,0.051644610052026696
CMAES,Ackley,10,4,2000,1.7709955287603663e-05
CMAES,Ackley,10,4,3000,9.398960276740809e-09
CMAES,Ackley,10,5,1000,0.06909606360563503
CMAES,Ackley,10,5,2000,1.765554138843939e-05
CMAES,Ackley,10,5,3000,2.6519000773106427e-08
CMAES,Ackley,10,6,1000,0.1902839938795613
CMAES,Ackley,10,6,2000,6.947379060706638e-05
CMAES,Ackley,10,6,3000,3.143953763995455e-08
CMAES,Ackley,10,7,1000,0.025452627975802944
CMAES,Ackley,10,7,2000,6.740984425324115e-06
CMAES,Ackley,10,7,3000,4.06161904109581e-09
CMAES,Ackley,10,8,1000,0.06218784767246577
CMAES,Ackley,10,8,2000,3.890248374505134e-05
CMAES,Ackley,10,8,3000,2.981423152803586e-08
CMAES,Ackley,10,9,1000,0.12765047426338727
CMAES,Ackley,10,9,2000,8.647201091038781e-05
CMAES,Ackley,10,9,3000,1.94733549285786e-08
CMAES,Ackley,30,0,1000,4.323616514619275
CMAES,Ackley,30,0,2000,0.2802310751234889
CMAES,Ackley,30,0,3000,0.008933479043858217
CMAES,Ackley,30,0,4000,0.0003988147343254589
CMAES,Ackley,30,0,5000,2.916130072749823e-05
CMAES,Ackley,30,0,6000,2.056211574785749e-06
CMAES,Ackley,30,0,7000,1.552774837598747e-07
CMAES,Ackley,30,0,8000,1.0213171197648307e-08
CMAES,Ackley,30,0,9000,5.593432383932395e-10
CMAES,Ackley,30,1,1000,4.89916732881148
CMAES,Ackley,30,1,2000,0.6743339244628008
CMAES,Ackley,30,1,3000,0.0183657243556401
CMAES,Ackley,30,1,4000,0.0006676896072019822
CMAES,Ackley,30,1,5000,4.5052043845306144e-05
CMAES,Ackley,30,1,6000,2.6712247316318383e-06
CMAES,Ackley,30,1,7000,1.5504614170325226e-07
CMAES,Ackley,30,1,8000,9.681518253756849e-09
CMAES,Ackley,30,1,9000,4.64862370819219e-10
CMAES,Ackley,30,2,1000,4.339639675239358
CMAES,Ackley,30,2,2000,0.3253088096259913
CMAES,Ackley,30,2,3000,0.008411599660299363
CMAES,Ackley,30,2,4000,0.0006411196836357824
CMAES,Ackley,30,2,5000,3.116066135122608e-05
CMAES,Ackley,30,2,6000,1.6391234969326263e-06
CMAES,Ackley,30,2,7000,1.0770713432251e-07
CMAES,Ackley,30,2,8000,4.74174344233802e-09
CMAES,Ackley,30,2,9000,2.71839883936309e-10
CMAES,Ackley,30,3,1000,5.453997059454974
CMAES,Ackley,30,3,2000,0.8016679549829253
CMAES,Ackley,30,3,3000,0.01993016991567531
CMAES,Ackley,30,3,4000,0.001090595260489824
CMAES,Ackley,30,3,5000,7.301788075908533e-05
CMAES,Ackley,30,3,6000,2.4574003991695292e-06
CMAES,Ackley,30,3,7000,1.0442414621891771e-07
CMAES,Ackley,30,3,8000,5.082199994177472e-09
CMAES,Ackley,30,3,9000,2.5103874534693205e-10
CMAES,Ackley,30,4,1000,4.7833076278503945
CMAES,Ackley,30,4,2000,0.41002580916896436
CMAES,Ackley,30,4,3000,0.012055376098846882
CMAES,Ackley,30,4,4000,0.0005008004677873323
CMAES,Ackley,30,4,5000,2.9082356118426134e-05
CMAES,Ackley,30,4,6000,1.0462284092405127e-06
CMAES,Ackley,30,4,7000,4.882348436652251e-08
CMAES,Ackley,30,4,8000,3.434785345035607e-09
CMAES,Ackley,30,4,9000,2.0142154610880425e-10
CMAES,Ackley,30,5,1000,5.00802428986664
CMAES,Ackley,30,5,2000,0.3905194190075325
CMAES,Ackley,30,5,3000,0.011247989321028218
CMAES,Ackley,30,5,4000,0.0006195784727869302
CMAES,Ackley,30,5,5000,3.572399230877821e-05
CMAES,Ackley,30,5,6000,3.001861788920479e-06
CMAES,Ackley,30,5,7000,1.6986917517058941e-07
CMAES,Ackley,30,5,8000,8.95601504069532e-09
CMAES,Ackley,30,5,9000,5.872249353444658e-10
CMAES,Ackley,30,6,1000,5.11335706911354
CMAES,Ackley,30,6,2000,0.45115843845737347
CMAES,Ackley,30,6,3000,0.013767316854910394
CMAES,Ackley,30,6,4000,0.0008755591606761648
CMAES,Ackley,30,6,5000,4.5038402828101454e-05
CMAES,Ackley,30,6,6000,2.7096993489017507e-06
CMAES,Ackley,30,6,7000,1.5255182406193057e-07
CMAES,Ackley,30,6,8000,8.18952061720779e-09
CMAES,Ackley,30,6,9000,4.4316239566910554e-10
CMAES,Ackley,30,7,1000,5.2687588965521215
CMAES,Ackley,30,7,2000,1.0414806894898914
CMAES,Ackley,30,7,3000,0.047056164370506526
CMAES,Ackley,30,7,4000,0.0028206171964382243
CMAES,Ackley,30,7,5000,0.00011682392664313923
CMAES,Ackley,30,7,6000,1.0263029736723439e-05
CMAES,Ackley,30,7,7000,6.629535929114638e-07
CMAES,Ackley,30,7,8000,3.526358272054608e-08
CMAES,Ackley,30,7,9000,1.4368741751979996e-09
CMAES,Ackley,30,7,10000,8.913092486295682e-11
CMAES,Ackley,30,8,1000,5.515316775340629
CMAES,Ackley,30,8,2000,0.34986099215864686
CMAES,Ackley,30,8,3000,0.01567313283613503
CMAES,Ackley,30,8,4000,0.0007084975415172501
CMAES,Ackley,30,8,5000,3.4044060129634346e-05
CMAES,Ackley,30,8,6000,2.5872352691358458e-06
CMAES,Ackley,30,8,7000,1.866432595143408e-07
CMAES,Ackley,30,8,8000,6.988564837939748e-09
CMAES,Ackley,30,8,9000,3.250701929857769e-10
CMAES,Ackley,30,9,1000,5.2605870786865125
CMAES,Ackley,30,9,2000,0.4987650997709179
CMAES,Ackley,30,9,3000,0.012524527916017991
CMAES,Ackley,30,9,4000,0.0007887112290672071
CMAES,Ackley,30,9,5000,3.2562040545247584e-05
CMAES,Ackley,30,9,6000,2.4170056893701997e-06
CMAES,Ackley,30,9,7000,2.4579027213533777e-07
CMAES,Ackley,30,9,8000,1.4533306558206505e-08
CMAES,Ackley,30,9,9000,8.620699709638302e-10
CMAES,Ackley,30,9,10000,5.4641180469161554e-11
CMAES,Ackley,50,0,1000,9.32437700983258
CMAES,Ackley,50,0,2000,2.46790212559473
CMAES,Ackley,50,0,3000,0.47824912942387643
CMAES,Ackley,50,0,4000,0.04320091840266871
CMAES,Ackley,50,0,5000,0.005517521728581887
CMAES,Ackley,50,0,6000,0.0007517685249323058
CMAES,Ackley,50,0,7000,0.0001107429793489878
CMAES,Ackley,50,0,8000,1.6101083748498723e-05
CMAES,Ackley,50,0,9000,2.091538146675731e-06
CMAES,Ackley,50,0,10000,3.3483149453061856e-07
CMAES,Ackley,50,0,11000,5.679236325661918e-08
CMAES,Ackley,50,0,12000,7.999350959408957e-09
CMAES,Ackley,50,0,13000,1.155463724700212e-09
CMAES,Ackley,50,0,14000,1.4104672985126854e-10
CMAES,Ackley,50,1,1000,9.036096023424044
CMAES,Ackley,50,1,2000,3.308059073287812
CMAES,Ackley,50,1,3000,0.7331100602349605
CMAES,Ackley,50,1,4000,0.07807054965966786
CMAES,Ackley,50,1,5000,0.01195657468931488
CMAES,Ackley,50,1,6000,0.0016338224685168434
CMAES,Ackley,50,1,7000,0.00021667762580479533
CMAES,Ackley,50,1,8000,2.74398228872208e-05
CMAES,Ackley,50,1,9000,3.7497401916830597e-06
CMAES,Ackley,50,1,10000,4.047644535098982e-07
CMAES,Ackley,50,1,11000,7.204037943964181e-08
CMAES,Ackley,50,1,12000,1.4076786403194319e-08
CMAES,Ackley,50,1,13000,2.1258732552098536e-09
CMAES,Ackley,50,1,14000,3.3911051744439646e-10
CMAES,Ackley,50,1,15000,5.735900643344394e-11
CMAES,Ackley,50,2,1000,9.312330652416833
CMAES,Ackley,50,2,2000,3.240802993576392
CMAES,Ackley,50,2,3000,0.7955998929896428
CMAES,Ackley,50,2,4000,0.07808539962218264
CMAES,Ackley,50,2,5000,0.011110131656583366
CMAES,Ackley,50,2,6000,0.0017374093315152273
CMAES,Ackley,50,2,7000,0.0002000553713625841
CMAES,Ackley,50,2,8000,2.867885902135825e-05
CMAES,Ackley,50,2,9000,3.661453036318818e-06
CMAES,Ackley,50,2,10000,5.707900396778598e-07
CMAES,Ackley,50,2,11000,6.976246114120954e-08
CMAES,Ackley,50,2,12000,1.0246836712468621e-08
CMAES,Ackley,50,2,13000,1.5171193190610666e-09
CMAES,Ackley,50,2,14000,2.1296076013754828e-10
CMAES,Ackley,50,3,1000,10.045613571593835
CMAES,Ackley,50,3,2000,3.4461603250862436
CMAES,Ackley,50,3,3000,0.7773460257030362
CMAES,Ackley,50,3,4000,0.05641822993253642
CMAES,Ackley,50,3,5000,0.008212673915878543
CMAES,Ackley,50,3,6000,0.0013202111372057068
CMAES,Ackley,50,3,7000,0.0001388845055214638
CMAES,Ackley,50,3,8000,1.976305192075145e-05
CMAES,Ackley,50,3,9000,2.82810812679557e-06
CMAES,Ackley,50,3,10000,3.614760797354677e-07
CMAES,Ackley,50,3,11000,5.807721992212578e-08
CMAES,Ackley,50,3,12000,7.817128722109601e-09
CMAES,Ackley,50,3,13000,1.2395564574774198e-09
CMAES,Ackley,50,3,14000,1.7351142744814751e-10
CMAES,Ackley,50,4,1000,9.783313638444593
CMAES,Ackley,50,4,2000,3.109404806162431
CMAES,Ackley,50,4,3000,0.7282551226929646
CMAES,Ackley,50,4,4000,0.06667446180560832
CMAES,Ackley,50,4,5000,0.010137973058374161
CMAES,Ackley,50,4,6000,0.0012590015811295707
CMAES,Ackley,50,4,7000,0.0001660505290890235
CMAES,Ackley,50,4,8000,2.5440244258323474e-05
CMAES,Ackley,50,4,9000,3.5899227559532676e-06
CMAES,Ackley,50,4,10000,5.860677210201004e-07
CMAES,Ackley,50,4,11000,9.445878434988231e-08
CMAES,Ackley,50,4,12000,1.4364481604189905e-08
CMAES,Ackley,50,4,13000,2.603251392230277e-09
CMAES,Ackley,50,4,14000,3.1699842750754215e-10
CMAES,Ackley,50,4,15000,5.4868554144604786e-11
CMAES,Ackley,50,5,1000,8.76342699927722
CMAES,Ackley,50,5,2000,2.8762928970854067
CMAES,Ackley,50,5,3000,0.6023920575424353
CMAES,Ackley,50,5,4000,0.07621697904906144
CMAES,Ackley,50,5,5000,0.008590082270011568
CMAES,Ackley,50,5,6000,0.0012782705179685827
CMAES,Ackley,50,5,7000,0.00016833722200404466
CMAES,Ackley,50,5,8000,2.4817039339541935e-05
CMAES,Ackley,50,5,9000,3.754626547891604e-06
CMAES,Ackley,50,5,10000,6.867577373448341e-07
CMAES,Ackley,50,5,11000,1.007914964823442e-07
CMAES,Ackley,50,5,12000,1.6583961315319584e-08
CMAES,Ackley,50,5,13000,2.5710105155951624e-09
CMAES,Ackley,50,5,14000,4.3321124465478533e-10
CMAES,Ackley,50,5,15000,5.055911245221978e-11
CMAES,Ackley,50,6,1000,9.5473739008864
CMAES,Ackley,50,6,2000,3.2954631298254857
CMAES,Ackley,50,6,3000,0.5958998222785898
CMAES,Ackley,50,6,4000,0.05428173256168067
CMAES,Ackley,50,6,5000,0.007099998239269656
CMAES,Ackley,50,6,6000,0.0011310246846432115
CMAES,Ackley,50,6,7000,0.00017760337645045254
CMAES,Ackley,50,6,8000,2.8978872340434947e-05
CMAES,Ackley,50,6,9000,4.134758715412801e-06
CMAES,Ackley,50,6,10000,6.864502890557844e-07
CMAES,Ackley,50,6,11000,1.1321791903995404e-07
CMAES,Ackley,50,6,12000,1.9233383330430343e-08
CMAES,Ackley,50,6,13000,2.7873565677793977e-09
CMAES,Ackley,50,6,14000,3.848339424905589e-10
CMAES,Ackley,50,6,15000,7.48170414510696e-11
CMAES,Ackley,50,7,1000,7.863616273934866
CMAES,Ackley,50,7,2000,2.9647414658284963
CMAES,Ackley,50,7,3000,0.667634288397299
CMAES,Ackley,50,7,4000,0.06927432693643398
CMAES,Ackley,50,7,5000,0.009951488787085072
CMAES,Ackley,50,7,6000,0.0013124289809351986
CMAES,Ackley,50,7,7000,0.00021555986171906127
CMAES,Ackley,50,7,8000,3.0204515593101888e-05
CMAES,Ackley,50,7,9000,5.6200546372231486e-06
CMAES,Ackley,50,7,10000,6.746152547698614e-07
CMAES,Ackley,50,7,11000,9.50553880052496e-08
CMAES,Ackley,50,7,12000,1.348678724255592e-08
CMAES,Ackley,50,7,13000,1.690278583765803e-09
CMAES,Ackley,50,7,14000,2.5591662122792513e-10
CMAES,Ackley,50,8,1000,8.481777067787121
CMAES,Ackley,50,8,2000,3.1126030726460105
CMAES,Ackley,50,8,3000,0.4864753411266922
CMAES,Ackley,50,8,4000,0.042075483768702515
CMAES,Ackley,50,8,5000,0.006353381922782564
CMAES,Ackley,50,8,6000,0.0008355923760530182
CMAES,Ackley,50,8,7000,0.0001331734538152496
CMAES,Ackley,50,8,8000,1.6168114936210287e-05
CMAES,Ackley,50,8,9000,2.3780268390005688e-06
CMAES,Ackley,50,8,10000,3.5229664918645653e-07
CMAES,Ackley,50,8,11000,4.8589804624299404e-08
CMAES,Ackley,50,8,12000,9.13588893425299e-09
CMAES,Ackley,50,8,13000,1.2989045394817822e-09
CMAES,Ackley,50,8,14000,1.7299628396472144e-10
CMAES,Ackley,50,9,1000,7.912643438646176
CMAES,Ackley,50,9,2000,2.9131926329878834
CMAES,Ackley,50,9,3000,0.4558284290469783
CMAES,Ackley,50,9,4000,0.04361248020436692
CMAES,Ackley,50,9,5000,0.004779614276540389
CMAES,Ackley,50,9,6000,0.0007060270473968622
CMAES,Ackley,50,9,7000,0.0001126314249018101
CMAES,Ackley,50,9,8000,1.3612353815251055e-05
CMAES,Ackley,50,9,9000,2.0804948239749876e-06
CMAES,Ackley,50,9,10000,2.665061740181329e-07
CMAES,Ackley,50,9,11000,3.791756286730674e-08
CMAES,Ackley,50,9,12000,4.722104041121611e-09
CMAES,Ackley,50,9,13000,6.836384791597538e-10
CMAES,Ackley,50,9,14000,9.105294296318789e-11
CMAES,Ackley,100,0,1000,16.088138887561726
CMAES,Ackley,100,0,2000,8.422413606064357
CMAES,Ackley,100,0,3000,4.163219662096374
CMAES,Ackley,100,0,4000,2.537039711251023
CMAES,Ackley,100,0,5000,1.1955013105050836
CMAES,Ackley,100,0,6000,0.29140199012488965
CMAES,Ackley,100,0,7000,0.08067015317291082
CMAES,Ackley,100,0,8000,0.02287467665631171
CMAES,Ackley,100,0,9000,0.006431876522637214
CMAES,Ackley,100,0,10000,0.002376305732131545
CMAES,Ackley,100,0,11000,0.0008342800249931948
CMAES,Ackley,100,0,12000,0.0003045779307311314
CMAES,Ackley,100,0,13000,9.613286861709369e-05
CMAES,Ackley,100,0,14000,3.167791687319621e-05
CMAES,Ackley,100,0,15000,1.2247903186324294e-05
CMAES,Ackley,100,0,16000,3.6816911088699555e-06
CMAES,Ackley,100,0,17000,1.2684088450676256e-06
CMAES,Ackley,100,0,18000,4.536291844381424e-07
CMAES,Ackley,100,0,19000,1.3364919881908577e-07
CMAES,Ackley,100,0,20000,5.30985571067788e-08
CMAES,Ackley,100,0,21000,1.729797860505755e-08
CMAES,Ackley,100,0,22000,6.356849713284873e-09
CMAES,Ackley,100,0,23000,1.963066598165142e-09
CMAES,Ackley,100,0,24000,7.637699361850991e-10
CMAES,Ackley,100,0,25000,2.563251833009872e-10
CMAES,Ackley,100,0,26000,9.233902531491367e-11
CMAES,Ackley,100,1,1000,15.934918758203647
CMAES,Ackley,100,1,2000,8.884189598888705
CMAES,Ackley,100,1,3000,4.410690439926714
CMAES,Ackley,100,1,4000,2.7537767993871616
CMAES,Ackley,100,1,5000,1.3906999049001105
CMAES,Ackley,100,1,6000,0.564629994263417
CMAES,Ackley,100,1,7000,0.15560123054966768
CMAES,Ackley,100,1,8000,0.050672100829860955
CMAES,Ackley,100,1,9000,0.013907082705707285
CMAES,Ackley,100,1,10000,0.004674521961103739
CMAES,Ackley,100,1,11000,0.0015514587467184704
CMAES,Ackley,100,1,12000,0.0006001813148093227
CMAES,Ackley,100,1,13000,0.0002203526048174531
CMAES,Ackley,100,1,14000,7.571296844632869e-05
CMAES,Ackley,100,1,15000,2.3327002193429536e-05
CMAES,Ackley,100,1,16000,7.975377752433843e-06
CMAES,Ackley,100,1,17000,2.8577935791140874e-06
CMAES,Ackley,100,1,18000,1.021421831115532e-06
CMAES,Ackley,100,1,19000,3.3726809833822813e-07
CMAES,Ackley,100,1,20000,1.155603759350754e-07
CMAES,Ackley,100,1,21000,4.0835783199355546e-08
CMAES,Ackley,100,1,22000,1.3826000344607792e-08
CMAES,Ackley,100,1,23000,5.65209079539386e-09
CMAES,Ackley,100,1,24000,2.041258273521862e-09
CMAES,Ackley,100,1,25000,6.405689312316554e-10
CMAES,Ackley,100,1,26000,2.534581433621952e-10
CMAES,Ackley,100,1,27000,8.485345759368101e-11
CMAES,Ackley,100,2,1000,16.732583054951224
CMAES,Ackley,100,2,2000,9.702935378082225
CMAES,Ackley,100,2,3000,4.935965505946648
CMAES,Ackley,100,2,4000,3.0263168982417565
CMAES,Ackley,100,2,5000,1.377965614879955
CMAES,Ackley,100,2,6000,0.4591156296603285
CMAES,Ackley,100,2,7000,0.13921008541949265
CMAES,Ackley,100,2,8000,0.03613849896700971
CMAES,Ackley,100,2,9000,0.013786668157543591
CMAES,Ackley,100,2,10000,0.004357305274642176
CMAES,Ackley,100,2,11000,0.0014518486120675966
CMAES,Ackley,100,2,12000,0.0005443241990872316
CMAES,Ackley,100,2,13000,0.00016320822297588577
CMAES,Ackley,100,2,14000,5.595699332205939e-05
CMAES,Ackley,100,2,15000,2.1048583200400373e-05
CMAES,Ackley,100,2,16000,6.962108696217939e-06
CMAES,Ackley,100,2,17000,2.35495786471418e-06
CMAES,Ackley,100,2,18000,8.623590912471002e-07
CMAES,Ackley,100,2,19000,3.09937402409588e-07
CMAES,Ackley,100,2,20000,9.906455789021607e-08
CMAES,Ackley,100,2,21000,3.732082776153334e-08
CMAES,Ackley,100,2,22000,1.2823843764664389e-08
CMAES,Ackley,100,2,23000,4.274401721460208e-09
CMAES,Ackley,100,2,24000,1.7399774954185432e-09
CMAES,Ackley,100,2,25000,6.024625243128412e-10
CMAES,Ackley,100,2,26000,1.8220847053385114e-10
CMAES,Ackley,100,2,27000,5.702149863395789e-11
CMAES,Ackley,100,3,1000,15.924765386782063
CMAES,Ackley,100,3,2000,8.703442567136504
CMAES,Ackley,100,3,3000,4.533740889095572
CMAES,Ackley,100,3,4000,2.8482302048920087
CMAES,Ackley,100,3,5000,1.4630985854388645
CMAES,Ackley,100,3,6000,0.7977622509268589
CMAES,Ackley,100,3,7000,0.24878554620843873
CMAES,Ackley,100,3,8000,0.07548602092856926
CMAES,Ackley,100,3,9000,0.022682608772268242
CMAES,Ackley,100,3,10000,0.006792871852230764
CMAES,Ackley,100,3,11000,0.0024530967349645216
CMAES,Ackley,100,3,12000,0.0008990764548184593
CMAES,Ackley,100,3,13000,0.00037218161607244227
CMAES,Ackley,100,3,14000,0.00010675265899751096
CMAES,Ackley,100,3,15000,3.6797404512345366e-05
CMAES,Ackley,100,3,16000,1.2341790704528677e-05
CMAES,Ackley,100,3,17000,4.438002122686413e-06
CMAES,Ackley,100,3,18000,1.5480336625905977e-06
CMAES,Ackley,100,3,19000,5.735893293667971e-07
CMAES,Ackley,100,3,20000,1.985439728180438e-07
CMAES,Ackley,100,3,21000,6.229025517612286e-08
CMAES,Ackley,100,3,22000,2.3975360807781954e-08
CMAES,Ackley,100,3,23000,7.133575952167348e-09
CMAES,Ackley,100,3,24000,2.7270457003680804e-09
CMAES,Ackley,100,3,25000,9.78876091295433e-10
CMAES,Ackley,100,3,26000,3.633400247338159e-10
CMAES,Ackley,100,3,27000,1.309250485803659e-10
CMAES,Ackley,100,3,28000,5.369615863060062e-11
CMAES,Ackley,100,4,1000,15.741582014256199
CMAES,Ackley,100,4,2000,8.424775219419338
CMAES,Ackley,100,4,3000,4.455693336671349
CMAES,Ackley,100,4,4000,2.365835759129919
CMAES,Ackley,100,4,5000,0.9629937981450323
CMAES,Ackley,100,4,6000,0.2759602750148358
CMAES,Ackley,100,4,7000,0.060374419063567775
CMAES,Ackley,100,4,8000,0.018870782100990358
CMAES,Ackley,100,4,9000,0.007691895920839631
CMAES,Ackley,100,4,10000,0.002091370678496407
CMAES,Ackley,100,4,11000,0.000792918221968808
CMAES,Ackley,100,4,12000,0.00026801821344024646
CMAES,Ackley,100,4,13000,9.93792205155053e-05
CMAES,Ackley,100,4,14000,3.925616954392197e-05
CMAES,Ackley,100,4,15000,1.3511789774600658e-05
CMAES,Ackley,100,4,16000,4.947848172509595e-06
CMAES,Ackley,100,4,17000,1.451285925657686e-06
CMAES,Ackley,100,4,18000,4.905957244893955e-07
CMAES,Ackley,100,4,19000,1.746072837427448e-07
CMAES,Ackley,100,4,20000,5.8386625756412514e-08
CMAES,Ackley,100,4,21000,2.0422320279323003e-08
CMAES,Ackley,100,4,22000,6.958885467867049e-09
CMAES,Ackley,100,4,23000,2.3440418495113136e-09
CMAES,Ackley,100,4,24000,7.307829896774365e-10
CMAES,Ackley,100,4,25000,2.4482149640903117e-10
CMAES,Ackley,100,4,26000,7.529665779770767e-11
CMAES,Ackley,100,5,1000,15.24326469416583
CMAES,Ackley,100,5,2000,8.4338216202175
CMAES,Ackley,100,5,3000,4.627634311829183
CMAES,Ackley,100,5,4000,2.6432713805485126
CMAES,Ackley,100,5,5000,1.2530100224949519
CMAES,Ackley,100,5,6000,0.301892770563136
CMAES,Ackley,100,5,7000,0.09103511313668067
CMAES,Ackley,100,5,8000,0.02506864983297108
CMAES,Ackley,100,5,9000,0.009568166407398326
CMAES,Ackley,100,5,10000,0.003278964300996723
CMAES,Ackley,100,5,11000,0.0011186710516111198
CMAES,Ackley,100,5,12000,0.00038637064510682606
CMAES,Ackley,100,5,13000,0.00012087039622032947
CMAES,Ackley,100,5,14000,4.63421716010437e-05
CMAES,Ackley,100,5,15000,1.544543183884528e-05
CMAES,Ackley,100,5,16000,5.238774047899852e-06
CMAES,Ackley,100,5,17000,1.5379248208269303e-06
CMAES,Ackley,100,5,18000,5.904906115183906e-07
CMAES,Ackley,100,5,19000,2.045605893563618e-07
CMAES,Ackley,100,5,20000,7.187324202462264e-08
CMAES,Ackley,100,5,21000,2.1451648013481872e-08
CMAES,Ackley,100,5,22000,7.58951346213621e-09
CMAES,Ackley,100,5,23000,2.4629689399091603e-09
CMAES,Ackley,100,5,24000,8.686495966969687e-10
CMAES,Ackley,100,5,25000,3.1711566705894256e-10
CMAES,Ackley,100,5,26000,1.1346701356274025e-10
CMAES,Ackley,100,6,1000,15.762302333989286
CMAES,Ackley,100,6,2000,8.025564093587056
CMAES,Ackley,100,6,3000,4.7577045630076675
CMAES,Ackley,100,6,4000,2.9003625650997233
CMAES,Ackley,100,6,5000,1.7379484173376452
CMAES,Ackley,100,6,6000,0.5209386393100357
CMAES,Ackley,100,6,7000,0.11992556370726648
CMAES,Ackley,100,6,8000,0.030502449140510368
CMAES,Ackley,100,6,9000,0.00956984889617063
CMAES,Ackley,100,6,10000,0.0033424170500855332
CMAES,Ackley,100,6,11000,0.0010413218573330774
CMAES,Ackley,100,6,12000,0.00036038616176314875
CMAES,Ackley,100,6,13000,0.00011593079874261392
CMAES,Ackley,100,6,14000,4.6309025294011263e-05
CMAES,Ackley,100,6,15000,1.4600020069810427e-05
CMAES,Ackley,100,6,16000,5.020615664097505e-06
CMAES,Ackley,100,6,17000,1.7610048179683702e-06
CMAES,Ackley,100,6,18000,6.522349136339756e-07
CMAES,Ackley,100,6,19000,2.125930120833175e-07
CMAES,Ackley,100,6,20000,7.349624242536379e-08
CMAES,Ackley,100,6,21000,2.6057489055375527e-08
CMAES,Ackley,100,6,22000,9.70769820085593e-09
CMAES,Ackley,100,6,23000,3.163919348736499e-09
CMAES,Ackley,100,6,24000,1.0967871055811429e-09
CMAES,Ackley,100,6,25000,3.768332312859002e-10
CMAES,Ackley,100,6,26000,1.2392264991945012e-10
CMAES,Ackley,100,7,1000,15.02522670872603
CMAES,Ackley,100,7,2000,8.243353272026472
CMAES,Ackley,100,7,3000,4.2302632225591275
CMAES,Ackley,100,7,4000,2.5514426238924384
CMAES,Ackley,100,7,5000,1.1638685274396043
CMAES,Ackley,100,7,6000,0.38993013595512993
CMAES,Ackley,100,7,7000,0.09290570438101087
CMAES,Ackley,100,7,8000,0.02912681492294711
CMAES,Ackley,100,7,9000,0.008794529443026722
CMAES,Ackley,100,7,10000,0.0033179980728914593
CMAES,Ackley,100,7,11000,0.0011890562905425561
CMAES,Ackley,100,7,12000,0.0003953751712022502
CMAES,Ackley,100,7,13000,0.00013499560056517979
CMAES,Ackley,100,7,14000,4.268405475160719e-05
CMAES,Ackley,100,7,15000,1.6466609757959105e-05
CMAES,Ackley,100,7,16000,4.973469107216744e-06
CMAES,Ackley,100,7,17000,1.6833807561233982e-06
CMAES,Ackley,100,7,18000,6.784080430755068e-07
CMAES,Ackley,100,7,19000,1.8258472112009372e-07
CMAES,Ackley,100,7,20000,5.999597307848603e-08
CMAES,Ackley,100,7,21000,1.8419879399544925e-08
CMAES,Ackley,100,7,22000,6.561013510264502e-09
CMAES,Ackley,100,7,23000,2.7225941501285433e-09
CMAES,Ackley,100,7,24000,8.761635861276318e-10
CMAES,Ackley,100,7,25000,2.8517321837284726e-10
CMAES,Ackley,100,7,26000,1.0122791493927252e-10
CMAES,Ackley,100,8,1000,15.383769843538143
CMAES,Ackley,100,8,2000,8.2301875261574
CMAES,Ackley,100,8,3000,4.279337693195515
CMAES,Ackley,100,8,4000,2.834100919027368
CMAES,Ackley,100,8,5000,1.2408318289492368
CMAES,Ackley,100,8,6000,0.311971626622221
CMAES,Ackley,100,8,7000,0.07589352049704035
CMAES,Ackley,100,8,8000,0.02347753752610915
CMAES,Ackley,100,8,9000,0.007353454634266843
CMAES,Ackley,100,8,10000,0.002639289462852634
CMAES,Ackley,100,8,11000,0.0009580577217147557
CMAES,Ackley,100,8,12000,0.0003466163475143169
CMAES,Ackley,100,8,13000,0.0001111326842715421
CMAES,Ackley,100,8,14000,3.262503981149578e-05
CMAES,Ackley,100,8,15000,1.304111312494527e-05
CMAES,Ackley,100,8,16000,4.516781043850671e-06
CMAES,Ackley,100,8,17000,1.4880151444351952e-06
CMAES,Ackley,100,8,18000,4.850132744316227e-07
CMAES,Ackley,100,8,19000,1.7239288441217582e-07
CMAES,Ackley,100,8,20000,6.215768211248474e-08
CMAES,Ackley,100,8,21000,2.1852870180083528e-08
CMAES,Ackley,100,8,22000,7.394252765635656e-09
CMAES,Ackley,100,8,23000,2.5974888906432625e-09
CMAES,Ackley,100,8,24000,8.316694000143343e-10
CMAES,Ackley,100,8,25000,2.8944002750108666e-10
CMAES,Ackley,100,8,26000,9.366418751710626e-11
CMAES,Ackley,100,9,1000,14.601969356084055
CMAES,Ackley,100,9,2000,8.164244395656281
CMAES,Ackley,100,9,3000,4.157185696302502
CMAES,Ackley,100,9,4000,2.577809396524629
CMAES,Ackley,100,9,5000,1.2185165342143596
CMAES,Ackley,100,9,6000,0.42593934680705603
CMAES,Ackley,100,9,7000,0.09973327614910277
CMAES,Ackley,100,9,8000,0.03036456599826609
CMAES,Ackley,100,9,9000,0.009792857719592707
CMAES,Ackley,100,9,10000,0.0035727994941407992
CMAES,Ackley,100,9,11000,0.0011375151479318113
CMAES,Ackley,100,9,12000,0.00035785298344537253
CMAES,Ackley,100,9,13000,0.00014317759719917333
CMAES,Ackley,100,9,14000,5.541244042861493e-05
CMAES,Ackley,100,9,15000,1.920828256318785e-05
CMAES,Ackley,100,9,16000,6.23326267090718e-06
CMAES,Ackley,100,9,17000,2.091601978282398e-06
CMAES,Ackley,100,9,18000,7.272847573069896e-07
CMAES,Ackley,100,9,19000,2.061997688151962e-07
CMAES,Ackley,100,9,20000,6.176880207320323e-08
CMAES,Ackley,100,9,21000,2.1945944173040743e-08
CMAES,Ackley,100,9,22000,8.208282498145536e-09
CMAES,Ackley,100,9,23000,2.642857044321545e-09
CMAES,Ackley,100,9,24000,9.135594503106859e-10
CMAES,Ackley,100,9,25000,3.2354963153125027e-10
CMAES,Ackley,100,9,26000,1.1233369789920289e-10
CMAES,Griewank,10,0,1000,0.46675511789396207
CMAES,Griewank,10,0,2000,0.027018102388340126
CMAES,Griewank,10,0,3000,0.027017420107812606
CMAES,Griewank,10,1,1000,0.653223537161973
CMAES,Griewank,10,1,2000,0.014777183568885355
CMAES,Griewank,10,1,3000,0.014772407724253811
CMAES,Griewank,10,2,1000,0.059986405972883294
CMAES,Griewank,10,2,2000,2.867808535089722e-08
CMAES,Griewank,10,2,3000,1.5543122344752192e-15
CMAES,Griewank,10,3,1000,0.03815489277497719
CMAES,Griewank,10,3,2000,1.9834798137274845e-08
CMAES,Griewank,10,3,3000,3.552713678800501e-15
CMAES,Griewank,10,4,1000,0.06573252890951709
CMAES,Griewank,10,4,2000,6.470786750867319e-08
CMAES,Griewank,10,4,3000,6.061817714453355e-14
CMAES,Griewank,10,5,1000,0.6258887034367728
CMAES,Griewank,10,5,2000,2.051294304417084e-06
CMAES,Griewank,10,5,3000,5.77871084317394e-13
CMAES,Griewank,10,6,1000,0.1654875025574305
CMAES,Griewank,10,6,2000,0.02212676909452549
CMAES,Griewank,10,6,3000,0.0221267334329327
CMAES,Griewank,10,7,1000,0.05271925738254701
CMAES,Griewank,10,7,2000,0.017241052990291994
CMAES,Griewank,10,7,3000,0.017241020915305327
CMAES,Griewank,10,8,1000,0.3612265133319844
CMAES,Griewank,10,8,2000,0.009858516831737774
CMAES,Griewank,10,8,3000,0.009857284610863437
CMAES,Griewank,10,9,1000,0.15849209672732278
CMAES,Griewank,10,9,2000,0.012321282790130672
CMAES,Griewank,10,9,3000,0.012320988875212824
CMAES,Griewank,30,0,1000,2.2526512796217855
CMAES,Griewank,30,0,2000,0.4724040570277964
CMAES,Griewank,30,0,3000,0.007229576369614632
CMAES,Griewank,30,0,4000,2.7383113173407025e-05
CMAES,Griewank,30,0,5000,2.5217229282503695e-07
CMAES,Griewank,30,0,6000,2.0899639796567726e-09
CMAES,Griewank,30,0,7000,9.0374374650537e-12
CMAES,Griewank,30,0,8000,2.9976021664879227e-14
CMAES,Griewank,30,1,1000,2.696103733745533
CMAES,Griewank,30,1,2000,0.9672835490044083
CMAES,Griewank,30,1,3000,0.042638009505544416
CMAES,Griewank,30,1,4000,0.0001929220784782082
CMAES,Griewank,30,1,5000,1.8679356185158369e-06
CMAES,Griewank,30,1,6000,1.174694697070322e-08
CMAES,Griewank,30,1,7000,5.6684101856774305e-11
CMAES,Griewank,30,1,8000,1.511013536514838e-13
CMAES,Griewank,30,2,1000,2.761556121846098
CMAES,Griewank,30,2,2000,0.9172537612733185
CMAES,Griewank,30,2,3000,0.06307187900362465
CMAES,Griewank,30,2,4000,0.000609006744324958
CMAES,Griewank,30,2,5000,4.423273083364876e-06
CMAES,Griewank,30,2,6000,3.3923040154704154e-08
CMAES,Griewank,30,2,7000,1.7490831005773089e-10
CMAES,Griewank,30,2,8000,1.3307133173157126e-12
CMAES,Griewank,30,2,9000,4.551914400963142e-15
CMAES,Griewank,30,3,1000,3.4081287446297486
CMAES,Griewank,30,3,2000,0.9456097078886587
CMAES,Griewank,30,3,3000,0.048498482213095606
CMAES,Griewank,30,3,4000,0.007991035291493698
CMAES,Griewank,30,3,5000,0.007399315173655552
CMAES,Griewank,30,3,6000,0.007396061435451018
CMAES,Griewank,30,3,7000,0.007396040539857984
CMAES,Griewank,30,3,8000,0.007396040335178711
CMAES,Griewank,30,3,9000,0.00739604033411756
CMAES,Griewank,30,4,1000,3.0930852542396314
CMAES,Griewank,30,4,2000,0.8165948857822856
CMAES,Griewank,30,4,3000,0.04034981040484942
CMAES,Griewank,30,4,4000,0.00038182578344392315
CMAES,Griewank,30,4,5000,1.7767629907350369e-06
CMAES,Griewank,30,4,6000,1.1314577941234916e-08
CMAES,Griewank,30,4,7000,6.883515979438926e-11
CMAES,Griewank,30,4,8000,2.5013324744804777e-13
CMAES,Griewank,30,5,1000,5.62277310354443
CMAES,Griewank,30,5,2000,0.8392882926551595
CMAES,Griewank,30,5,3000,0.047960280880278705
CMAES,Griewank,30,5,4000,0.001044900548244243
CMAES,Griewank,30,5,5000,1.3558691618897889e-05
CMAES,Griewank,30,5,6000,5.231360133972629e-08
CMAES,Griewank,30,5,7000,2.348402583507436e-10
CMAES,Griewank,30,5,8000,9.602318939982979e-13
CMAES,Griewank,30,5,9000,1.4432899320127035e-15
CMAES,Griewank,30,6,1000,2.534912641339945
CMAES,Griewank,30,6,2000,0.8114353947587635
CMAES,Griewank,30,6,3000,0.015178433365314992
CMAES,Griewank,30,6,4000,0.00021881967884562759
CMAES,Griewank,30,6,5000,1.5959973136414618e-06
CMAES,Griewank,30,6,6000,2.1414822248821963e-08
CMAES,Griewank,30,6,7000,1.836930607623799e-10
CMAES,Griewank,30,6,8000,1.0400569294688466e-12
CMAES,Griewank,30,6,9000,3.6637359812630166e-15
CMAES,Griewank,30,7,1000,2.066511832454252
CMAES,Griewank,30,7,2000,0.6733520709496998
CMAES,Griewank,30,7,3000,0.024287529452477363
CMAES,Griewank,30,7,4000,0.0001837521736192116
CMAES,Griewank,30,7,5000,1.0006879417323589e-06
CMAES,Griewank,30,7,6000,5.1718337390482816e-09
CMAES,Griewank,30,7,7000,5.1962767422253364e-11
CMAES,Griewank,30,7,8000,3.141931159689193e-13
CMAES,Griewank,30,8,1000,3.353727515701757
CMAES,Griewank,30,8,2000,0.945881097999224
CMAES,Griewank,30,8,3000,0.03435365516103528
CMAES,Griewank,30,8,4000,0.00038512267048240734
CMAES,Griewank,30,8,5000,4.637745888325107e-06
CMAES,Griewank,30,8,6000,2.6862866153720688e-08
CMAES,Griewank,30,8,7000,1.072553157399625e-10
CMAES,Griewank,30,8,8000,4.546363285840016e-13
CMAES,Griewank,30,8,9000,2.3314683517128287e-15
CMAES,Griewank,30,9,1000,2.6074663288314426
CMAES,Griewank,30,9,2000,0.7411896353075038
CMAES,Griewank,30,9,3000,0.03758763673709409
CMAES,Griewank,30,9,4000,0.00029973241671243933
CMAES,Griewank,30,9,5000,1.6679006396014273e-06
CMAES,Griewank,30,9,6000,2.088267581079606e-08
CMAES,Griewank,30,9,7000,8.37214741977732e-11
CMAES,Griewank,30,9,8000,1.6708856520608606e-13
CMAES,Griewank,50,0,1000,24.334123137318127
CMAES,Griewank,50,0,2000,1.4846221515588036
CMAES,Griewank,50,0,3000,0.8439849773571714
CMAES,Griewank,50,0,4000,0.1301713453214075
CMAES,Griewank,50,0,5000,0.01826365988175771
CMAES,Griewank,50,0,6000,0.001465291377025446
CMAES,Griewank,50,0,7000,0.00013886448225208792
CMAES,Griewank,50,0,8000,8.894029243311508e-06
CMAES,Griewank,50,0,9000,4.7110326606425446e-07
CMAES,Griewank,50,0,10000,2.5064262110241486e-08
CMAES,Griewank,50,0,11000,8.937287576671338e-10
CMAES,Griewank,50,0,12000,3.8539949009930297e-11
CMAES,Griewank,50,0,13000,1.4845902285287593e-12
CMAES,Griewank,50,0,14000,8.182343691487404e-14
CMAES,Griewank,50,1,1000,23.028750394192087
CMAES,Griewank,50,1,2000,1.7042825340016152
CMAES,Griewank,50,1,3000,0.8930745189999197
CMAES,Griewank,50,1,4000,0.20523507167831967
CMAES,Griewank,50,1,5000,0.024921986530977214
CMAES,Griewank,50,1,6000,0.010476356551940458
CMAES,Griewank,50,1,7000,0.009902550263842347
CMAES,Griewank,50,1,8000,0.009859232229963877
CMAES,Griewank,50,1,9000,0.009857409317758359
CMAES,Griewank,50,1,10000,0.009857291164972581
CMAES,Griewank,50,1,11000,0.009857284870828598
CMAES,Griewank,50,1,12000,0.009857284618622342
CMAES,Griewank,50,1,13000,0.009857284608434824
CMAES,Griewank,50,1,14000,0.009857284607841743
CMAES,Griewank,50,2,1000,18.891867862876797
CMAES,Griewank,50,2,2000,1.4181801778926448
CMAES,Griewank,50,2,3000,0.6766282485291627
CMAES,Griewank,50,2,4000,0.0799762394065564
CMAES,Griewank,50,2,5000,0.005629869634980911
CMAES,Griewank,50,2,6000,0.0007327058033788081
CMAES,Griewank,50,2,7000,3.8415227568311394e-05
CMAES,Griewank,50,2,8000,2.1248165230636218e-06
CMAES,Griewank,50,2,9000,9.785958676733486e-08
CMAES,Griewank,50,2,10000,4.522518470828629e-09
CMAES,Griewank,50,2,11000,2.136839594157891e-10
CMAES,Griewank,50,2,12000,1.4166001705007147e-11
CMAES,Griewank,50,2,13000,1.021405182655144e-12
CMAES,Griewank,50,2,14000,3.785860513971784e-14
CMAES,Griewank,50,3,1000,24.318554356991832
CMAES,Griewank,50,3,2000,1.4621714714688145
CMAES,Griewank,50,3,3000,0.8660640675756447
CMAES,Griewank,50,3,4000,0.13248987390404565
CMAES,Griewank,50,3,5000,0.02444428408914734
CMAES,Griewank,50,3,6000,0.0018323805578669417
CMAES,Griewank,50,3,7000,0.00011765112765249608
CMAES,Griewank,50,3,8000,3.992530357987967e-06
CMAES,Griewank,50,3,9000,1.6018862136757406e-07
CMAES,Griewank,50,3,10000,1.163496954337262e-08
CMAES,Griewank,50,3,11000,4.994233915311952e-10
CMAES,Griewank,50,3,12000,1.9691248631659164e-11
CMAES,Griewank,50,3,13000,7.865930129469234e-13
CMAES,Griewank,50,3,14000,3.9968028886505635e-14
CMAES,Griewank,50,4,1000,35.59722884960086
CMAES,Griewank,50,4,2000,1.7787926430098093
CMAES,Griewank,50,4,3000,0.9685531147240577
CMAES,Griewank,50,4,4000,0.21768884793831333
CMAES,Griewank,50,4,5000,0.031282793806560516
CMAES,Griewank,50,4,6000,0.008691505359612495
CMAES,Griewank,50,4,7000,0.007507810812268811
CMAES,Griewank,50,4,8000,0.00740172417475915
CMAES,Griewank,50,4,9000,0.007396652135978843
CMAES,Griewank,50,4,10000,0.007396071693152484
CMAES,Griewank,50,4,11000,0.007396041653544239
CMAES,Griewank,50,4,12000,0.007396040389023417
CMAES,Griewank,50,4,13000,0.007396040336635767
CMAES,Griewank,50,4,14000,0.007396040334198717
CMAES,Griewank,50,4,15000,0.007396040334118559
CMAES,Griewank,50,5,1000,26.38385918284308
CMAES,Griewank,50,5,2000,1.403514933976227
CMAES,Griewank,50,5,3000,0.8905741817656343
CMAES,Griewank,50,5,4000,0.10809923521811693
CMAES,Griewank,50,5,5000,0.01337529878067023
CMAES,Griewank,50,5,6000,0.007870823921868886
CMAES,Griewank,50,5,7000,0.007430147710404955
CMAES,Griewank,50,5,8000,0.007397410628057877
CMAES,Griewank,50,5,9000,0.007396147622632077
CMAES,Griewank,50,5,10000,0.007396048239462938
CMAES,Griewank,50,5,11000,0.0073960407676139095
CMAES,Griewank,50,5,12000,0.007396040359982314
CMAES,Griewank,50,5,13000,0.007396040334741172
CMAES,Griewank,50,5,14000,0.007396040334149534
CMAES,Griewank,50,6,1000,20.956846973317365
CMAES,Griewank,50,6,2000,1.606239224139054
CMAES,Griewank,50,6,3000,0.9276459953089939
CMAES,Griewank,50,6,4000,0.15746695914213726
CMAES,Griewank,50,6,5000,0.023562102495720105
CMAES,Griewank,50,6,6000,0.0018023097813500977
CMAES,Griewank,50,6,7000,8.240118913904748e-05
CMAES,Griewank,50,6,8000,7.049192334962484e-06
CMAES,Griewank,50,6,9000,4.3938193983183993e-07
CMAES,Griewank,50,6,10000,2.4607559212519448e-08
CMAES,Griewank,50,6,11000,1.0054715948726312e-09
CMAES,Griewank,50,6,12000,3.5047187374459554e-11
CMAES,Griewank,50,6,13000,1.4581669205426806e-12
CMAES,Griewank,50,6,14000,7.294165271787278e-14
CMAES,Griewank,50,6,15000,2.1094237467877974e-15
CMAES,Griewank,50,7,1000,28.738066235076037
CMAES,Griewank,50,7,2000,1.513967880130422
CMAES,Griewank,50,7,3000,0.9345981688966526
CMAES,Griewank,50,7,4000,0.19540364470922544
CMAES,Griewank,50,7,5000,0.019537792806386123
CMAES,Griewank,50,7,6000,0.0030795695308066806
CMAES,Griewank,50,7,7000,0.0001428791412801944
CMAES,Griewank,50,7,8000,8.882776060259445e-06
CMAES,Griewank,50,7,9000,4.197143345097132e-07
CMAES,Griewank,50,7,10000,2.267237375619402e-08
CMAES,Griewank,50,7,11000,1.2738194943295866e-09
CMAES,Griewank,50,7,12000,3.170785856099201e-11
CMAES,Griewank,50,7,13000,1.8265389201133075e-12
CMAES,Griewank,50,7,14000,8.681944052568724e-14
CMAES,Griewank,50,7,15000,4.3298697960381105e-15
CMAES,Griewank,50,8,1000,27.108107312004485
CMAES,Griewank,50,8,2000,1.598361524044138
CMAES,Griewank,50,8,3000,0.9224482962780366
CMAES,Griewank,50,8,4000,0.1245906762638127
CMAES,Griewank,50,8,5000,0.014213819134442751
CMAES,Griewank,50,8,6000,0.0008928317281143849
CMAES,Griewank,50,8,7000,4.968620835943405e-05
CMAES,Griewank,50,8,8000,3.678235362514215e-06
CMAES,Griewank,50,8,9000,1.886699303454975e-07
CMAES,Griewank,50,8,10000,7.957282610604466e-09
CMAES,Griewank,50,8,11000,3.2694014162615304e-10
CMAES,Griewank,50,8,12000,1.6921131162916936e-11
CMAES,Griewank,50,8,13000,5.584421813864537e-13
CMAES,Griewank,50,8,14000,2.275957200481571e-14
CMAES,Griewank,50,9,1000,16.93482019526876
CMAES,Griewank,50,9,2000,1.4901926030253945
CMAES,Griewank,50,9,3000,0.8731580166156179
CMAES,Griewank,50,9,4000,0.12381207913439596
CMAES,Griewank,50,9,5000,0.014590615768433679
CMAES,Griewank,50,9,6000,0.001304025239732165
CMAES,Griewank,50,9,7000,7.334543778370062e-05
CMAES,Griewank,50,9,8000,4.2369499073657835e-06
CMAES,Griewank,50,9,9000,2.1410717454539707e-07
CMAES,Griewank,50,9,10000,8.892978575758548e-09
CMAES,Griewank,50,9,11000,4.0770686826618885e-10
CMAES,Griewank,50,9,12000,1.3430923040402831e-11
CMAES,Griewank,50,9,13000,7.738254481637341e-13
CMAES,Griewank,50,9,14000,2.7644553313166398e-14
CMAES,Griewank,100,0,1000,286.3196138222806
CMAES,Griewank,100,0,2000,32.47816575627452
CMAES,Griewank,100,0,3000,4.876837492519451
CMAES,Griewank,100,0,4000,1.4544420861230063
CMAES,Griewank,100,0,5000,1.0567993399729732
CMAES,Griewank,100,0,6000,0.6457081748735773
CMAES,Griewank,100,0,7000,0.30134998666983515
CMAES,Griewank,100,0,8000,0.14339536280620913
CMAES,Griewank,100,0,9000,0.04249387063336951
CMAES,Griewank,100,0,10000,0.013253391580729579
CMAES,Griewank,100,0,11000,0.0032861579717554656
CMAES,Griewank,100,0,12000,0.001062254759964243
CMAES,Griewank,100,0,13000,0.0003116319664017153
CMAES,Griewank,100,0,14000,0.00010311399337936678
CMAES,Griewank,100,0,15000,2.7750223566491705e-05
CMAES,Griewank,100,0,16000,8.715494891564646e-06
CMAES,Griewank,100,0,17000,2.0316488773541863e-06
CMAES,Griewank,100,0,18000,6.004698188677438e-07
CMAES,Griewank,100,0,19000,1.3064628057168903e-07
CMAES,Griewank,100,0,20000,4.120618157799072e-08
CMAES,Griewank,100,0,21000,8.474556278947887e-09
CMAES,Griewank,100,0,22000,2.2449413439318278e-09
CMAES,Griewank,100,0,23000,5.603589814384691e-10
CMAES,Griewank,100,0,24000,1.2961287598756144e-10
CMAES,Griewank,100,0,25000,2.981814795077753e-11
CMAES,Griewank,100,0,26000,6.50912657107483e-12
CMAES,Griewank,100,0,27000,1.301736496372996e-12
CMAES,Griewank,100,0,28000,2.916555885690286e-13
CMAES,Griewank,100,0,29000,6.705747068735946e-14
CMAES,Griewank,100,0,30000,1.63202784619898e-14
CMAES,Griewank,100,1,1000,231.65297542798882
CMAES,Griewank,100,1,2000,31.727820563974106
CMAES,Griewank,100,1,3000,5.214497272163509
CMAES,Griewank,100,1,4000,1.444272065801439
CMAES,Griewank,100,1,5000,1.0308125558174785
CMAES,Griewank,100,1,6000,0.6673303402842761
CMAES,Griewank,100,1,7000,0.2714953513408108
CMAES,Griewank,100,1,8000,0.10103395985765229
CMAES,Griewank,100,1,9000,0.034171922261623244
CMAES,Griewank,100,1,10000,0.011475363377360437
CMAES,Griewank,100,1,11000,0.0032391835356917476
CMAES,Griewank,100,1,12000,0.0010035201700113738
CMAES,Griewank,100,1,13000,0.00030461300102002653
CMAES,Griewank,100,1,14000,0.00010142131361579043
CMAES,Griewank,100,1,15000,2.5610744104342942e-05
CMAES,Griewank,100,1,16000,5.391936476084602e-06
CMAES,Griewank,100,1,17000,2.627398181798135e-06
CMAES,Griewank,100,1,18000,6.548128888006488e-07
CMAES,Griewank,100,1,19000,1.8068231799617251e-07
CMAES,Griewank,100,1,20000,3.890524258309824e-08
CMAES,Griewank,100,1,21000,1.2164364959765805e-08
CMAES,Griewank,100,1,22000,2.6530884156272805e-09
CMAES,Griewank,100,1,23000,6.382048223230186e-10
CMAES,Griewank,100,1,24000,1.7319001788251853e-10
CMAES,Griewank,100,1,25000,4.424682842341099e-11
CMAES,Griewank,100,1,26000,9.208300788543511e-12
CMAES,Griewank,100,1,27000,2.4440449664098196e-12
CMAES,Griewank,100,1,28000,5.834221994405198e-13
CMAES,Griewank,100,1,29000,1.197930643570544e-13
CMAES,Griewank,100,1,30000,2.919886554764162e-14
CMAES,Griewank,100,1,31000,5.10702591327572e-15
CMAES,Griewank,100,2,1000,314.64598218844895
CMAES,Griewank,100,2,2000,33.78923429281081
CMAES,Griewank,100,2,3000,4.414664267452807
CMAES,Griewank,100,2,4000,1.41967537094263
CMAES,Griewank,100,2,5000,1.0390604938201273
CMAES,Griewank,100,2,6000,0.7465918557058158
CMAES,Griewank,100,2,7000,0.3706465435075902
CMAES,Griewank,100,2,8000,0.10161721930881507
CMAES,Griewank,100,2,9000,0.03659810328023083
CMAES,Griewank,100,2,10000,0.010014019605994129
CMAES,Griewank,100,2,11000,0.003667806793381745
CMAES,Griewank,100,2,12000,0.0011149320486445458
CMAES,Griewank,100,2,13000,0.0004403823818714958
CMAES,Griewank,100,2,14000,0.00014528027799620702
CMAES,Griewank,100,2,15000,3.928511713180427e-05
CMAES,Griewank,100,2,16000,1.1171667858467238e-05
CMAES,Griewank,100,2,17000,4.266366205651906e-06
CMAES,Griewank,100,2,18000,1.100403392295668e-06
CMAES,Griewank,100,2,19000,2.6865952174048857e-07
CMAES,Griewank,100,2,20000,7.833354398467662e-08
CMAES,Griewank,100,2,21000,2.368492679760692e-08
CMAES,Griewank,100,2,22000,4.967786515486239e-09
CMAES,Griewank,100,2,23000,1.048362396893765e-09
CMAES,Griewank,100,2,24000,2.6407931397187667e-10
CMAES,Griewank,100,2,25000,8.170308873900467e-11
CMAES,Griewank,100,2,26000,2.0992207971914922e-11
CMAES,Griewank,100,2,27000,4.158118294128599e-12
CMAES,Griewank,100,2,28000,1.2435608098826378e-12
CMAES,Griewank,100,2,29000,2.8044233602031454e-13
CMAES,Griewank,100,2,30000,5.040412531798211e-14
CMAES,Griewank,100,2,31000,1.354472090042691e-14
CMAES,Griewank,100,3,1000,204.0120048524489
CMAES,Griewank,100,3,2000,26.018060006790698
CMAES,Griewank,100,3,3000,4.630479428794514
CMAES,Griewank,100,3,4000,1.3830088928796684
CMAES,Griewank,100,3,5000,1.059716872569023
CMAES,Griewank,100,3,6000,0.6976986002100598
CMAES,Griewank,100,3,7000,0.3760302998656767
CMAES,Griewank,100,3,8000,0.10694972685566806
CMAES,Griewank,100,3,9000,0.04596242524596861
CMAES,Griewank,100,3,10000,0.012089290362321647
CMAES,Griewank,100,3,11000,0.004151629448125194
CMAES,Griewank,100,3,12000,0.0012657035087441093
CMAES,Griewank,100,3,13000,0.00036258851057557884
CMAES,Griewank,100,3,14000,0.00014077488524133486
CMAES,Griewank,100,3,15000,2.766749088622955e-05
CMAES,Griewank,100,3,16000,8.977222692663211e-06
CMAES,Griewank,100,3,17000,2.8472774760146535e-06
CMAES,Griewank,100,3,18000,7.134718106316384e-07
CMAES,Griewank,100,3,19000,2.1729916155344142e-07
CMAES,Griewank,100,3,20000,5.960778215463591e-08
CMAES,Griewank,100,3,21000,1.6423005178012318e-08
CMAES,Griewank,100,3,22000,4.325867886123547e-09
CMAES,Griewank,100,3,23000,8.013136820750333e-10
CMAES,Griewank,100,3,24000,2.7868385377161076e-10
CMAES,Griewank,100,3,25000,5.077371856287982e-11
CMAES,Griewank,100,3,26000,9.711231818698707e-12
CMAES,Griewank,100,3,27000,2.3923085734622873e-12
CMAES,Griewank,100,3,28000,5.468958619303521e-13
CMAES,Griewank,100,3,29000,1.1057821325266559e-13
CMAES,Griewank,100,3,30000,2.609024107869118e-14
CMAES,Griewank,100,3,31000,6.8833827526759706e-15
CMAES,Griewank,100,4,1000,330.67819278917153
CMAES,Griewank,100,4,2000,29.535437910492472
CMAES,Griewank,100,4,3000,4.514499167051959
CMAES,Griewank,100,4,4000,1.4273191240232586
CMAES,Griewank,100,4,5000,1.0593141603065976
CMAES,Griewank,100,4,6000,0.6450635963037705
CMAES,Griewank,100,4,7000,0.28537608812862425
CMAES,Griewank,100,4,8000,0.09371900591713034
CMAES,Griewank,100,4,9000,0.03802553470630132
CMAES,Griewank,100,4,10000,0.010854680003704376
CMAES,Griewank,100,4,11000,0.0038901828784999593
CMAES,Griewank,100,4,12000,0.001331799825843527
CMAES,Griewank,100,4,13000,0.0004881208506285484
CMAES,Griewank,100,4,14000,0.00011564418112564034
CMAES,Griewank,100,4,15000,2.9858272601490654e-05
CMAES,Griewank,100,4,16000,1.0401668802284547e-05
CMAES,Griewank,100,4,17000,2.609784322094022e-06
CMAES,Griewank,100,4,18000,6.608618089432028e-07
CMAES,Griewank,100,4,19000,2.3479659949643406e-07
CMAES,Griewank,100,4,20000,5.471474362472861e-08
CMAES,Griewank,100,4,21000,1.38641335079015e-08
CMAES,Griewank,100,4,22000,2.8058672052466704e-09
CMAES,Griewank,100,4,23000,6.97448987452276e-10
CMAES,Griewank,100,4,24000,1.8758505859750585e-10
CMAES,Griewank,100,4,25000,3.927036473783119e-11
CMAES,Griewank,100,4,26000,9.890865904083057e-12
CMAES,Griewank,100,4,27000,1.5731860258938468e-12
CMAES,Griewank,100,4,28000,4.1600056732704616e-13
CMAES,Griewank,100,4,29000,8.026912468039882e-14
CMAES,Griewank,100,4,30000,2.2537527399890678e-14
CMAES,Griewank,100,5,1000,283.74837776897476
CMAES,Griewank,100,5,2000,28.855594574006005
CMAES,Griewank,100,5,3000,3.7064822409919596
CMAES,Griewank,100,5,4000,1.3063457425292493
CMAES,Griewank,100,5,5000,1.0392036771878213
CMAES,Griewank,100,5,6000,0.6449904613495268
CMAES,Griewank,100,5,7000,0.2820648886898717
CMAES,Griewank,100,5,8000,0.0983102905657588
CMAES,Griewank,100,5,9000,0.03739097566842664
CMAES,Griewank,100,5,10000,0.013359396085811048
CMAES,Griewank,100,5,11000,0.0035600246208338238
CMAES,Griewank,100,5,12000,0.0012183077705779644
CMAES,Griewank,100,5,13000,0.00040031260071704544
CMAES,Griewank,100,5,14000,0.00015209801718218952
CMAES,Griewank,100,5,15000,4.660063679740034e-05
CMAES,Griewank,100,5,16000,1.4558819734888928e-05
CMAES,Griewank,100,5,17000,5.469063387608664e-06
CMAES,Griewank,100,5,18000,1.4844081152043387e-06
CMAES,Griewank,100,5,19000,3.9329544077038037e-07
CMAES,Griewank,100,5,20000,9.509364218285299e-08
CMAES,Griewank,100,5,21000,3.0440837961442924e-08
CMAES,Griewank,100,5,22000,6.69271682518513e-09
CMAES,Griewank,100,5,23000,2.0329815608732815e-09
CMAES,Griewank,100,5,24000,4.252517227243402e-10
CMAES,Griewank,100,5,25000,1.232282054175471e-10
CMAES,Griewank,100,5,26000,2.333289117473214e-11
CMAES,Griewank,100,5,27000,6.39965858084679e-12
CMAES,Griewank,100,5,28000,2.0410340084708878e-12
CMAES,Griewank,100,5,29000,4.1400216588272087e-13
CMAES,Griewank,100,5,30000,9.536815781530095e-14
CMAES,Griewank,100,5,31000,1.8540724511240114e-14
CMAES,Griewank,100,6,1000,186.55253838192704
CMAES,Griewank,100,6,2000,23.983732466129787
CMAES,Griewank,100,6,3000,3.429321986735735
CMAES,Griewank,100,6,4000,1.369707432203024
CMAES,Griewank,100,6,5000,0.9921239201488713
CMAES,Griewank,100,6,6000,0.6174773179844273
CMAES,Griewank,100,6,7000,0.2579780790473031
CMAES,Griewank,100,6,8000,0.09105005798430266
CMAES,Griewank,100,6,9000,0.032234850006745086
CMAES,Griewank,100,6,10000,0.009081393084299005
CMAES,Griewank,100,6,11000,0.0029901296690130197
CMAES,Griewank,100,6,12000,0.0009931232064118722
CMAES,Griewank,100,6,13000,0.00041541928998412025
CMAES,Griewank,100,6,14000,9.35276346635261e-05
CMAES,Griewank,100,6,15000,3.4556623692671984e-05
CMAES,Griewank,100,6,16000,1.1825515085162053e-05
CMAES,Griewank,100,6,17000,4.601942246051927e-06
CMAES,Griewank,100,6,18000,8.695361821686731e-07
CMAES,Griewank,100,6,19000,2.5114177726326403e-07
CMAES,Griewank,100,6,20000,6.330949131605479e-08
CMAES,Griewank,100,6,21000,2.0632188957314668e-08
CMAES,Griewank,100,6,22000,5.2802905381454934e-09
CMAES,Griewank,100,6,23000,1.4611573062595085e-09
CMAES,Griewank,100,6,24000,4.0296199710354585e-10
CMAES,Griewank,100,6,25000,7.448508476670668e-11
CMAES,Griewank,100,6,26000,2.5186186469738914e-11
CMAES,Griewank,100,6,27000,7.632450227390564e-12
CMAES,Griewank,100,6,28000,1.4348522370255523e-12
CMAES,Griewank,100,6,29000,2.915445662665661e-13
CMAES,Griewank,100,6,30000,6.894484982922222e-14
CMAES,Griewank,100,6,31000,1.432187701766452e-14
CMAES,Griewank,100,7,1000,284.6893200020528
CMAES,Griewank,100,7,2000,42.137913145001015
CMAES,Griewank,100,7,3000,4.27628792331476
CMAES,Griewank,100,7,4000,1.3550798714916
CMAES,Griewank,100,7,5000,1.0690470602334476
CMAES,Griewank,100,7,6000,0.8124930845090288
CMAES,Griewank,100,7,7000,0.34054945647794477
CMAES,Griewank,100,7,8000,0.1084142782659977
CMAES,Griewank,100,7,9000,0.03577153335735839
CMAES,Griewank,100,7,10000,0.01386698279541787
CMAES,Griewank,100,7,11000,0.004126126465322177
CMAES,Griewank,100,7,12000,0.0012645844657304117
CMAES,Griewank,100,7,13000,0.0004462572818557664
CMAES,Griewank,100,7,14000,0.00010641015667267606
CMAES,Griewank,100,7,15000,3.218067488486298e-05
CMAES,Griewank,100,7,16000,8.722410182682161e-06
CMAES,Griewank,100,7,17000,2.0028624682089102e-06
CMAES,Griewank,100,7,18000,4.788507230735206e-07
CMAES,Griewank,100,7,19000,1.2334302679217757e-07
CMAES,Griewank,100,7,20000,3.531011927293548e-08
CMAES,Griewank,100,7,21000,7.03718450179025e-09
CMAES,Griewank,100,7,22000,2.132366394569374e-09
CMAES,Griewank,100,7,23000,7.837610560557096e-10
CMAES,Griewank,100,7,24000,1.6527057500326237e-10
CMAES,Griewank,100,7,25000,4.824429744587633e-11
CMAES,Griewank,100,7,26000,1.106936764472266e-11
CMAES,Griewank,100,7,27000,2.520761377411418e-12
CMAES,Griewank,100,7,28000,6.220579606974752e-13
CMAES,Griewank,100,7,29000,1.4732659536775827e-13
CMAES,Griewank,100,7,30000,2.4646951146678475e-14
CMAES,Griewank,100,7,31000,6.106226635438361e-15
CMAES,Griewank,100,8,1000,211.0207535373655
CMAES,Griewank,100,8,2000,33.16595340221422
CMAES,Griewank,100,8,3000,5.834107669325452
CMAES,Griewank,100,8,4000,1.6135478783059811
CMAES,Griewank,100,8,5000,1.0613764001592034
CMAES,Griewank,100,8,6000,0.8120320651779701
CMAES,Griewank,100,8,7000,0.37820946435211744
CMAES,Griewank,100,8,8000,0.1719352167483591
CMAES,Griewank,100,8,9000,0.058050714230827305
CMAES,Griewank,100,8,10000,0.0235346803879386
CMAES,Griewank,100,8,11000,0.007591005946517293
CMAES,Griewank,100,8,12000,0.0027099710107179042
CMAES,Griewank,100,8,13000,0.0007667603325178796
CMAES,Griewank,100,8,14000,0.00023511065712678025
CMAES,Griewank,100,8,15000,6.990590082778247e-05
CMAES,Griewank,100,8,16000,2.6986213303548112e-05
CMAES,Griewank,100,8,17000,7.471468201680764e-06
CMAES,Griewank,100,8,18000,1.6518123031605825e-06
CMAES,Griewank,100,8,19000,7.091715839013801e-07
CMAES,Griewank,100,8,20000,1.8354423925170948e-07
CMAES,Griewank,100,8,21000,3.392835201676547e-08
CMAES,Griewank,100,8,22000,8.975183152237776e-09
CMAES,Griewank,100,8,23000,3.084068334047174e-09
CMAES,Griewank,100,8,24000,6.64301613717555e-10
CMAES,Griewank,100,8,25000,2.044368008213837e-10
CMAES,Griewank,100,8,26000,6.059575063943612e-11
CMAES,Griewank,100,8,27000,1.27640120695105e-11
CMAES,Griewank,100,8,28000,2.8775870575259432e-12
CMAES,Griewank,100,8,29000,7.887024366937112e-13
CMAES,Griewank,100,8,30000,1.7108536809473662e-13
CMAES,Griewank,100,8,31000,3.941291737419306e-14
CMAES,Griewank,100,8,32000,7.549516567451064e-15
CMAES,Griewank,100,9,1000,296.22439335225823
CMAES,Griewank,100,9,2000,27.485289421788533
CMAES,Griewank,100,9,3000,3.9591039608664746
CMAES,Griewank,100,9,4000,1.316961944918031
CMAES,Griewank,100,9,5000,0.9931495036311785
CMAES,Griewank,100,9,6000,0.6014737630991793
CMAES,Griewank,100,9,7000,0.28185115936515914
CMAES,Griewank,100,9,8000,0.10963799585050882
CMAES,Griewank,100,9,9000,0.04022712993829636
CMAES,Griewank,100,9,10000,0.012933957301600407
CMAES,Griewank,100,9,11000,0.005962842029341053
CMAES,Griewank,100,9,12000,0.0018131404507218951
CMAES,Griewank,100,9,13000,0.0005054626383494965
CMAES,Griewank,100,9,14000,0.00018542292943546368
CMAES,Griewank,100,9,15000,4.062469393251167e-05
CMAES,Griewank,100,9,16000,1.1003451772628736e-05
CMAES,Griewank,100,9,17000,2.6075692715066268e-06
CMAES,Griewank,100,9,18000,9.027727535526608e-07
CMAES,Griewank,100,9,19000,2.822314071337928e-07
CMAES,Griewank,100,9,20000,7.111904298806593e-08
CMAES,Griewank,100,9,21000,2.0721444671245592e-08
CMAES,Griewank,100,9,22000,5.374289346882222e-09
CMAES,Griewank,100,9,23000,1.5492207516842882e-09
CMAES,Griewank,100,9,24000,3.7556358023493885e-10
CMAES,Griewank,100,9,25000,8.812139906666516e-11
CMAES,Griewank,100,9,26000,1.8349211039492275e-11
CMAES,Griewank,100,9,27000,5.227596133750012e-12
CMAES,Griewank,100,9,28000,1.5517587215185813e-12
CMAES,Griewank,100,9,29000,4.340972026284362e-13
CMAES,Griewank,100,9,30000,8.282263763703668e-14
CMAES,Griewank,100,9,31000,1.9317880628477724e-14
