algorithm,function,dimension,run_id,seed,best_fitness,total_evaluations,execution_time,success,convergence_iteration,convergence_curve
CMAES,Sphere,10,0,42,6.604142973019906e-16,3120,0.3852577209472656,True,2000,"[0.015724062421855953, 5.786162126317944e-09, 3.3449254158768896e-15]"
CMAES,Sphere,10,1,43,3.3940365704854643e-16,3040,0.34902334213256836,True,2000,"[0.008041909677227128, 2.9433192011646205e-09, 5.127797737884633e-16]"
CMAES,Sphere,10,2,44,1.5663969401027224e-15,2970,0.3004286289215088,True,2000,"[0.006334383239874525, 2.9826051866348293e-09]"
CMAES,Sphere,10,3,45,7.087747927980772e-16,2880,0.3004286289215088,True,2000,"[0.005487222845617318, 4.231498682255354e-10]"
CMAES,Sphere,10,4,46,1.416562940609701e-15,2940,0.31168532371520996,True,2000,"[0.0072555509651686554, 3.091843445222393e-10]"
CMAES,Sphere,10,5,47,5.07366976235724e-16,2980,0.3177032470703125,True,2000,"[0.004456322616026924, 1.0016164803291438e-09]"
CMAES,Sphere,10,6,48,1.2400163015279126e-15,2880,0.30498576164245605,True,2000,"[0.0036667441941391037, 4.891442835711574e-10]"
CMAES,Sphere,10,7,49,7.532945049354779e-16,2900,0.3147616386413574,True,2000,"[0.0007363118105678826, 2.353920637630302e-10]"
CMAES,Sphere,10,8,50,3.485049356813165e-16,3140,0.33110666275024414,True,2000,"[0.02358198768614632, 2.816542993214225e-08, 3.3601432402214427e-15]"
CMAES,Sphere,10,9,51,3.852537173087934e-16,3000,0.3182497024536133,True,2000,"[0.0029000514519197263, 7.333055103045531e-09, 3.852537173087934e-16]"
CMAES,Sphere,30,0,42,1.6409290800041547e-15,7700,1.5215928554534912,True,5000,"[151.5821119129907, 0.31929441676510795, 0.0007156837341921033, 2.352133064348551e-06, 5.6795272279510525e-09, 1.2468374870427723e-11, 5.749315933297105e-14]"
CMAES,Sphere,30,1,43,1.543857678093714e-15,8078,1.5833876132965088,True,5000,"[321.8034226410992, 0.8370682962155814, 0.004832927643642136, 1.112378181795305e-05, 3.5911574739199255e-08, 1.4544255470283542e-10, 3.304024402999711e-13, 2.8506913573080835e-15]"
CMAES,Sphere,30,2,44,5.987604256569598e-16,7602,1.4795007705688477,True,5000,"[95.15215991886983, 0.13714652620194454, 0.0005305112677132693, 1.4372384077896556e-06, 4.3340064262600964e-09, 1.394255140249927e-11, 2.375140390853938e-14]"
CMAES,Sphere,30,3,45,1.1073095625007886e-15,7938,1.587723970413208,True,5000,"[170.47440188743832, 0.39967962243381294, 0.0010346381255326052, 3.4253797776283113e-06, 1.0599900438797034e-08, 4.603524459736359e-11, 1.937915331775609e-13]"
CMAES,Sphere,30,4,46,8.974403680175237e-16,7756,1.5120420455932617,True,5000,"[198.82090846489518, 0.5068823548951468, 0.0013170179525139368, 6.82457798553935e-06, 3.15858854737735e-08, 3.3861927717753446e-11, 8.903424269245259e-14]"
CMAES,Sphere,30,5,47,8.110697180879472e-16,8162,1.6091413497924805,True,5000,"[218.91164976505422, 1.05548193620848, 0.004688608743388225, 1.1157535813353008e-05, 3.6300797561722585e-08, 2.3165590326236765e-10, 8.22869077962491e-13, 1.6569171955790036e-15]"
CMAES,Sphere,30,6,48,1.0778240079187117e-15,7784,1.5606284141540527,True,5000,"[177.97367511094023, 0.3222736484098306, 0.0005613727141755215, 1.7026649304550656e-06, 5.267819525699768e-09, 2.208025067813285e-11, 7.236412632271451e-14]"
CMAES,Sphere,30,7,49,1.0595459970686029e-15,7798,1.5736713409423828,True,5000,"[158.91572645887777, 0.4159004449051256, 0.0009372362589018004, 3.7137197283277887e-06, 9.63312429422325e-09, 3.921072516110437e-11, 9.413013101238016e-14]"
CMAES,Sphere,30,8,50,1.2421375524714266e-15,7784,1.4823670387268066,True,5000,"[307.5950940826224, 0.43144400228761276, 0.0016358169629151628, 3.7235073741485127e-06, 9.003510559979063e-09, 2.4710591212659085e-11, 1.5697144388755696e-13]"
CMAES,Sphere,30,9,51,1.081145078492288e-15,7784,1.4688658714294434,True,5000,"[163.15457241477182, 0.3538946682868419, 0.0011162979717075023, 3.833183841572794e-06, 7.53930186243639e-09, 1.7742651911049492e-11, 6.194280500187429e-14]"
CMAES,Sphere,50,0,42,6.664575631373935e-16,12000,4.279295444488525,True,7000,"[2374.0744224010664, 49.05353726044483, 0.7649012643996204, 0.012932690401913373, 0.00019546933332124502, 9.804335365290302e-06, 1.4312245760852336e-07, 3.3158824375625693e-09, 9.886152544503182e-11, 2.1629492898877443e-12, 2.8326016906408048e-14, 6.664575631373935e-16]"
CMAES,Sphere,50,1,43,8.61420369935341e-16,11925,4.27990198135376,True,7000,"[2610.1724850894902, 48.05965868563112, 0.7595086940000232, 0.013907735640791632, 0.0004287221581449766, 5.905852433217557e-06, 1.3128268177040924e-07, 2.5949846739376345e-09, 4.083983706026699e-11, 1.0535879618755037e-12, 2.991745079741365e-14]"
CMAES,Sphere,50,2,44,1.0020205312303333e-15,11925,4.2173752784729,True,7000,"[1874.9660824011971, 36.863565262187265, 0.5220028916547433, 0.009518382402285527, 0.00023910828030612255, 7.215695037893761e-06, 1.1650614903529976e-07, 2.7653323785288335e-09, 8.872809458828024e-11, 1.4248952333090135e-12, 3.1491520478369485e-14]"
CMAES,Sphere,50,3,45,1.3526543645449416e-15,12030,4.238961219787598,True,7000,"[2211.641688609416, 38.90609643856649, 0.8816895359954793, 0.019627817617442263, 0.00030828721469026695, 4.497129521434945e-06, 1.2689486895648305e-07, 3.110306683674242e-09, 6.501369185780958e-11, 1.7480733825627865e-12, 7.398407462488521e-14, 1.544448288431155e-15]"
CMAES,Sphere,50,4,46,8.534936973420516e-16,12165,4.372733116149902,True,7000,"[2963.692219239558, 53.93516500436238, 1.0718580320654785, 0.022106550571642774, 0.000566918295406966, 9.647593662835858e-06, 3.051915430489921e-07, 6.643780187938574e-09, 1.1591637591089404e-10, 2.843714380046402e-12, 9.634830363439987e-14, 1.4338650252631232e-15]"
CMAES,Sphere,50,5,47,8.440013323146071e-16,11835,4.299267292022705,True,7000,"[1911.4795577616032, 25.539024957915725, 0.3495732789691329, 0.009035174107908214, 0.00014869614326595298, 3.668515072886623e-06, 1.0977950837329442e-07, 2.1239719730181756e-09, 4.939763552058726e-11, 1.1115813938067885e-12, 1.9891620351740228e-14]"
CMAES,Sphere,50,6,48,9.617409217436707e-16,11715,4.245953559875488,True,7000,"[2122.0422929749743, 23.280878089469404, 0.6983352271759397, 0.014765372714074732, 0.00020283015784219798, 5.290307548923206e-06, 8.07245276165454e-08, 1.2850736171623468e-09, 2.7271523439579937e-11, 6.267703698364295e-13, 1.6658005497984383e-14]"
CMAES,Sphere,50,7,49,1.3205818562578777e-15,12090,4.519416093826294,True,7000,"[3308.856611130505, 55.689052540293794, 1.4975105779187057, 0.02441543357643046, 0.00043256366854400906, 1.048736668522087e-05, 2.206371477349971e-07, 5.3292823322902574e-09, 7.99314195517301e-11, 1.9413659162469552e-12, 7.196585616218156e-14, 2.2604040852081156e-15]"
CMAES,Sphere,50,8,50,8.723788713388163e-16,11895,4.583839654922485,True,7000,"[1979.353144418659, 30.69584978951144, 0.942741408862876, 0.014010591661224939, 0.0004314610705800971, 8.649810383537303e-06, 1.8125175626297255e-07, 4.670116310573625e-09, 8.287959001101793e-11, 1.7690806260487224e-12, 4.26533391671929e-14]"
CMAES,Sphere,50,9,51,1.1630187925588576e-15,12045,4.601990461349487,True,7000,"[2633.8105431524714, 60.43742849149519, 0.8713751994567368, 0.024655637647894392, 0.00045217046787894333, 1.1122532715623392e-05, 2.4678452872316333e-07, 5.089204096420606e-09, 1.131821383358086e-10, 2.6764679668662864e-12, 7.101483839776457e-14, 1.1630187925588576e-15]"
CMAES,Sphere,100,0,42,5.827192132837769e-16,21896,52.88098120689392,True,13000,"[28740.77395397769, 2998.392454871159, 329.08501578975114, 26.120210515678323, 3.6385707076342717, 0.44254838144061154, 0.05060018825965606, 0.006634018063770639, 0.0007886568760743612, 0.00010981982961898034, 1.0111152699618998e-05, 1.1374289175609318e-06, 1.7532903052438303e-07, 1.8076629735476294e-08, 2.3009119042935143e-09, 2.4613158311277765e-10, 2.979465659481749e-11, 3.4162184158180755e-12, 3.369663914779287e-13, 3.594369774214429e-14, 3.7515454833227744e-15]"
CMAES,Sphere,100,1,43,6.042033345353262e-16,22049,53.256779193878174,True,13000,"[33167.13544022189, 3554.495832732062, 443.9294562518566, 44.383940958754366, 5.982598469059918, 0.6912075483274783, 0.07237946424075302, 0.004859411917225069, 0.0010267627414843156, 0.00010843178595123288, 1.1929027411903448e-05, 1.2888479013053908e-06, 1.2549666824946443e-07, 1.2198820517498986e-08, 1.588182971428962e-09, 2.1105209843533683e-10, 2.4324875391509288e-11, 2.901808540578188e-12, 5.53231313565308e-13, 6.591824602560054e-14, 7.654767202908244e-15, 7.1043927643582555e-16]"
CMAES,Sphere,100,2,44,7.117910181311514e-16,22287,54.96968102455139,True,13000,"[29998.761907050484, 3155.2957822041826, 335.27180916728327, 37.61073013716145, 4.027125287725389, 0.6211641192138925, 0.06847665551421195, 0.007442488336928178, 0.0009285640957965272, 0.00010154448142986015, 1.0582480910944828e-05, 1.2821449448477656e-06, 1.4966505702795813e-07, 2.5863771093430512e-08, 2.3824138828499137e-09, 2.937219776302109e-10, 2.88773171244769e-11, 3.897085237328628e-12, 6.811873759920876e-13, 8.151529813564914e-14, 1.0792196084844783e-14, 1.3534879298441962e-15]"
CMAES,Sphere,100,3,45,6.765384513854424e-16,22134,53.838279485702515,True,13000,"[35449.002085735985, 4364.665565508217, 536.2394529396382, 63.667804754871646, 6.225806943299119, 0.9880494508437877, 0.1250473785912899, 0.01620921408732545, 0.001993939423604978, 0.0001848424642658028, 2.2906717494552965e-05, 1.9204511063305868e-06, 2.8550133053079623e-07, 2.713113768459293e-08, 4.281220732112846e-09, 4.518188133257459e-10, 4.730671114148334e-11, 5.26339424066912e-12, 4.626599217597372e-13, 8.606690752592486e-14, 8.191211865405416e-15, 8.854875921228571e-16]"
CMAES,Sphere,100,4,46,8.331061133835396e-16,22304,53.49238061904907,True,13000,"[29108.72645240032, 3214.19579698198, 475.32667854153425, 51.11222970406253, 8.650344304390988, 0.8579166590772515, 0.0831235990695426, 0.011562705632666802, 0.0016246063775090297, 0.0001778444224781978, 1.987168138780765e-05, 3.1364622745789243e-06, 4.060831691749424e-07, 4.1386047071708674e-08, 4.517887224127991e-09, 6.098433269168703e-10, 7.328621850891037e-11, 8.159711049384995e-12, 9.335810386155748e-13, 9.064219766431881e-14, 1.120405565474303e-14, 1.5482703674274825e-15]"
CMAES,Sphere,100,5,47,9.307764167965076e-16,22542,54.3828444480896,True,13000,"[36898.017365126165, 2975.7305244627705, 513.0218700893059, 45.19516368628938, 7.155973539941248, 0.7965020979374726, 0.09633495117068112, 0.010336339696703984, 0.0012115808708968278, 0.00013668637813133873, 1.878938162988968e-05, 2.4603053174903293e-06, 3.016938151739366e-07, 3.63091715686645e-08, 5.414174002821648e-09, 6.113703121861023e-10, 8.093698634962386e-11, 8.284154116558458e-12, 1.489459259664459e-12, 2.1339899337546881e-13, 2.1842330316619007e-14, 2.7181526181793044e-15]"
CMAES,Sphere,100,6,48,5.33546631743054e-16,22117,54.00540328025818,True,13000,"[26045.76120955252, 3017.9896752807963, 342.46126720150795, 34.61664758413724, 4.766076318333604, 0.43027297287981436, 0.08461437017776752, 0.010581736596241736, 0.0013851233181930215, 0.0001715298456642135, 1.874507386098921e-05, 2.259371764041234e-06, 2.525475391709194e-07, 2.9481949543973657e-08, 3.86857372614981e-09, 4.859157159882684e-10, 5.496352768989521e-11, 4.523831876608491e-12, 6.202321668752451e-13, 7.284736619622295e-14, 6.421175459008194e-15, 6.797197545080584e-16]"
CMAES,Sphere,100,7,49,5.334584164941677e-16,22083,55.13545274734497,True,13000,"[27412.543987862864, 3200.513525816373, 396.2871287514457, 39.56262318966952, 5.015859875353403, 0.8110802336699108, 0.0963163525664629, 0.009829208840064546, 0.0008706234449153124, 0.00016422239110962835, 1.6686987338417258e-05, 2.081584185336254e-06, 1.9259848312230215e-07, 2.0535818194505017e-08, 2.2623778810552073e-09, 2.0061338135829204e-10, 3.4936662008891936e-11, 3.764241567776907e-12, 5.094982000029169e-13, 5.839028867900421e-14, 6.2585486802291634e-15, 7.086662837090054e-16]"
CMAES,Sphere,100,8,50,7.604241559604848e-16,22151,88.38099122047424,True,13000,"[27424.202652747455, 2720.63351040097, 345.86945276434767, 46.095074079825935, 4.65735423922105, 0.6096591944766347, 0.07250707361191407, 0.008440609575240818, 0.0013201956866993934, 0.00016311498866501253, 2.029704910258937e-05, 1.9398690059040657e-06, 2.750016384285247e-07, 3.2561687145961624e-08, 3.976026811545684e-09, 4.225511262307266e-10, 4.8176645789272687e-11, 6.412998486135613e-12, 4.969124320529435e-13, 8.659221019798503e-14, 8.244890553175782e-15, 9.408427824391623e-16]"
CMAES,Sphere,100,9,51,8.489566173326482e-16,21913,77.21019434928894,True,13000,"[28248.51251388447, 3221.0636150187415, 339.0228298776283, 47.86638439898543, 4.518266316328443, 0.4598521665469901, 0.05273783045132018, 0.007595483849527714, 0.0008111497271237248, 9.034035540781163e-05, 7.790735346741047e-06, 1.0696443274638114e-06, 9.057024940775581e-08, 1.2331215964061804e-08, 1.4383346022798437e-09, 2.0164155543985545e-10, 2.5902676508106712e-11, 2.8948891950507728e-12, 3.339084861057391e-13, 3.923587837865534e-14, 4.524435865043385e-15]"
CMAES,Rastrigin,10,0,42,21.889074066957022,3690,0.49960923194885254,False,3000,"[31.86335306403042, 21.8890781187809, 21.88907406697497]"
CMAES,Rastrigin,10,1,43,23.878971984429143,3820,0.5120177268981934,False,3000,"[30.26325588421318, 23.87931423696348, 23.878971984593505]"
CMAES,Rastrigin,10,2,44,17.909227717507562,3210,0.44029855728149414,False,3000,"[18.53838041627975, 17.909227822852188, 17.909227717507576]"
CMAES,Rastrigin,10,3,45,10.94454459020713,3740,0.5138111114501953,False,3000,"[57.13441318413903, 10.944727905203322, 10.944544590227693]"
CMAES,Rastrigin,10,4,46,16.914283819309645,3760,0.5248420238494873,False,3000,"[39.208418542721866, 16.914399013873336, 16.914283819349805]"
CMAES,Rastrigin,10,5,47,19.899140793875063,3520,0.48885536193847656,False,3000,"[21.71980995744829, 19.899144218589143, 19.899140793875972]"
CMAES,Rastrigin,10,6,48,7.959672456746347,3950,0.5585415363311768,False,3000,"[44.62266633613807, 7.9600930591723795, 7.959672456809315]"
CMAES,Rastrigin,10,7,49,27.858742401942862,3550,0.5031287670135498,False,3000,"[32.75957112638265, 27.85874607271569, 27.85874240194491]"
CMAES,Rastrigin,10,8,50,3.979836228373159,3300,0.47108960151672363,False,3000,"[4.7726300320526605, 3.9798365221854652, 3.9798362283731876]"
CMAES,Rastrigin,10,9,51,23.878911211388782,4320,0.6106250286102295,False,4000,"[48.521461549298294, 24.21824248370922, 23.8789112537398, 23.878911211388854]"
CMAES,Rastrigin,30,0,42,39.79832701899812,9254,2.272876501083374,False,9000,"[222.81304399308846, 220.65486243615516, 42.296320294317354, 39.80729555487585, 39.798351145719494, 39.79832716341866, 39.79832701961749, 39.7983270189996, 39.79832701899812]"
CMAES,Rastrigin,30,1,43,55.7176315845,9716,2.457974433898926,False,9000,"[231.4421584172593, 227.6939739723665, 92.84998809611326, 55.82390538505109, 55.71814151415816, 55.71763371634779, 55.71763158963154, 55.71763158452006, 55.717631584500054]"
CMAES,Rastrigin,30,2,44,43.77816324737125,9338,2.2874319553375244,False,9000,"[231.42824257211805, 221.9998812385499, 49.92485851530381, 43.79331742918316, 43.77824968276809, 43.778163550875604, 43.77816324893951, 43.77816324737449, 43.77816324737125]"
CMAES,Rastrigin,30,3,45,28.85379754224823,9478,2.415496826171875,False,9000,"[250.30213291484307, 200.79507915170458, 34.289719387920286, 28.889007866550116, 28.853901694080264, 28.85379791936805, 28.853797544105362, 28.853797542253005, 28.85379754224823]"
CMAES,Rastrigin,30,4,46,42.783209228097064,8666,2.2031373977661133,False,8000,"[220.1407854331492, 95.89665524003331, 43.041882603199156, 42.78417714449017, 42.78321140684187, 42.783209233083994, 42.78320922810889, 42.78320922809712]"
CMAES,Rastrigin,30,5,47,51.73780039394592,9632,2.4621238708496094,False,9000,"[244.06941552004628, 237.57657803588086, 60.47871217793957, 51.789123910950906, 51.73813264455964, 51.73780170909126, 51.73780039869655, 51.737800393963965, 51.737800393945946]"
CMAES,Rastrigin,30,6,48,69.64702307363444,10220,2.5931236743927,False,10000,"[235.75069437573592, 235.75069437573592, 209.76495628229463, 70.04660258671265, 69.64968112935983, 69.647036181245, 69.64702312666162, 69.64702307395265, 69.64702307363527, 69.64702307363444]"
CMAES,Rastrigin,30,7,49,53.727738704846956,12782,3.3210203647613525,False,12000,"[225.35482645752404, 224.53627021259143, 224.53627021259143, 224.53627021259143, 209.1359327454934, 73.85898421124256, 53.81359615684423, 53.72828787025645, 53.727741055545465, 53.72773871364245, 53.727738704884274, 53.72773870484713]"
CMAES,Rastrigin,30,8,50,40.79324568266253,10976,2.8590877056121826,False,10000,"[251.25222337387314, 228.8982305950423, 217.97989684267284, 99.72035815183847, 41.320472016548194, 40.794658597733815, 40.79325283279604, 40.793245693616996, 40.79324568269766, 40.7932456826627]"
CMAES,Rastrigin,30,9,51,63.677258609998376,9954,2.562579870223999,False,9000,"[214.72956063174456, 214.72956063174456, 120.63908045465021, 63.89691159562841, 63.677956056353764, 63.677263883308086, 63.67725863613967, 63.67725861009001, 63.677258609998574]"
CMAES,Rastrigin,50,0,42,74.62176262387965,13560,6.632667779922485,False,13000,"[442.5223663275028, 430.03335411001285, 202.31781393872222, 78.2877523875593, 74.66315249702961, 74.6231862011096, 74.62179275118234, 74.62176352898359, 74.62176264936289, 74.6217626245911, 74.62176262389505, 74.62176262388004, 74.62176262387965]"
CMAES,Rastrigin,50,1,43,95.51591821006929,16815,8.263876914978027,False,16000,"[462.11401033833624, 423.2500459862056, 423.2500459862056, 423.2500459862056, 423.2500459862056, 352.1726092712085, 108.47198745295628, 95.82554995142272, 95.52257883470071, 95.51607073462606, 95.51592100779294, 95.51591829656422, 95.51591821152562, 95.51591821011755, 95.51591821007014, 95.51591821006929]"
CMAES,Rastrigin,50,2,44,92.53102065917795,14625,7.0881640911102295,False,14000,"[514.0970577307213, 433.3853688272145, 433.3853688272145, 192.8035181165335, 96.20272429774275, 92.61708237854305, 92.53215453935184, 92.53104991829144, 92.5310214599512, 92.53102067550714, 92.53102065965044, 92.53102065919535, 92.5310206591783, 92.53102065917795]"
CMAES,Rastrigin,50,3,45,76.61167570024713,14325,7.121861934661865,False,14000,"[478.4673557765986, 414.3632219565252, 414.3632219565252, 136.95181701793575, 78.25050854197173, 76.63772327224285, 76.61243757349217, 76.61169506016893, 76.61167622126158, 76.61167571770466, 76.61167570055164, 76.61167570025242, 76.61167570024713, 76.61167570024713]"
CMAES,Rastrigin,50,4,46,107.4553156530813,13425,6.563247442245483,False,13000,"[467.935603771481, 438.3517896555764, 272.03721023900334, 113.16781748609918, 107.5847959537519, 107.45795413463094, 107.4553699978535, 107.45531702166659, 107.4553156762052, 107.45531565331663, 107.4553156530958, 107.45531565308153, 107.4553156530813]"
CMAES,Rastrigin,50,5,47,112.43015156031186,13995,6.897155284881592,False,13000,"[491.1018361811231, 453.6582570530403, 440.51349757695556, 134.8814011151464, 113.09240207392196, 112.44336262335418, 112.43035472395775, 112.43015800820439, 112.43015179647352, 112.4301515652208, 112.43015156041503, 112.43015156031328, 112.43015156031186]"
CMAES,Rastrigin,50,6,48,127.35441101570837,14295,6.710402011871338,False,14000,"[465.10372170560015, 451.361226221211, 439.604439231669, 210.24735858748795, 129.3616468179506, 127.40920268576122, 127.35547763267039, 127.35443463653951, 127.35441152280526, 127.35441102706983, 127.3544110159811, 127.35441101571365, 127.35441101570848, 127.35441101570842]"
CMAES,Rastrigin,50,7,49,98.50079538134912,15015,6.916503429412842,False,15000,"[453.13038956633903, 443.009854170652, 435.1026849507941, 432.07568584593577, 133.97535322905622, 99.23514584490471, 98.5118852897528, 98.50105020052575, 98.50080418888331, 98.50079564578425, 98.5007953880588, 98.5007953814731, 98.50079538135134, 98.50079538134912, 98.50079538134912]"
CMAES,Rastrigin,50,8,50,106.46043252792379,13875,6.478073596954346,False,13000,"[483.0251899144459, 464.1203481045698, 442.7467008180428, 126.66542132168371, 106.9017967509933, 106.46791151917864, 106.46060122864583, 106.46043678068418, 106.46043261160145, 106.46043252938625, 106.46043252796625, 106.46043252792458, 106.46043252792379]"
CMAES,Rastrigin,50,9,51,79.59659848567196,13785,6.457175970077515,False,13000,"[481.1372388273214, 463.7564754284974, 382.2421425020043, 122.50163250616464, 80.09551667525528, 79.60987080992857, 79.59697591892564, 79.59660377900298, 79.59659861832682, 79.5965984890002, 79.59659848572124, 79.5965984856727, 79.59659848567196]"
CMAES,Rastrigin,100,0,42,184.06703696747365,24820,116.48111391067505,False,24000,"[1081.9890298941996, 1053.4178272675997, 1002.4622776267688, 982.5973698217884, 846.2696058177082, 453.59779523025554, 236.40846958737018, 189.06899793941943, 184.51514888319969, 184.12649739907295, 184.07307839262887, 184.0676199434921, 184.06711637292415, 184.0670462870106, 184.06703817753169, 184.06703713227182, 184.06703698785714, 184.0670369694799, 184.06703696763657, 184.0670369674956, 184.06703696747638, 184.06703696747388, 184.06703696747365, 184.06703696747365]"
CMAES,Rastrigin,100,1,43,287.54250654487885,27387,120.44451403617859,False,27000,"[1146.0563225715855, 979.338752660919, 979.338752660919, 979.338752660919, 979.338752660919, 979.338752660919, 917.0342659138936, 576.9015339640792, 347.76953216266725, 295.8305119637274, 288.6803505643527, 287.6678122405964, 287.5621625521288, 287.5448867304161, 287.5428098478777, 287.5425380968767, 287.54251100312035, 287.5425071281976, 287.54250662231027, 287.5425065521214, 287.542506545749, 287.5425065449583, 287.5425065448908, 287.54250654488, 287.54250654487896, 287.54250654487885, 287.54250654487885]"
CMAES,Rastrigin,100,2,44,186.0569752783748,24701,115.51673007011414,False,24000,"[1006.2986693843534, 964.6954315390755, 964.6954315390755, 944.2069880509099, 686.2453789425058, 293.1997082465035, 201.5407844505895, 188.22620095960053, 186.2337180169933, 186.08457006987862, 186.05986407499267, 186.0574624780361, 186.05702589883902, 186.05698204357975, 186.05697598060988, 186.0569753688394, 186.0569752917271, 186.05697527948223, 186.05697527852112, 186.0569752783931, 186.05697527837674, 186.05697527837492, 186.0569752783748, 186.0569752783748]"
CMAES,Rastrigin,100,3,45,213.91582915076026,25585,116.9534924030304,False,25000,"[1128.6448474994966, 1033.4901916945091, 953.2947216910122, 947.5120057132892, 907.2012212822539, 686.6277012990189, 302.9050450977951, 228.11791437521026, 215.63473686696238, 214.10136474443811, 213.93412892719118, 213.91832805429362, 213.9161880400834, 213.9158736118336, 213.9158363561687, 213.91582981732688, 213.915829215254, 213.91582915980996, 213.9158291518704, 213.9158291508977, 213.91582915077288, 213.91582915076117, 213.91582915076037, 213.91582915076037, 213.91582915076037]"
CMAES,Rastrigin,100,4,46,275.6030077525004,26673,117.10954117774963,False,26000,"[1109.626962707158, 1027.3662660741552, 957.55139313372, 957.55139313372, 957.55139313372, 957.55139313372, 793.859702393926, 391.5052273602879, 290.5038832566257, 277.19724478434136, 275.7678176488664, 275.62002918585733, 275.6052862763821, 275.6032844269172, 275.6030343671706, 275.6030106040373, 275.60300803445205, 275.60300778340115, 275.60300775610915, 275.6030077529175, 275.6030077525578, 275.6030077525098, 275.6030077525012, 275.6030077525005, 275.6030077525004, 275.6030077525004]"
CMAES,Rastrigin,100,5,47,234.80970573585296,27336,122.58839821815491,False,27000,"[1032.4338533647042, 1030.4935636157088, 1024.9688207430197, 1004.9992901730554, 953.414426756242, 953.414426756242, 862.9873460526235, 609.9165506550123, 300.51061799719525, 243.14903420214478, 235.8608819292017, 234.92145330619826, 234.822359402315, 234.8111298981098, 234.80986127452366, 234.80973006591478, 234.80970928521515, 234.80970608229677, 234.809705771342, 234.8097057406619, 234.80970573627178, 234.80970573590957, 234.80970573585944, 234.80970573585387, 234.80970573585307, 234.80970573585296, 234.80970573585296]"
CMAES,Rastrigin,100,6,48,263.6634990219428,28934,126.50780749320984,False,28000,"[1071.4130353941734, 1027.4982451691474, 1027.4982451691474, 1027.4982451691474, 1013.5742794424607, 1007.2097101713946, 1007.2097101713946, 979.1908676856777, 787.7914247261459, 455.52220265887945, 287.7998176608311, 266.1167102914768, 264.0501866199794, 263.7003046457336, 263.66677701626213, 263.66390758790214, 263.6635510835364, 263.6635062519035, 263.66349992586345, 263.66349911884765, 263.66349903566277, 263.66349902312083, 263.6634990221132, 263.6634990219644, 263.66349902194554, 263.66349902194304, 263.6634990219429, 263.6634990219428]"
CMAES,Rastrigin,100,7,49,243.76435804517075,24871,106.00264811515808,False,24000,"[1089.9209538402113, 971.0016464653445, 971.0016464653445, 951.288468505208, 844.7878302715148, 502.355449562737, 284.9033724260479, 249.46144845071308, 244.26273775287348, 243.815109290176, 243.77248407319564, 243.76511592460508, 243.76444437915143, 243.76437005047785, 243.76435916378773, 243.76435817756078, 243.76435806255165, 243.7643580470501, 243.7643580453929, 243.76435804519417, 243.7643580451729, 243.76435804517098, 243.76435804517087, 243.76435804517075]"
CMAES,Rastrigin,100,8,50,314.40621400323084,27489,94.71664428710938,False,27000,"[1025.6519942991795, 1025.6519942991795, 1025.6519942991795, 1025.6519942991795, 1025.6519942991795, 1025.6519942991795, 939.3171662016293, 560.6956026843129, 360.55249699607555, 320.41625966469564, 314.9768333649092, 314.4923854354363, 314.4171052211641, 314.40745171082153, 314.4064034904502, 314.40623728240996, 314.40621655510813, 314.4062143657834, 314.40621405829563, 314.40621400894975, 314.40621400406155, 314.4062140033527, 314.4062140032438, 314.406214003232, 314.40621400323084, 314.40621400323084, 314.40621400323084]"
CMAES,Rastrigin,100,9,51,208.94100863076017,27659,93.61644339561462,False,27000,"[1116.505804165678, 1116.505804165678, 1047.6410489676239, 1019.6742506289761, 963.2170481685126, 922.3386633669713, 780.5108323777182, 620.2096126656418, 307.6518336895548, 222.5371496586672, 210.6308516135648, 209.12925242234144, 208.96221951146913, 208.94324611962202, 208.94125278306, 208.94103993137503, 208.94101304805895, 208.94100916648733, 208.9410086917519, 208.94100863661936, 208.94100863166636, 208.9410086308776, 208.941008630772, 208.9410086307613, 208.94100863076017, 208.94100863076017, 208.94100863076017]"
CMAES,Rosenbrock,10,0,42,3.986579112347138,6560,1.0146474838256836,False,6000,"[9.776335174525464, 7.505102042283285, 5.001389440964434, 4.021287693124632, 3.986582015493311, 3.9865791123506744]"
CMAES,Rosenbrock,10,1,43,3.9865791123471377,6730,0.9787647724151611,False,6000,"[76.59593945516305, 13.629793675352893, 6.696984914174628, 4.145709211936102, 3.9866450676431153, 3.9865791123737933]"
CMAES,Rosenbrock,10,2,44,5.692116925448157e-16,7160,1.056833028793335,True,5000,"[143.26205756812678, 6.367081513891645, 3.381554733070196, 0.7235367537034368, 0.00928371109544507, 2.402336809439559e-08, 4.479076741746964e-15]"
CMAES,Rosenbrock,10,3,45,4.802482385618387e-16,7050,1.0559301376342773,True,5000,"[502.59987984888795, 137.12311604356478, 3.41936934581772, 0.9686282468933183, 0.00977717805764559, 1.2729151207185334e-08, 1.9568876228043332e-15]"
CMAES,Rosenbrock,10,4,46,1.6586679560479974e-16,7280,1.1094591617584229,True,6000,"[11.749807417694516, 6.436496194780389, 3.2511123050229065, 0.9287974160975261, 0.011593191012929027, 3.8209456070102274e-08, 6.238207468703523e-14]"
CMAES,Rosenbrock,10,5,47,3.755839722243814e-16,7120,1.081477403640747,True,6000,"[9.030050120903743, 5.674423177995212, 2.899960333213393, 0.44552419132799964, 0.010451513442416703, 1.412749226121799e-08, 3.798375598032952e-15]"
CMAES,Rosenbrock,10,6,48,7.77119250118128e-16,8390,1.2426016330718994,True,7000,"[9.74161280183181, 9.396036894966862, 6.83611147512211, 3.4277680234944867, 0.9815661037272945, 0.03639957063123715, 1.6941139334630837e-07, 2.3270492868191487e-13]"
CMAES,Rosenbrock,10,7,49,4.792281154284464e-16,7480,1.141331672668457,True,6000,"[885.4902294548392, 7.464522074772219, 4.15724645414623, 1.0554156432278827, 0.05390412105391454, 5.885426068761443e-07, 1.0881873992527875e-12]"
CMAES,Rosenbrock,10,8,50,4.009867404001267e-16,6230,0.9620559215545654,True,5000,"[7.730276876848881, 3.1371546246676356, 0.6725539367251845, 0.011005940866452145, 1.8334463160464154e-08, 1.2834689371530895e-14]"
CMAES,Rosenbrock,10,9,51,1.542683570037267e-16,7700,1.1975414752960205,True,6000,"[9.699786823997151, 9.003080788585804, 5.996695056648709, 2.6540727171987673, 0.27159373618224414, 7.461252446315285e-05, 1.808862078679454e-11]"
CMAES,Rosenbrock,30,0,42,3.986623854300934,39200,10.77807331085205,False,39000,"[14838.35324073408, 146.4570502231785, 32.55707068551475, 29.26672328046942, 29.044278590451743, 28.174296740635008, 27.1426553215488, 26.308858394526165, 25.184069541986204, 24.282449364226977, 23.133568496745994, 22.168965196124088, 21.304247285838443, 20.323270170973576, 19.209355940540956, 18.31795255889998, 17.341549838047264, 16.228727880587005, 15.420624556707688, 14.478716158822845, 13.593996698659366, 12.426391660161078, 11.497928509836798, 10.568642642978794, 9.488726049374472, 8.492359420735903, 7.319932227893092, 6.289166029595485, 5.465153615248827, 4.67284400105289, 4.262969221453968, 4.069464992773921, 3.99468901896892, 3.986900409969815, 3.986626338822669, 3.9866238768719953, 3.986623854412171, 3.9866238543014805, 3.9866238543009365]"
CMAES,Rosenbrock,30,1,43,1.7092933838606155e-15,41748,11.570845603942871,True,36000,"[18374.50940061751, 194.99529068543322, 135.27248913906203, 44.95457435881941, 27.99148296360162, 27.25303182877306, 26.091504662179897, 24.865483121134353, 23.410224593651463, 22.470742325486302, 21.440310935085908, 20.362726631330514, 19.210884495679945, 18.077143344381415, 16.912258663463, 16.009753876218046, 15.075313165744848, 14.009747342376151, 12.944083693031814, 12.056757085310496, 11.027951160049968, 10.065562444414622, 8.993139065973786, 8.030781441592712, 6.965108161656311, 6.044744746511136, 5.222906924351203, 4.426700116617355, 3.493192428997821, 2.44666425811265, 1.560355046215083, 0.7865360924176679, 0.40987022318218946, 0.14162486678365124, 0.021186839009772106, 0.0020403169641373276, 4.9849143470377394e-05, 2.2314737755765383e-07, 1.0928560130241875e-09, 1.740153934824182e-11, 9.115265709476492e-14]"
CMAES,Rosenbrock,30,2,44,9.385624838261369e-16,39354,10.76271939277649,True,34000,"[11871.386249783583, 639.3443210953768, 76.19580904914113, 26.74520926089572, 25.889149222924285, 24.422276272798708, 23.20306736070252, 22.107393114291995, 21.005870921648622, 19.8720993613389, 18.840846787385537, 18.058621879433126, 16.79708427396899, 15.894314792103282, 14.902784966984262, 14.045575691799508, 12.88511097749126, 11.869070445556456, 10.97642740653302, 10.086581882263623, 9.16095835928749, 8.159228256971298, 6.842669981520674, 5.903705618762835, 4.925991552945344, 4.103444027444181, 3.264676220327159, 2.351258325414754, 1.5011630630471589, 0.7809418490868327, 0.3296599338186257, 0.1495728926154752, 0.023821606548494807, 0.0008945658535498388, 1.1255148480811823e-05, 1.056843746417813e-07, 3.593329544174376e-10, 1.9044384655368933e-12, 5.4650894892884355e-15]"
CMAES,Rosenbrock,30,3,45,3.986623854300934,38962,10.91807246208191,False,38000,"[18482.952160332614, 233.15434661977883, 112.18191375282372, 100.89213098547283, 97.95370356537445, 55.050295781974995, 25.895329329345827, 25.33469574149635, 24.278133201004227, 23.169769910538136, 21.91203786380581, 20.63650908484327, 19.652163980850933, 18.587740740122623, 17.6142037088725, 16.578299671464272, 15.728263530155987, 14.668536111997032, 13.83257314756609, 12.941474620565945, 11.884675049017796, 10.865659891420645, 9.99881838010652, 9.035553841370401, 8.308101109288236, 7.32731818216715, 6.4239466515947505, 5.656222984976642, 4.945231139279569, 4.444679772303029, 4.194610980437213, 4.032124562504052, 3.9906169406507668, 3.986788249198873, 3.9866251391696728, 3.986623859112513, 3.986623854358369, 3.9866238543011785]"
CMAES,Rosenbrock,30,4,46,1.3119772000366451e-15,38808,10.990118980407715,True,33000,"[10976.923610329688, 189.97784493986472, 124.50742598767494, 121.48902820804452, 120.19423262468135, 118.53259999159766, 116.32807516879446, 114.53158908198301, 112.5813136988562, 110.00933242132868, 106.9978840298407, 104.44341102948424, 101.24023108586893, 96.81657429762983, 91.96608466197826, 85.85258259893742, 78.24223270345365, 59.86532754780495, 26.147286241294317, 11.215991087962266, 8.834972233667067, 7.844019310742474, 6.762040554175449, 5.829276786033395, 5.0581050211970755, 3.8731347252145696, 2.8102499421836415, 1.8727022073904234, 1.1475339936768063, 0.5666618501906708, 0.18816367058733843, 0.03665579567342475, 0.003043327617028525, 4.583214412342045e-05, 6.026609081299861e-07, 7.505754232607391e-09, 1.614362699145467e-11, 1.0968396403865362e-13]"
CMAES,Rosenbrock,30,5,47,2.5542106957324278e-15,30870,8.84451675415039,True,25000,"[30913.01444149101, 252.52843476142584, 104.47737874186093, 92.5068545147736, 89.14568910312961, 86.27635457373127, 84.4599415274469, 81.5708327841314, 79.64773416797392, 77.76651774037556, 76.01804252177386, 74.36240805684861, 73.3337672463773, 72.30772606370299, 70.68158815725835, 68.80279337491527, 66.06959072161379, 2.424205825603119, 1.016235052961525, 0.9657625555544507, 0.8043200783635862, 0.4511896463252094, 0.20307455085481302, 0.04698253856454984, 0.0045462754916794305, 0.00016231217375212202, 2.091238585948453e-06, 1.019541943906487e-08, 2.6450645471273795e-11, 1.8282840509316704e-13]"
CMAES,Rosenbrock,30,6,48,1.6663035391353103e-15,40740,11.5637366771698,True,35000,"[37334.895625418474, 192.14356385782142, 29.051966254906198, 28.158051549027174, 26.81610730539545, 25.609000624179483, 24.42828741559145, 23.337141571577682, 22.26573339045966, 21.332541112463318, 20.236020979824143, 19.16940938107906, 17.913807317446125, 17.109844713097726, 15.99135611824621, 15.121264907958958, 14.132893364529995, 13.141587268633316, 12.111225668713644, 11.030799908010081, 10.020118959212358, 9.165402292874468, 8.19853793026339, 7.102074470164417, 6.205307048489806, 5.347700252007313, 4.3306364275008375, 3.3286693398045264, 2.5716577340259645, 1.4949772321902242, 0.7993431483199912, 0.3252075180603627, 0.13261044913725997, 0.02747479133702385, 0.0018099965282155452, 4.759822172713301e-05, 3.964989324761765e-07, 4.8141131429327754e-09, 2.2346592321096285e-11, 9.06518997751171e-14]"
CMAES,Rosenbrock,30,7,49,1.2397674577003747e-15,41342,11.99770474433899,True,36000,"[4290.501950354673, 130.19236147311406, 32.44629676901319, 28.782777629385535, 27.664389468805886, 26.48598435042464, 25.36553192477107, 24.11334305982643, 23.1630013695453, 22.073741215948917, 20.939365936486578, 19.9067828102214, 18.855242345140493, 17.69891051035142, 16.772072188876624, 15.83879677200069, 14.9669280413862, 13.929802882896709, 12.838067708183068, 11.927696809231042, 10.858991752934598, 9.909132094779311, 9.042225944567123, 7.948227904090289, 6.841158550858336, 5.9034720525444495, 5.059048148119059, 4.264764750208724, 3.522154350831327, 2.623903152684686, 1.6580399931283454, 0.914365963026009, 0.3824076623972005, 0.1537710946596631, 0.02321875673478295, 0.0017822823696498381, 3.2385447447771416e-05, 1.46422760775182e-07, 9.349351546006787e-10, 1.859643327206342e-12, 7.347303014045684e-15]"
CMAES,Rosenbrock,30,8,50,1.9450569385573377e-15,38906,11.107970237731934,True,33000,"[3591.177697526109, 55.60949300873941, 27.514421299833263, 26.46270939495881, 25.007748815336736, 23.6767212285457, 22.378126992975808, 21.307847968715855, 20.194843389014753, 19.099782198916387, 18.188052209978185, 17.09084049085939, 16.007959015772943, 15.139082700506286, 13.948868824737378, 13.204710394074995, 12.146760855106464, 11.261700307076646, 10.452582143774844, 9.527089996139631, 8.442760220107296, 7.334181542104378, 6.437017637130262, 5.498321564678348, 4.433630823534417, 3.318122525584898, 2.435894588616382, 1.620937539398151, 0.9508997237906205, 0.4766801539545456, 0.18647153397066954, 0.04581102647674705, 0.004617877998723652, 0.00026953308814862606, 2.3165581550692957e-06, 7.3842312990068665e-09, 2.70401222259248e-11, 1.4153060251870208e-13]"
CMAES,Rosenbrock,30,9,51,1.3709506680010146e-15,29792,8.395109415054321,True,24000,"[16511.063882132177, 203.4228950221995, 100.53199642436057, 93.93631933091926, 89.65229845199578, 86.38326239084623, 83.89429029510237, 82.13064260224569, 80.0931696121109, 78.58563761443324, 76.22847094614305, 74.23160883052316, 72.6798406911152, 70.65988564958091, 69.4168778011913, 68.06498748085696, 46.869653046170335, 1.723426062395509, 0.2475328022941097, 0.14567055404242435, 0.1354891404278155, 0.08011207456241096, 0.01859715703277566, 0.0015761718698132394, 2.7885804179433516e-05, 1.7070938343909255e-07, 1.595693299489947e-09, 1.4526726231107734e-11, 1.0865457764684888e-13]"
CMAES,Rosenbrock,50,0,42,3.964208874942168e-15,101610,59.42986440658569,True,92000,"[869808.2105530761, 13194.162042644282, 509.26291767521343, 62.21399875639702, 48.305828778622775, 47.48864378688268, 46.62806311388587, 45.69572157001166, 44.77512506397084, 43.98353667909101, 43.14455687932864, 42.50532711768708, 41.76993424603961, 41.18363192870262, 40.60377583873158, 39.9850553539254, 39.33003785820428, 38.66230809502763, 37.981211505791364, 37.29215554628337, 36.77756779923694, 36.1353284015279, 35.493246248804994, 34.96038407767858, 34.49378912317013, 33.76933484500955, 33.15808798806023, 32.57679685004218, 32.01817299431884, 31.397885756850698, 30.942187245942964, 30.31290997590032, 29.71294496513519, 29.19544069850406, 28.518524169305543, 27.90707474480833, 27.42709841237405, 26.76615281134078, 26.224819805541557, 25.689235516400736, 25.210787733269868, 24.6762951177003, 24.033088827367504, 23.465529969695755, 22.8861138379008, 22.20093039061449, 21.554462301078544, 21.092249845072512, 20.58417053517235, 19.958486296230905, 19.431424912315897, 18.837545772632293, 18.376295373476697, 17.908089557790216, 17.32793509296839, 16.817668512137608, 16.179964885634472, 15.63557278276189, 15.129603601792187, 14.63516647062468, 14.040158453287557, 13.518938989192842, 12.979309055791859, 12.359295194894147, 11.816435382496204, 11.29477169953194, 10.769299599608921, 10.360933435213338, 9.923255914168035, 9.410877684294325, 8.873603428171487, 8.424512598579337, 7.889274512902281, 7.246380058795962, 6.622279274714257, 5.933671885354992, 5.313731140339761, 4.814452574406576, 4.186423132787888, 3.516198853899622, 3.0072232990493317, 2.3304247550965598, 1.7647577329946669, 1.278985311446668, 0.9909464041490663, 0.6791746754388586, 0.4366860688362135, 0.25907447701675507, 0.12264015828692465, 0.05526796701783174, 0.01655801674301816, 0.002724754863584005, 0.00025239274712018066, 1.7839904626717248e-05, 6.125961050828656e-07, 4.670946013591599e-08, 2.9486503305987147e-09, 1.6636305493018088e-10, 9.451962060461195e-12, 3.145579223986515e-13, 1.7715195087155994e-14]"
CMAES,Rosenbrock,50,1,43,2.665046293090051e-15,104055,61.45469307899475,True,94000,"[736092.7624049205, 4889.784363648991, 538.745143587571, 265.71032067179397, 234.96724812504382, 231.4221056331053, 230.65337109714275, 226.99691510836163, 219.81573091273094, 212.25291795080537, 199.65284168045952, 175.41106606518724, 141.7989815277979, 104.01212567209599, 54.12549483668919, 42.02538660671705, 39.35273866929615, 39.03496145054671, 38.81478603130067, 38.362623453315045, 37.65976317050572, 36.94877644399914, 36.40097898605285, 35.74410117507007, 35.11159763841179, 34.38295537709119, 33.60650111478812, 33.020081752585924, 32.50329373328188, 31.750703639836964, 31.07508149586101, 30.44905349864734, 29.83601714122971, 29.3492151379374, 28.86820754528002, 28.08980807641625, 27.652926823905773, 27.285368508014802, 26.81062334416149, 26.071519548910498, 25.47155979285526, 24.907849572944315, 24.337676340036086, 23.852552319782703, 23.192191620761122, 22.508797712349484, 21.998830594099058, 21.535288665387423, 21.020030012637218, 20.373751041009303, 19.902734640063006, 19.336165657747408, 18.785555533719698, 18.23439252967223, 17.822334442555245, 17.310399935344336, 16.661246552618596, 16.02818422996078, 15.50444158573544, 14.988518472896061, 14.403495709889066, 13.873881487168386, 13.242711720971315, 12.782795648854831, 12.293155435200203, 11.706505665200854, 11.073117161949341, 10.602418406016671, 10.044692784343647, 9.587100740894876, 9.19402630092526, 8.508502947469013, 7.983547541535501, 7.5327478529112275, 7.098366039410464, 6.5767155683704415, 6.036221958819563, 5.5581695137243035, 5.004802168497721, 4.525214160383415, 4.034644043395202, 3.4750496445130548, 2.9822649011364275, 2.4846455036499746, 1.8179628556291867, 1.3124606865514519, 0.9756243523819201, 0.619704274085187, 0.38910578402134954, 0.19917102614933357, 0.10005285627671481, 0.04805411003762109, 0.017269810828244716, 0.004446714288273709, 0.000499384657458502, 5.021516542379404e-05, 3.5393985042330688e-06, 3.4273849635692084e-07, 1.494357927301553e-08, 8.572869328391004e-10, 3.159673052939043e-11, 2.42037805982664e-12, 7.139979327734226e-14, 3.326908438367449e-15]"
CMAES,Rosenbrock,50,2,44,1.9481657264979832e-15,107325,62.80194902420044,True,97000,"[793195.1556082703, 3010.7421153736277, 171.49062762074738, 51.29989574030863, 49.11249253701124, 49.00538714354719, 48.69351307359167, 48.12199277345537, 47.386988983013545, 46.566423277061226, 45.88123474521345, 45.21709540457632, 44.48918252179355, 43.78782744121325, 43.138655647101906, 42.425697255425064, 41.732246450207434, 41.11651263161243, 40.45647624609254, 39.7242410763195, 39.115222825080586, 38.54165318169224, 38.12642368007781, 37.46039149860114, 36.79610458471882, 36.0909116028032, 35.474297851034216, 34.96214827286239, 34.422239499265075, 33.92985828556378, 33.23846394924347, 32.49527869667039, 31.782631139390556, 31.16849318082857, 30.632311960543124, 30.061281797253546, 29.436822328686794, 28.730905073949852, 28.18370289289987, 27.689193416330024, 27.05247620182249, 26.488120397133233, 25.93327496746274, 25.354915645761817, 24.779785675599335, 24.230149088677052, 23.79235596388725, 23.274777270497303, 22.812872423973186, 22.289676184532837, 21.671327536365965, 21.143055656405036, 20.74858076770994, 20.313971741539337, 19.734808939694656, 19.203448112849838, 18.667424253820982, 18.191698382463457, 17.62437586005686, 17.084518231088015, 16.529992262444324, 15.852248984847163, 15.43510209366813, 14.86289621215959, 14.431968295189595, 13.907425514937858, 13.415852999015554, 12.82212939200338, 12.343912940424422, 11.831358774621432, 11.244929599101326, 10.731131894119242, 10.136146315314802, 9.577927331780892, 9.073760472367333, 8.520968206642207, 7.939297908462495, 7.536521691949288, 6.903880915033666, 6.2296939920661085, 5.804936004493781, 5.35391052178766, 4.712504683389099, 4.145788447542584, 3.6366542703516407, 3.0686105649364066, 2.5563047502441156, 1.9372540617609642, 1.3951523373887522, 1.0151145985482892, 0.7512563230611798, 0.474275914373132, 0.28070005514321994, 0.1555816732534596, 0.08288437553727142, 0.024276132621384165, 0.005798378159566412, 0.0008613711289458135, 0.0001118187910629315, 8.321583857063083e-06, 3.722898610320439e-07, 2.69685789152048e-08, 1.9700678593417276e-09, 8.622538747393223e-11, 3.773617517552778e-12, 1.6398167430962734e-13, 4.575714465418331e-15]"
CMAES,Rosenbrock,50,3,45,2.63222339488423e-15,101460,60.0203218460083,True,92000,"[361849.9615728133, 1026.0132207374766, 76.87613064154013, 48.40829770766212, 47.678267609044475, 47.03670958872695, 46.159818012104196, 45.39625239078576, 44.5339489630185, 43.79276516219472, 43.091951346421375, 42.38180503476291, 41.56318236970653, 40.81205842697062, 40.12849048837018, 39.49239266964072, 38.80288178027861, 38.25136097798241, 37.56106253131866, 36.82812710923399, 36.16660251491015, 35.503339506670216, 34.895585572239746, 34.35329555411705, 33.69226176936936, 33.00970323822668, 32.43539986437362, 31.818450876061124, 31.293856210824778, 30.76603026138602, 30.197549303937524, 29.618570826103365, 29.12947079169206, 28.614020658891896, 28.048318417857264, 27.534946482324628, 26.8994770616298, 26.30201994112434, 25.703795775046295, 25.191507081200367, 24.61278572169204, 24.016483373011003, 23.56956880132685, 23.065541238552903, 22.40610958281191, 21.895043486587625, 21.40282912937935, 20.8592564959875, 20.190622298421538, 19.533292491561003, 19.02667000548025, 18.436071890277027, 17.85113456688866, 17.27588218058092, 16.70512146136889, 16.154793718663406, 15.640385783565371, 15.134788853177856, 14.57885308130743, 14.08002422328483, 13.596569977063723, 13.069125611582795, 12.470448384119614, 11.98009816040432, 11.507259091850564, 10.90069683244558, 10.365962143718484, 9.854684622766701, 9.360168024803643, 8.813995995856402, 8.306292302549288, 7.627846779147654, 7.056937326811015, 6.614804308789942, 6.091292923810101, 5.453980507173157, 4.962407338615303, 4.370460528037009, 3.815041499118994, 3.2959635841406074, 2.8595048411301907, 2.3006882475344193, 1.760252701740883, 1.342048289123021, 1.0528198536605784, 0.7716023230771996, 0.4961462401024511, 0.2730346595364848, 0.13172118529815166, 0.05222603019421802, 0.017500627764282538, 0.0028797254637272225, 0.00039075095216495147, 2.988821605315664e-05, 1.6394465844225832e-06, 8.850459535013562e-08, 4.433271231247295e-09, 1.6878110219066548e-10, 7.146949571829121e-12, 2.78135868361225e-13, 9.48817168961382e-15]"
CMAES,Rosenbrock,50,4,46,3.6710962932616234e-15,100785,50.44316363334656,True,91000,"[1299043.915280076, 4111.743360447332, 695.1150097005906, 498.41130227278813, 414.27330058230376, 401.62529893378587, 390.54789535580466, 336.35502272579936, 188.47756837521558, 74.39632907644403, 44.797185073530834, 41.808337525200834, 41.41848026020178, 41.15040097436093, 40.461487062873424, 39.780807374835035, 39.07810351298753, 38.491206033203206, 37.75865981278087, 37.08148348089786, 36.39922581358549, 35.684452240837686, 35.05606300338, 34.47541049788641, 33.771107674120316, 33.14597817546398, 32.60509874134853, 31.89282507511654, 31.16321525933562, 30.54003693484806, 29.972928005627132, 29.289071074160976, 28.754923283170758, 28.20645235621708, 27.642907349400936, 27.13341239426066, 26.51848564300537, 25.92685926981353, 25.375097029716652, 24.748607091703082, 24.201313856539915, 23.632864095958997, 23.133425786925596, 22.76391722659275, 22.218310929971576, 21.705855968899268, 21.190651929931178, 20.71219058042121, 20.2149804269257, 19.651628799983726, 19.076791951742702, 18.512308587748763, 17.91982550107545, 17.30489162884355, 16.74978645399702, 16.303386301437175, 15.819299133350958, 15.294937980524432, 14.731357146278455, 14.247748885110381, 13.745150070257436, 13.074442678840326, 12.53993885674129, 12.041395128204313, 11.382972499897985, 10.737782525493458, 10.362178336083232, 9.911128349336273, 9.328914618891707, 8.749479882518772, 8.045628152060527, 7.518139842806473, 6.89566586040714, 6.411379823955167, 5.9973257604345775, 5.543150153443893, 4.988421876482846, 4.295342154559736, 3.835030108573047, 3.3520878098279563, 2.690434179172066, 2.1732795309117687, 1.6756288713357923, 1.21794773876202, 0.8301941815276199, 0.5544991940692137, 0.33137380505297054, 0.16591139617984094, 0.08320671990179071, 0.03469331451307042, 0.007066084766538619, 0.0008196619223626353, 6.945408455560307e-05, 3.8082353279982272e-06, 2.4215721996175394e-07, 8.435950426309159e-09, 4.764057831485967e-10, 2.1977895805271023e-11, 9.715696099910173e-13, 3.290708651836956e-14]"
CMAES,Rosenbrock,50,5,47,3.9866238543009356,102510,50.790642499923706,False,102000,"[650513.6515263016, 4450.2531091604915, 357.4694231124366, 160.76354296411492, 132.59543508749684, 128.09453145578192, 125.98246185309253, 125.72071276278952, 125.63730484944466, 125.4037423017072, 124.64209621514291, 123.58386314193369, 122.46325233111268, 121.29106959319662, 120.0117635872535, 118.54406954384221, 117.2143155645432, 116.1377804733862, 114.94911314246693, 113.57367559829, 112.03517009380337, 110.6393741389477, 109.14409036260281, 107.7025805631316, 105.79976483857111, 103.88273276920953, 102.04989774398747, 100.34870110028743, 99.06192187407218, 97.85092716347728, 96.60399913168757, 95.36230027893797, 94.01016918286766, 92.61665136521202, 91.13823002722829, 89.27778251901529, 84.76624477429675, 78.12025217231195, 47.537270869499885, 32.19682365007861, 28.871154405556123, 27.82414772380884, 27.534637770253447, 27.224271762255636, 26.732799000058975, 26.181594243155168, 25.657369621538507, 25.11628179091976, 24.47783709602347, 23.80744356656004, 23.272695538832934, 22.64134045314772, 22.085575564011013, 21.481675113985446, 20.975831418271603, 20.456322634312638, 19.889439401213114, 19.279088393641015, 18.64548475701545, 18.084704889748004, 17.60705302828898, 17.04027372927104, 16.484354672507322, 16.107036536626758, 15.673752191044944, 15.17551868452861, 14.710341893846255, 14.169034951129682, 13.702493955878875, 13.24818433583773, 12.686707448760016, 12.135261420464033, 11.572547628662855, 11.055660842907669, 10.532286873642562, 9.943651099599016, 9.443940859006567, 8.967449830922568, 8.517110970272073, 7.966053894231133, 7.390613296593036, 6.819495820700261, 6.4624309386290575, 6.065296631719991, 5.467241883055301, 5.094947158630953, 4.8261727466025315, 4.500239496842392, 4.269303794316248, 4.130699788973608, 4.044805242370586, 4.00378496243106, 3.990312941872461, 3.987225480697825, 3.9866822378681306, 3.986626851344833, 3.9866240053065125, 3.986623859681849, 3.986623854565966, 3.9866238543118917, 3.986623854301285, 3.9866238543009467]"
CMAES,Rosenbrock,50,6,48,1.935268860825111e-15,100875,48.38690376281738,True,91000,"[253751.28307274543, 1482.1763040473816, 104.07465004906878, 48.20351145691485, 47.05448915172121, 46.327500212365045, 45.3391552463878, 44.454607425467564, 43.685482450059204, 42.909347378070706, 42.02874623219562, 41.40330044986386, 40.7023182468009, 40.06113077801376, 39.49636359222701, 38.92126985017128, 38.21117396388027, 37.60717520574687, 36.92393553714762, 36.238745016874944, 35.56843229949676, 35.01339102175721, 34.48635233259798, 33.78368498152614, 33.21929505319654, 32.57981228773382, 32.089124166454056, 31.57965085684333, 30.96908560652578, 30.41010877888746, 29.76171364538093, 29.211784376534506, 28.473838895054524, 27.951013835230505, 27.288967069379886, 26.784730584407807, 26.284213914211133, 25.690338536569843, 25.11895079217076, 24.529509078942425, 23.92074465464858, 23.301711698927157, 22.764833087993598, 22.028886464418257, 21.449762186451142, 20.877656322912337, 20.411273139037707, 19.919415922688692, 19.377474172550386, 18.92141321220196, 18.3227329196597, 17.833029095444928, 17.34473855960446, 16.798702539877084, 16.241976505852826, 15.640692961756764, 15.070589434211929, 14.438077652875803, 13.779452289203842, 13.369749918142757, 12.821425242358814, 12.370701789204922, 11.847479366105855, 11.199645777530591, 10.682554637654741, 10.180695611120875, 9.619958576112563, 8.954340958048155, 8.391442564294602, 7.966891415922666, 7.5222277414405925, 6.97635153234474, 6.552783818537177, 6.038575416136048, 5.5401514903471725, 4.92053762540101, 4.463153935025033, 3.971514229662635, 3.4780837759127783, 2.900723442533745, 2.273451912830559, 1.7662734615815179, 1.3333003223598525, 0.9876386685600411, 0.7296787840931382, 0.4994064808388943, 0.2852608065580675, 0.1458468323241659, 0.06808653133313126, 0.02407322246630992, 0.005517337686890419, 0.0008932885239291024, 8.303777246789165e-05, 4.3814584439669944e-06, 2.8261078728457407e-07, 1.2392822407999315e-08, 7.671708828003683e-10, 3.1878614652459205e-11, 1.1258077053935748e-12, 4.07799503608333e-14]"
CMAES,Rosenbrock,50,7,49,3.3645939110480015e-15,103620,49.29496121406555,True,94000,"[1032260.4753430302, 2957.6051194045713, 123.49336270311383, 50.93280556037246, 48.529361395616206, 48.270265640407125, 47.614573202831295, 46.79394354765515, 45.99111091657666, 45.13871696779786, 44.35669087634857, 43.568776960155716, 42.876122979246404, 42.14953345058624, 41.429610940531106, 40.79699316828241, 40.08849215972313, 39.53768032536521, 38.91869658833986, 38.168745985413835, 37.610488727786844, 37.07532988402663, 36.39842967964958, 35.79806607989745, 35.24294797838618, 34.678082786071435, 34.1039671812273, 33.50850979276227, 32.85375277378349, 32.34033935608472, 31.798009449010035, 31.266500412753075, 30.754958823820413, 30.17268471616948, 29.549617856174944, 28.977941337877297, 28.36506325234665, 27.703185519718676, 27.133002819430388, 26.624864480366988, 26.094887322943467, 25.53209169675343, 24.76118834909904, 24.111623471892187, 23.57806298900206, 23.123473067311362, 22.518087835106996, 21.91110999908973, 21.398255967755595, 20.845733878325312, 20.32149930911244, 19.839154620378363, 19.22438287189866, 18.780424071333098, 18.287308489427126, 17.736340461208687, 17.222316224560984, 16.669701367988104, 16.032802306695906, 15.565401220218481, 14.93547940669106, 14.279993527624669, 13.631669438610821, 13.109341581028099, 12.581194158755677, 12.004755078172801, 11.432121725705136, 10.93529626105345, 10.485656679323258, 9.968801191060182, 9.44074087486792, 8.794669103700004, 8.10812934114573, 7.646032900246339, 7.174749960739631, 6.6189808206672165, 6.163997104277321, 5.7068563591694845, 5.098465415878999, 4.356600112686054, 3.795929173830838, 3.3183872069704385, 2.894094381092935, 2.368996690107646, 1.8009628073887542, 1.2883328267209264, 0.9261444802914615, 0.6612468068557482, 0.42490006995529095, 0.21517043493032717, 0.11329022487731699, 0.05061586506896134, 0.015624303887459291, 0.002973314562248271, 0.00033294961902000466, 2.7020991199849157e-05, 1.2588991209635552e-06, 7.295898582385348e-08, 2.9283049643095354e-09, 2.0200386995608658e-10, 7.284361317419256e-12, 5.18148859776622e-13, 2.4349800529641694e-14]"
CMAES,Rosenbrock,50,8,50,2.634853964008364e-15,102015,49.08494234085083,True,92000,"[935710.1143418688, 4650.566325301038, 935.7590905658052, 441.5565207459899, 62.277405170448034, 47.13087188410676, 46.45348130458942, 45.76425422968267, 44.69262176226348, 43.92398470438055, 43.151166259324725, 42.273914927962295, 41.48251832155271, 40.598179764996914, 40.05116844965837, 39.35141270449549, 38.75163099033942, 38.0424399928037, 37.41620260642214, 36.809200521055715, 36.249326468349224, 35.67223036478592, 35.005068575005396, 34.359834544227525, 33.844704293559886, 33.16173067001281, 32.55456589524906, 31.9994292066363, 31.450233287803034, 30.821111131645704, 30.201642772004732, 29.52249130742001, 29.02572813581942, 28.369363453405033, 27.70843522683497, 27.12430887833036, 26.446788514799845, 25.885503171916955, 25.391214095473764, 24.92877532653132, 24.389607248341687, 23.840468793536335, 23.32903650559017, 22.894336531918754, 22.457444223342048, 21.897506072507444, 21.34358080426462, 20.912083384138548, 20.326970682392677, 19.81737452595213, 19.35253370259337, 18.80809918321998, 18.26060023355363, 17.764715282350632, 17.13691141339015, 16.568623255114993, 16.137311851051827, 15.56571562544189, 15.002607073475753, 14.441422135947127, 13.815579227274405, 13.31995943205431, 12.827903140854199, 12.256025204252257, 11.709340152508398, 11.159521759150543, 10.567937619579173, 9.924968202527022, 9.406234479955412, 8.969676727886695, 8.416812045437712, 7.921386943020803, 7.262107783653283, 6.754847914195738, 6.17589756698022, 5.585444621205659, 5.1180516876667745, 4.5214150271759825, 4.005501841391036, 3.3844803743669916, 2.8808205642450884, 2.3699756506219045, 1.9965791872689156, 1.5902671309407084, 1.1699513060627234, 0.827677302513656, 0.5688708339287197, 0.38136321953355057, 0.1818777402901311, 0.0788077702785015, 0.02807577717761206, 0.00498585123935105, 0.0005428266286627133, 5.080434877843541e-05, 4.3932536035259756e-06, 1.524070992759081e-07, 1.1532636330651546e-08, 7.696283034828932e-10, 2.969014991287627e-11, 1.5327276462716863e-12, 8.166561323548391e-14, 2.861981097636493e-15]"
CMAES,Rosenbrock,50,9,51,3.986623854300935,99585,46.75675320625305,False,99000,"[476300.37277663994, 1764.8067440315162, 216.51549255992745, 123.98433154662888, 107.93144625109218, 54.353466891355104, 47.95485574538505, 47.56390304949324, 47.173079625823874, 46.43373485856977, 45.709569462030814, 44.96424511486499, 44.18313947199753, 43.545027480850116, 42.99405445806774, 42.30203445710191, 41.55318740075025, 40.809770254823704, 40.132920256658885, 39.59200544757795, 38.88711527213727, 38.189940220782226, 37.691076911208356, 37.03056112932558, 36.48428653658135, 35.821121448289894, 35.247212086533104, 34.75645571037238, 34.16171244876766, 33.582599686352815, 33.01262263396499, 32.34239568106424, 31.769491617187803, 31.240877127386675, 30.646758956144705, 30.075937280127153, 29.437533105008143, 28.920504971755257, 28.452044958660796, 27.955516063584508, 27.46310056358489, 26.880777046776885, 26.333139883008897, 25.847679932602748, 25.250526778576923, 24.646673458029472, 24.078376692612718, 23.47899497636476, 22.885724150309755, 22.353515616887712, 21.780675967346593, 21.309724220708745, 20.71021598519418, 20.204334245348196, 19.748682179677637, 19.34690708548475, 18.788050809298706, 18.265782068346986, 17.761962354525956, 17.318042806798523, 16.900715510340753, 16.369386770038705, 15.764678560325795, 15.003822608797442, 14.400119055182738, 13.861143712895467, 13.197471307540972, 12.65200553893214, 12.23607525098178, 11.788821756932837, 11.229132206735136, 10.624052135276184, 10.047163745676587, 9.532907614877686, 8.870592699067474, 8.414109624365746, 7.928735002016828, 7.360202931949493, 6.753674193357266, 6.181948205263476, 5.728132997641428, 5.24431833961593, 4.88122223247011, 4.5733589426322885, 4.363323091432525, 4.211153365318408, 4.095333601031325, 4.029935553966815, 3.99497254103034, 3.988306874835887, 3.98678338934518, 3.986635614012387, 3.986624816745866, 3.9866239160751227, 3.986623858532151, 3.986623854537581, 3.986623854307949, 3.9866238543012806, 3.986623854300942]"
CMAES,Rosenbrock,100,0,42,7.676621147362636e-15,429930,1018.6407661437988,True,408000,"[39204793.51275123, 1422812.5371235975, 26413.82985978064, 3216.4835376601923, 862.122697678507, 400.3800894161493, 255.66793273080506, 213.65588476541828, 203.38032378498738, 201.21202423427877, 200.61093029522343, 200.30895945413715, 199.9873631810136, 199.35521636858246, 197.15839615213648, 192.4295732508096, 183.58830874484434, 167.38102378645945, 137.7168019452621, 108.96296540004374, 98.73240216876944, 97.04434229210987, 95.4914413079715, 95.08129171226308, 94.88342157306418, 94.73505841664438, 94.53208521701285, 94.2632973993, 93.97148699294672, 93.56077667214986, 93.19606865641165, 92.79443326579812, 92.45099344087419, 92.08973519783632, 91.72154873789998, 91.32881370244702, 90.93933312184382, 90.57334482462919, 90.26019137411286, 89.92149291561786, 89.54951801667256, 89.15691047240932, 88.84536478898337, 88.52295049372017, 88.17995776068706, 87.85708546143236, 87.47854999772197, 87.20030491556348, 86.89725149841917, 86.55892788216337, 86.20085366461456, 85.88662653875718, 85.57786548331283, 85.20995991604535, 84.91217870432918, 84.6402490400497, 84.28711022437699, 83.97012622095616, 83.66087735424033, 83.35846716594892, 83.02138568197918, 82.74007053571907, 82.40797318683646, 82.15894169865713, 81.86940581091372, 81.52155988015097, 81.2016538862487, 80.89860614283353, 80.59648150528994, 80.34304976639287, 80.03082227476241, 79.7084019356354, 79.39085415667158, 79.02465000596897, 78.7787461678844, 78.45420317808976, 78.2505795466043, 77.96386892356698, 77.71565734116705, 77.42557810942137, 77.14587646856816, 76.86945980652273, 76.63133450024249, 76.34241013020842, 76.07697319428637, 75.81438005270144, 75.56930032402845, 75.29935965597433, 75.01913004333557, 74.73193742899963, 74.53786580791905, 74.26089108832726, 73.98125265970897, 73.73434711794269, 73.42016719907623, 73.16389199138965, 72.83779971852907, 72.61588697649289, 72.32126740020404, 72.05685699695005, 71.75841665271112, 71.4774183550339, 71.21633200767432, 70.95162005532919, 70.68126913709567, 70.41599380237629, 70.14515424634321, 69.89159260323258, 69.63026235965394, 69.3825338332104, 69.10354303116357, 68.90014683247297, 68.6451764389924, 68.34701641119509, 68.03240605615657, 67.84920821476521, 67.54171952674997, 67.34002059543272, 67.09528941539284, 66.80954081824078, 66.5511195466801, 66.27308448323193, 66.01944249436919, 65.77884249384421, 65.52900407605907, 65.32171405828713, 65.01750262727464, 64.72517887603713, 64.44650782247152, 64.18768498714536, 63.93102358426406, 63.614666449860465, 63.29954699179133, 63.02667606094092, 62.711172947500344, 62.504969931752875, 62.23784537656315, 61.99399096124811, 61.74597303012079, 61.464107598989244, 61.23296758902204, 60.98725493740515, 60.74189760527766, 60.486054677103695, 60.199788537054104, 59.92154145332745, 59.62848764678071, 59.36078618219144, 59.11778325498012, 58.921089476277565, 58.71546541160945, 58.49026072804972, 58.17789640621381, 57.95202403136437, 57.73798403044295, 57.49385574519992, 57.224946506090895, 56.94313387835466, 56.658261546060295, 56.37313870234979, 56.10664839269891, 55.80991295986951, 55.59758285961689, 55.39291262832382, 55.16763779582992, 54.9076669709429, 54.64821415725789, 54.387501847091585, 54.12994048901193, 53.87121829261811, 53.57484184257649, 53.35458797919599, 53.13552059932924, 52.877650612950994, 52.61556012297026, 52.38392744047397, 52.12514903568801, 51.87767505273148, 51.642409367799544, 51.42004001181954, 51.17494609526845, 50.91048763716389, 50.6361906231062, 50.366442771483314, 50.118208503989145, 49.85739109983826, 49.628190675404674, 49.39329570658665, 49.190226372184526, 48.932215707180035, 48.731104466732575, 48.495550176958474, 48.23312627017516, 47.98663539981364, 47.69736322100002, 47.465765723649554, 47.17235028518708, 46.896407347339924, 46.66351302820279, 46.44229499342556, 46.160417054540694, 45.938066296102456, 45.66425994730698, 45.39808726524111, 45.173869442821264, 44.95135168173906, 44.731810396159844, 44.543014463242045, 44.33075037302192, 44.07497112308021, 43.87786174410084, 43.607976940866415, 43.35619786737168, 43.100140112318755, 42.892945479772074, 42.65592246035706, 42.47492908893025, 42.25790313338755, 42.03040253181388, 41.74002223660986, 41.491204824884825, 41.2709752593753, 41.07818803065101, 40.81293019270245, 40.52395575573861, 40.291914242982884, 40.06507322507179, 39.81663852868548, 39.600430848575186, 39.34775860651025, 39.159370737081886, 38.91273870171582, 38.652772375696344, 38.37101710848233, 38.11410979743064, 37.871215000759165, 37.64067692281311, 37.38699294960563, 37.14568586435215, 36.895318037189796, 36.744978377324635, 36.51064978515325, 36.30541804005675, 36.08025065691421, 35.84548142493958, 35.57607441429857, 35.318248688394725, 35.091131430153595, 34.8134381698173, 34.59739484827815, 34.35365383510624, 34.17748677722262, 33.935610219871926, 33.73188120956278, 33.47485291823328, 33.22332869921459, 33.000896819100205, 32.78703146605726, 32.55457253290834, 32.291717870064076, 32.03517247244711, 31.79978560577976, 31.554370143609994, 31.274217744873773, 31.054834585184963, 30.83223400039673, 30.641306186113177, 30.331684172359413, 30.08891172186292, 29.8761511789521, 29.604012741042844, 29.356634745803003, 29.096938247032515, 28.881947920576682, 28.62575981272953, 28.416951276697404, 28.135240336637462, 27.972875264801747, 27.745277945764972, 27.49805367265172, 27.317244566988254, 27.093753772625483, 26.858192498750824, 26.605322743681043, 26.313704517826302, 26.06920863943864, 25.877108435220183, 25.634100305997165, 25.415023613814473, 25.197467123799203, 24.912731562305414, 24.678861147134764, 24.401420502458173, 24.18626408396176, 23.942034487247092, 23.732642121347112, 23.49908809450622, 23.257958711975796, 23.02552673795982, 22.773940066744643, 22.568851866075335, 22.36247460187932, 22.116681070921942, 21.88227010370919, 21.69066974818732, 21.493021320629268, 21.23049530373817, 20.95229190178177, 20.74990834781117, 20.54508437559594, 20.29423900958946, 20.085551189969223, 19.889475922293418, 19.67163670525156, 19.430308739060823, 19.1777026623219, 18.993044484808706, 18.761075537429434, 18.502578925028523, 18.301024219645573, 18.090641355589643, 17.7965178094129, 17.542225392740686, 17.244446056622625, 17.014664291648, 16.773420284941725, 16.535762754055817, 16.325510556332038, 16.118483894981715, 15.900167055658816, 15.690408600395553, 15.480117096867126, 15.235960913594, 14.945829590973624, 14.706409455445657, 14.450275789620395, 14.22471516617551, 13.994000452866334, 13.74101996673312, 13.525698978036125, 13.318025106331254, 13.100298872644576, 12.885625398807006, 12.711429022451842, 12.539918749907184, 12.349758628717689, 12.15764303527072, 11.941838769352591, 11.709536592812658, 11.464853326919592, 11.194856089669349, 10.953372421052908, 10.71230609315358, 10.447763183762536, 10.195277045143333, 10.0058130758014, 9.796642789200389, 9.585927279595593, 9.371021122283967, 9.136693767729891, 8.874938162027462, 8.566048679314708, 8.334500064314962, 8.103990795065755, 7.874161809075123, 7.6826043967206505, 7.452891318343518, 7.220796525941235, 7.022784403225819, 6.778186296415149, 6.549866762195886, 6.280844343512469, 6.0143934989299614, 5.75567066187249, 5.488096940741536, 5.236637229897478, 5.014500194253519, 4.790851144137289, 4.572164055475446, 4.239796233111601, 3.9361052936348604, 3.669653071940563, 3.384869922702468, 3.149268808935309, 2.8607944362319744, 2.63321688182025, 2.3926028131743706, 2.135522379467042, 1.8858030639446195, 1.6803754213264324, 1.4843919832477988, 1.3236621708294571, 1.161923270840387, 1.006388961620268, 0.838421857801137, 0.6811879295404905, 0.5675711918370401, 0.4797008188062854, 0.3942930450999495, 0.3158275179786758, 0.248066761774749, 0.18442670646433623, 0.13323419831323735, 0.0928425291793269, 0.05752755434382331, 0.03590329850655273, 0.020278190575957138, 0.009218047506821352, 0.0042959329137183195, 0.001956146652896961, 0.0006800661927017589, 0.00021244496797810184, 8.705978105245144e-05, 2.667118514815405e-05, 6.277818738145144e-06, 1.514926322946383e-06, 4.981827210460964e-07, 1.4929838488465268e-07, 4.957458541484249e-08, 1.0650600321129313e-08, 3.11334428214774e-09, 5.845780759227429e-10, 1.2786381836814248e-10, 3.134502836555829e-11, 6.652553164837859e-12, 1.469947280228534e-12, 4.035168079542485e-13, 1.0521716776791403e-13, 2.6912088805509728e-14]"
CMAES,Rosenbrock,100,1,43,4.353396098616525e-15,416092,973.7654898166656,True,395000,"[39306350.049554996, 1124073.6020771791, 38898.42805817324, 3924.9564310919245, 1846.9936457692365, 1200.518912673519, 922.7026297816979, 585.5331452078716, 212.54689632930294, 120.94041679884128, 100.8205757020794, 98.02288695285203, 97.63194658236725, 97.42308930504379, 97.12455533076952, 96.62198417693469, 96.1850822830868, 95.64702975967101, 95.10712620553565, 94.63362960594448, 94.0711852136969, 93.6804540248494, 93.25467287637544, 92.78197446747748, 92.38393424317636, 92.005171849811, 91.61928889980348, 91.13560595118646, 90.71079812565378, 90.39381007677102, 90.00413467112607, 89.61374973092778, 89.28068841963935, 88.94728430080605, 88.62110546515235, 88.28765023181629, 87.90875573094355, 87.59062418088615, 87.26695732884612, 86.90354590882414, 86.5981217594615, 86.20916099899014, 85.84500720843928, 85.59962141798049, 85.19707171362633, 84.869542202079, 84.55082309177637, 84.23633701278354, 83.91502943716343, 83.58534144381925, 83.26806070242449, 82.95697191698436, 82.62449828357644, 82.29799501660811, 82.00847744471264, 81.69373726229735, 81.43370624440902, 81.11506457102061, 80.89256297571426, 80.62935865419124, 80.32078441421875, 79.95423767967672, 79.68241847815203, 79.38044903304018, 79.19202572594078, 78.85561595137938, 78.59691612781009, 78.27458463639461, 77.90183936639511, 77.624257731123, 77.35853561500915, 77.07231061764575, 76.82025630961007, 76.51452697170599, 76.22839952271966, 75.93976141774253, 75.68176949762297, 75.41209056066471, 75.11396843654599, 74.80019120426083, 74.5048989315469, 74.19309407746518, 73.99073393167642, 73.71602176602755, 73.45739321862615, 73.20657788121106, 72.86807237639998, 72.6104711466822, 72.37048481873002, 72.05246573833361, 71.77258428522147, 71.4756415091073, 71.21576594302623, 70.99644841382506, 70.71743122871425, 70.45160437525944, 70.1397442518987, 69.86438839378535, 69.54668835565194, 69.30141213225394, 69.0539437721067, 68.74932076831593, 68.49884501232293, 68.20090334507165, 67.88945466034602, 67.68159452130327, 67.43751769829326, 67.21233775051992, 66.97712549168654, 66.71659432408029, 66.51033175627926, 66.2577514847524, 65.99199749091777, 65.73179101170857, 65.48367217085617, 65.19206190719966, 64.94034063812799, 64.58209910040786, 64.33016486035213, 64.06927152199573, 63.82427976908958, 63.50080964813151, 63.314041628650486, 63.05696900596239, 62.83578406901658, 62.59592692025921, 62.351386307886024, 62.05775372949363, 61.83978836078436, 61.52579826394897, 61.27187586869476, 60.98987725175342, 60.709992673046145, 60.48794140173894, 60.25642908014739, 60.001388099730605, 59.744136431932155, 59.48337143755886, 59.23990904612054, 58.98187699271557, 58.67865843141856, 58.41876805349109, 58.19975600836328, 57.918509913175505, 57.69743617942585, 57.39795490823332, 57.188328135841275, 56.957536450212515, 56.69714510559246, 56.401246227723874, 56.105002391565066, 55.86615712050342, 55.622409854038175, 55.368583363921864, 55.10391953894823, 54.80304334249527, 54.58793049069271, 54.32230933632426, 54.08398311045071, 53.829753965812785, 53.606030047520775, 53.348059981934334, 53.13166599894747, 52.876568671340976, 52.649298247517116, 52.40588906824532, 52.1230781967509, 51.8472466155441, 51.62088262039999, 51.326799324482046, 51.0603866260211, 50.78919098685886, 50.54241675279243, 50.284801025786734, 50.00640762091432, 49.72591310850383, 49.45071776025438, 49.20495055683181, 48.99373124071497, 48.75272844224016, 48.515748743287055, 48.23824238936938, 48.00475491760999, 47.76484576521855, 47.53729716342558, 47.290220260211754, 47.06445224107822, 46.83176725092799, 46.59850579562686, 46.3635756290642, 46.10324241452218, 45.82144767783411, 45.549846403923006, 45.30601418975039, 45.05285056173766, 44.81399370827245, 44.577735450014686, 44.33446201669626, 44.10425300366333, 43.86149956820022, 43.61958785521889, 43.39656235604532, 43.128706754446085, 42.88728435752701, 42.61806227544431, 42.34449425669703, 42.142776867422555, 41.94346350344296, 41.74328205445845, 41.46710343279831, 41.21219772543509, 40.96829657150037, 40.7567013580492, 40.539561530049305, 40.34681960515651, 40.078427660241445, 39.851344894153826, 39.53199012024808, 39.31254471547799, 39.08830229106116, 38.83684884217195, 38.59800579182368, 38.40058059967511, 38.131116580928726, 37.94746980107843, 37.73722531267121, 37.42860634462563, 37.233311278967406, 36.980517053000376, 36.77204957619846, 36.499854197050325, 36.3216046475264, 36.07664254265018, 35.82083714512546, 35.59827808293199, 35.34456223698499, 35.06739269249821, 34.83653871299955, 34.58694920788876, 34.34921242013455, 34.09475611501553, 33.89778293829556, 33.60916945875446, 33.31876054458096, 33.100893040089304, 32.80157454882815, 32.558470372274634, 32.26272483146106, 32.04058886626116, 31.769402911612115, 31.503086011589374, 31.3429670313877, 31.097672313340354, 30.840548454671087, 30.545201115771857, 30.319386986946427, 30.06742918687412, 29.818178026624217, 29.602412894910717, 29.397740920872785, 29.15019143926718, 28.878272951830173, 28.607156973922688, 28.36221451153478, 28.13814944019778, 27.9338434234573, 27.73227506048855, 27.502349758993997, 27.254095982256228, 26.979224162432015, 26.68500259257111, 26.444320661975592, 26.207464697844266, 26.0010267202348, 25.781427994392693, 25.49244626156806, 25.208963217476306, 24.95021846332906, 24.713535281748328, 24.439720508218798, 24.170302231825453, 23.958567365342624, 23.752927305885134, 23.564213161079998, 23.328674521760977, 23.145082919115968, 22.84873107909952, 22.597721142745847, 22.35376173886483, 22.16387748494507, 21.93651559863904, 21.724386910386315, 21.523556542321845, 21.276644920239423, 21.025997673488444, 20.73334207399079, 20.461995257578756, 20.25640520511962, 20.032264257759, 19.775370031088986, 19.536945003713335, 19.26562235098263, 19.056163897896113, 18.811976944868114, 18.566381272778703, 18.302768643160338, 18.113481355446645, 17.91347032218963, 17.705852661887533, 17.431514830155916, 17.217981623402483, 16.947126544632415, 16.71810296718966, 16.48153779188801, 16.245201166904945, 15.960113004429859, 15.692158425517611, 15.444383824486192, 15.177569560658332, 14.96920419120185, 14.74802280878251, 14.5605427291095, 14.349968600623972, 14.098221950916917, 13.828606847094136, 13.547693205672823, 13.374436266390635, 13.19207902835839, 12.97730865854262, 12.73367372180155, 12.51611911951127, 12.302283541667025, 12.047739023240064, 11.833768002037656, 11.586355327144403, 11.397201473536652, 11.205503165730764, 10.995878734877353, 10.757436964273326, 10.493407626571985, 10.191481420263012, 9.849074004533302, 9.619845436179473, 9.307530583129315, 9.082637109371296, 8.876215091149119, 8.638709610990695, 8.437843403750238, 8.21860062451526, 8.019687102053501, 7.778980857914171, 7.539046817323187, 7.31315167583676, 6.984112471920401, 6.818856524222507, 6.572327383659404, 6.371648379661165, 6.105978391283889, 5.858189129461075, 5.601312755127085, 5.355330267621917, 5.1526399813244, 4.897011923465955, 4.690419510377302, 4.4829323347138015, 4.260648420217158, 4.0766427728849415, 3.8294307270775425, 3.5990047342036546, 3.322343605382987, 3.058143894057258, 2.781504038596542, 2.5359872190130686, 2.3642393696381907, 2.143666002719775, 1.9539079634640948, 1.7421246464024678, 1.5330630162106917, 1.3167302704797867, 1.1177834469397667, 0.9587568488519119, 0.8189953829673579, 0.7104245688665085, 0.5889494215020702, 0.4851927834196362, 0.3807844415023352, 0.3012309705478433, 0.22674895222417982, 0.1718428690535072, 0.11304563757963962, 0.07351030952117157, 0.042782133403529946, 0.025112969693123904, 0.012613506102198422, 0.006681451115945515, 0.0029910531025447553, 0.0012640657822261246, 0.0004478062895535098, 0.0001555463790821043, 4.189711101197565e-05, 1.1171340775834716e-05, 2.102685111288569e-06, 7.84143410115881e-07, 1.607462443000858e-07, 5.11131437984398e-08, 1.2773540916491004e-08, 3.0295902586360524e-09, 6.809092446710571e-10, 1.866489464892062e-10, 4.13593905160186e-11, 1.1216811879667997e-11, 2.364172010916816e-12, 4.554631139346492e-13, 9.662122579193472e-14, 2.394920467064795e-14, 4.961543260467019e-15]"
CMAES,Rosenbrock,100,2,44,6.296474361261039e-15,413865,994.527993440628,True,392000,"[55734217.463524625, 2155892.96248525, 87780.03303854703, 6010.6755899822765, 797.2152801982458, 269.14240849634365, 116.48178185008773, 99.82344920052599, 98.20438575854787, 97.92822771012379, 97.76840428877159, 97.55993065287707, 97.20252488347384, 96.74815908068285, 96.24687839460552, 95.77411670069532, 95.2680740645695, 94.81895142520962, 94.36616607019629, 93.93701482740046, 93.5289783843212, 93.17158808683823, 92.7716608171319, 92.30868800608384, 91.87579459188784, 91.54048375817558, 91.23473754569757, 90.78265491339789, 90.3794781547213, 90.0629150847827, 89.7041627246828, 89.3762533531987, 88.99583048832957, 88.56474543026769, 88.22560365445888, 87.7981580724738, 87.45557700214566, 87.162364378254, 86.77790609104163, 86.44542398406061, 86.12196308113386, 85.84233283008953, 85.47672400879777, 85.10998884370152, 84.83368938812225, 84.5567547631289, 84.29639481167588, 84.04327377875157, 83.69670999206768, 83.44650233503802, 83.08681535919948, 82.73577094277258, 82.45606377570218, 82.16032970421311, 81.89160264771238, 81.58043628705025, 81.21946059959012, 80.89858137303695, 80.60776981568078, 80.26283091431114, 80.01776344686252, 79.67709511059665, 79.40722348977948, 79.08816472594324, 78.73616502115107, 78.43618258524333, 78.13660434152763, 77.87197203255758, 77.61186180665267, 77.34902314649949, 77.02305472508442, 76.64237475214505, 76.3522539952531, 76.09504991430278, 75.80171708598351, 75.5012556181066, 75.17683776427091, 74.89332614066737, 74.59336971756483, 74.36504169217652, 74.09127005227752, 73.81030292000537, 73.57445680160568, 73.28911174409455, 73.04071433433187, 72.7263153604015, 72.42981153662218, 72.07182423679791, 71.84765346701279, 71.61581780456821, 71.32173068990514, 71.07384997257563, 70.81475262584985, 70.51483351575021, 70.30515354209457, 70.01628190231601, 69.73281985722537, 69.45689802724206, 69.202867036858, 69.036500608725, 68.70688797969382, 68.3871579641355, 68.08558100309595, 67.75807330914866, 67.4935959926494, 67.20297095552388, 66.93130962530303, 66.64105730193937, 66.36434139473816, 66.08619399502234, 65.81276855016374, 65.54754690752036, 65.26700693491038, 64.96116484729608, 64.66104192821038, 64.37966154946773, 64.1376291735824, 63.91859132201285, 63.68199088472355, 63.42104019636085, 63.189220958191875, 62.942797748361286, 62.71814705909093, 62.4357868742552, 62.197343051270195, 61.952711207963375, 61.68233598300598, 61.36570567745387, 61.12576573239247, 60.82999555865735, 60.609198033164816, 60.3588933938876, 60.14722768225061, 59.86015732430576, 59.568992480677785, 59.301897080689955, 59.04828991253239, 58.841614058597386, 58.628846086875875, 58.37516646873304, 58.14702009525663, 57.922466677238546, 57.635111774339435, 57.383665097460955, 57.103300940015565, 56.85055141691972, 56.56994583945423, 56.34735545909357, 56.111273398847786, 55.87638120900259, 55.59538331275331, 55.348266136675754, 55.10796416774311, 54.83794801110035, 54.57679891990016, 54.26236301623255, 54.01499057474933, 53.78783321950293, 53.49051153947303, 53.26402855777107, 53.053367874799854, 52.8022708673783, 52.52500408356356, 52.23189681022585, 51.97744023690934, 51.75508643552383, 51.505951770609634, 51.22975979582595, 50.984619701374626, 50.75722327556417, 50.50511343654245, 50.288469490422045, 50.04807233779348, 49.8124812518795, 49.56925176408651, 49.34709311401318, 49.129745827678676, 48.93211273121348, 48.72197317995516, 48.47562619994976, 48.23413294805039, 47.94228906722898, 47.703077425904695, 47.48572710253108, 47.22529057021467, 46.982621117521305, 46.726797986391134, 46.44840873036535, 46.17730941054354, 45.95127307954887, 45.735513936862404, 45.53299501575256, 45.30797451005355, 45.09328509867639, 44.841317806591384, 44.55384939569336, 44.246496120294836, 44.00399182204358, 43.6823948185736, 43.427290028472356, 43.18874684561576, 42.93221410880634, 42.69228693568603, 42.46969328614614, 42.19445045553584, 41.978908048072164, 41.751156337127426, 41.54312429645679, 41.32496656659341, 41.09090775915902, 40.865577644451186, 40.622250484047015, 40.35436015791436, 40.1252430783649, 39.937431668378544, 39.72088794095329, 39.44852202956391, 39.18799452260898, 38.92254686018793, 38.675448460659034, 38.41048187418457, 38.099474565674406, 37.827824480392024, 37.559826654373936, 37.28029436724602, 37.05653882774205, 36.80181828298995, 36.554372088949115, 36.36811736351894, 36.13073820625141, 35.895703277416295, 35.684375351005244, 35.465816958491004, 35.214649323680064, 34.90168569695507, 34.66535635528268, 34.45473896463528, 34.18525462609197, 33.93226332310078, 33.67255162940638, 33.37658194205401, 33.11646296406438, 32.901820033129724, 32.65228484782946, 32.37204475488753, 32.173287616842224, 31.97306916977941, 31.761902817857152, 31.589126523349744, 31.379896591421467, 31.15048215312806, 30.861767568298788, 30.590656713291953, 30.34851708688801, 30.117268426998397, 29.886755634146482, 29.64345127926151, 29.44394823267353, 29.216881979039375, 28.994433126630668, 28.791589845609778, 28.517630410962585, 28.260120293985022, 28.05349947727569, 27.805061853990903, 27.564952393067966, 27.322741676957065, 27.064042165333568, 26.83096744401821, 26.51467433348788, 26.317217581391898, 26.06192930712709, 25.757385225097682, 25.47858816825431, 25.160181381535462, 25.000542298433473, 24.7754666207155, 24.587145488803188, 24.302319733403994, 24.102833565501996, 23.87385934927545, 23.631891435244626, 23.359126503260494, 23.10940974784513, 22.833124365544954, 22.514051640469635, 22.286497839520067, 22.019859640400632, 21.762009094038305, 21.542789411539555, 21.322502208428727, 21.123690538088827, 20.874020322512024, 20.6339276940257, 20.39785586019822, 20.133675043370687, 19.8678284281958, 19.601102697822416, 19.38759406031715, 19.1837793132171, 18.942901325905577, 18.74065125930668, 18.503927887190674, 18.25623931105236, 17.9683926031067, 17.705985572909015, 17.444532641606898, 17.2200108578962, 17.03844151576747, 16.80649841285978, 16.567965480942114, 16.33192534515019, 16.110728491527233, 15.895859203080796, 15.655835310617723, 15.424446939372274, 15.171368659850293, 14.953961656226872, 14.757863528397145, 14.531769430324823, 14.312075330174432, 14.059381994423068, 13.867290945288575, 13.651173743261275, 13.446332820745, 13.230448451305206, 12.985649594178968, 12.727563808227996, 12.5040233243308, 12.322093592544332, 12.10145378291448, 11.891213080063139, 11.665305158165562, 11.446785791398746, 11.20638444802685, 10.981984675600746, 10.767443254249969, 10.491325152362494, 10.247120170392972, 10.020022576871536, 9.795760641772842, 9.62472550087498, 9.377114459835127, 9.142196945672874, 8.846478384339694, 8.60620692107035, 8.393601108214426, 8.147943632508552, 7.9339091565659565, 7.710165837737393, 7.46742106376955, 7.247922289011882, 6.975506773776946, 6.774060123650551, 6.513187898279407, 6.24366813536453, 5.986238303577167, 5.686651898901182, 5.379673574317378, 5.1278391458980455, 4.848589349038809, 4.6171886533511035, 4.390475685383491, 4.212668904608045, 3.9637278513480965, 3.750812144382921, 3.507181965546002, 3.271288491251674, 3.0138979073329146, 2.8039217012684903, 2.5325227989283663, 2.2818967914974535, 2.0430893756713067, 1.7959037198162835, 1.592523909517984, 1.3567325369436711, 1.1939365822815593, 1.017909237717114, 0.8758893467903184, 0.7465415848902786, 0.6178847749499278, 0.5012275684369822, 0.4076320792629003, 0.3242437036820611, 0.25120165808495276, 0.18075444827379145, 0.1277095791265771, 0.08349811605074214, 0.05761739107146971, 0.0326551375999529, 0.01911228316054865, 0.00853043413134859, 0.003539222229489564, 0.0013785718181338609, 0.00040145764989601334, 0.00016450629882729548, 4.1774346191973285e-05, 1.1851745516786734e-05, 3.634991258751513e-06, 1.151356089438651e-06, 2.922434073991028e-07, 6.948588250378052e-08, 1.7733829643634655e-08, 4.31612712690836e-09, 1.0966532195527703e-09, 3.7439205204062833e-10, 9.096519274090384e-11, 2.340696436624716e-11, 6.8441419525639035e-12, 1.465167494887503e-12, 3.6686644409701554e-13, 8.362267217555213e-14, 2.1192863547782363e-14]"
CMAES,Rosenbrock,100,3,45,5.669202930149026e-15,402730,946.0086750984192,True,382000,"[34424861.19431792, 796809.2139158779, 16495.62809084461, 1667.66606803833, 377.1372436477696, 141.46328932068832, 103.72172621943949, 96.99078852003629, 96.12660492568516, 95.87714320363484, 95.64027438716774, 95.16253241669159, 94.61508855753885, 94.01132214330144, 93.50352808402553, 93.04699575162954, 92.49218979739572, 92.10326205969318, 91.69641140801194, 91.32778703355892, 90.8662051845447, 90.41518506164671, 90.02071601079241, 89.67038679931656, 89.24109260369754, 88.87770508358315, 88.43690724437594, 88.1228392676938, 87.77680816416095, 87.50118858045548, 87.12930256912094, 86.74855145496457, 86.39376839187192, 86.04692882361378, 85.69661093438813, 85.34233132784098, 84.96496968606594, 84.5917496869643, 84.21618568426156, 83.96691819557795, 83.63380116042234, 83.33048392196073, 82.98843462153687, 82.60202650456213, 82.3496130783946, 82.05699929514077, 81.69743993764853, 81.42939708427424, 81.09309080084259, 80.82652835219494, 80.48592379865248, 80.20954486838794, 79.908115713598, 79.65667686743822, 79.33923040471015, 79.01700037032977, 78.76601666650618, 78.46538466004978, 78.19947336844324, 77.88831892484617, 77.51790683105018, 77.24572553790333, 76.96953511839646, 76.68839433021023, 76.37240794523532, 76.10439822713019, 75.82688101909542, 75.54499159214826, 75.28222802611816, 74.95304167287871, 74.70422448273328, 74.39720857756318, 74.07892524409539, 73.81266263892097, 73.53282501453208, 73.19368295190147, 72.89538361617203, 72.64840206425671, 72.39172904781695, 72.1206707793414, 71.833519180878, 71.54705950288516, 71.26075911609469, 70.94053839393158, 70.64038152422103, 70.36521905768892, 70.09169169804278, 69.80465661648037, 69.58919097167933, 69.28152703058946, 69.02596515741064, 68.68561930072217, 68.4121916641507, 68.13433845861182, 67.88841605035547, 67.61177811481994, 67.3516589773753, 67.04863099039038, 66.80295246737728, 66.56626054775344, 66.26514850228368, 65.95642467106211, 65.68158336077819, 65.42400727297101, 65.105454271356, 64.84371009109758, 64.5656230064579, 64.33309175528075, 64.06781755854857, 63.845946793026435, 63.56634203804154, 63.36964836327753, 63.1170717185558, 62.86940394876981, 62.59132595652469, 62.34919668857137, 62.03806936294376, 61.761915917095585, 61.496583957398634, 61.23535101119295, 61.00469031700671, 60.72333111693781, 60.4900653668759, 60.236277891802004, 59.97497344340531, 59.72516214768652, 59.40717136806629, 59.15708937785965, 58.93647290042103, 58.66074242988157, 58.39922879567132, 58.10484792486647, 57.89913624629567, 57.67844390971489, 57.41224245017784, 57.14659561169445, 56.906350748219495, 56.60200998032607, 56.36815440814586, 56.13810451710104, 55.902435247716575, 55.657494096714764, 55.4078699651917, 55.15648131240596, 54.8842676371369, 54.67665199311777, 54.39195134160534, 54.11365648905686, 53.84172830482767, 53.59024468397857, 53.29073492002846, 53.02617309120421, 52.811028014699836, 52.55526774198914, 52.32473181116931, 52.136502560300194, 51.88749911544232, 51.594950995097804, 51.334718846892436, 51.059116783871104, 50.84616985016725, 50.62017922712338, 50.38998952144996, 50.10947549917847, 49.86689553341793, 49.65658514124577, 49.42254119005438, 49.224635852607044, 48.89948972780953, 48.65847692486238, 48.41253829681965, 48.14125714470287, 47.8824500196728, 47.64103088109596, 47.34056835510904, 47.03873150093646, 46.76647532653301, 46.52320094686043, 46.23058588366324, 45.949733135869664, 45.683831867056035, 45.46632051188038, 45.235250446997846, 44.984071361367015, 44.69290941518812, 44.41543451612888, 44.15216912261779, 43.97471764973724, 43.742894443037606, 43.50443821746005, 43.222315961053376, 42.96220812343101, 42.674757552994855, 42.39297297300317, 42.1459317949462, 41.900474564947835, 41.688596679846505, 41.47624431271339, 41.248173133601505, 40.96690369029144, 40.73575281323725, 40.50040142925454, 40.27525371345424, 40.0594479170245, 39.86307179107453, 39.624294360379395, 39.39948698677983, 39.16404943985454, 38.945353470929916, 38.70046304833961, 38.42066849512115, 38.18383676895684, 37.92928412207312, 37.61919667359519, 37.33205450157616, 37.115745821380585, 36.9004035025858, 36.69062557453918, 36.44745615108537, 36.17229660536353, 35.930388609005625, 35.631601222961706, 35.346250965142765, 35.06996196259093, 34.822306089942074, 34.57367301382272, 34.33464723978672, 34.113573910190084, 33.905650311642425, 33.74084315692119, 33.47492586465779, 33.201992410094356, 32.94563287480844, 32.7426632344969, 32.482555849442335, 32.206170895754795, 31.89698505621893, 31.625584946323936, 31.371730782184315, 31.14228023201715, 30.940456334946226, 30.71446252877166, 30.457695584758095, 30.188020037497864, 29.960010784285256, 29.72357918619166, 29.419770014932496, 29.1441432481916, 28.91949221742525, 28.684403780473055, 28.4637445467724, 28.263742457518845, 28.021790957139537, 27.772180912500303, 27.531965234009107, 27.326663798794996, 27.067856981400645, 26.80347278023071, 26.566790201327677, 26.321309363517834, 26.072988796170115, 25.78980200645773, 25.57728247881724, 25.334063023896242, 25.080493710978413, 24.81756200185211, 24.597205399426723, 24.343572387834087, 24.140914697479705, 23.932252116669062, 23.668330269413154, 23.417548871757248, 23.199294690262025, 22.931547139996905, 22.72634108447, 22.50964800526507, 22.250715017766595, 22.002308011072817, 21.73288218048916, 21.47084123713159, 21.17497222432841, 20.91857466052163, 20.67328327021139, 20.460159193067607, 20.23159551273378, 20.050644488437634, 19.803439894211365, 19.508282606109717, 19.1910385234574, 18.921357646521543, 18.672978274742785, 18.443576214661974, 18.24483276731041, 18.063898442954727, 17.831588497796385, 17.52758908218309, 17.302310807579683, 17.0542232874098, 16.84121622442905, 16.598583509814333, 16.41683235419879, 16.19306265442942, 15.965088655663674, 15.736419703587552, 15.509374148405097, 15.288513440466213, 15.031401711948334, 14.759694174869763, 14.54834253256357, 14.25696453257345, 14.049104192201264, 13.802555472583123, 13.539111179509959, 13.29365487099217, 13.061835630052851, 12.81912758222394, 12.605224365468867, 12.355164238904903, 12.119700357128044, 11.877658517419002, 11.630385197552183, 11.404361952488898, 11.147186530730925, 10.919933147731381, 10.654362965901335, 10.469777218707, 10.26007239520841, 10.047690413549637, 9.817348322954576, 9.59884876227991, 9.34290741939523, 9.11767195327226, 8.882071901506535, 8.617736594292028, 8.353707200042644, 8.093345957330076, 7.81995621506596, 7.625772057103653, 7.338706328542182, 7.090795897521862, 6.85793525482245, 6.620784686973836, 6.4235987724594406, 6.197935380362643, 5.997504838939527, 5.696105184518459, 5.438401321935213, 5.148846405331662, 4.864566542128529, 4.653014648732521, 4.4160503055893665, 4.209758000310287, 4.009040222097426, 3.794774162691307, 3.56053574587983, 3.3281823603794756, 3.0503158311952303, 2.787793096729748, 2.549352227446792, 2.366093360888037, 2.1354415933950923, 1.9039213843137146, 1.6544960553658852, 1.4532731395053502, 1.2787409906163267, 1.1164712617420536, 0.9895178455610738, 0.8789674023508639, 0.7502103013828949, 0.6416262501802983, 0.5200164563883556, 0.4070507539080014, 0.31925274129931924, 0.24592575022264254, 0.18316075474577642, 0.13059973531387317, 0.08907421737395074, 0.06161699819390658, 0.037231301456415025, 0.02136096628268311, 0.010961110385544271, 0.004595239619897669, 0.001829350490516569, 0.0006060170779978533, 0.00020375584146688336, 5.759796005765698e-05, 1.6395619945035745e-05, 5.0577603194115045e-06, 1.1590114365069948e-06, 3.1198222209031984e-07, 1.1913159264203397e-07, 2.418300344440673e-08, 6.4172694946386425e-09, 1.8837114417835583e-09, 3.5921743847982877e-10, 8.880809196624941e-11, 2.1261175445885375e-11, 5.636383511993864e-12, 1.132422555860376e-12, 2.424945569864603e-13, 6.611362837134316e-14, 1.6741036963073483e-14]"
CMAES,Rosenbrock,100,4,46,5.719753046474965e-15,407541,982.9386763572693,True,386000,"[36465694.636768505, 725282.4375003532, 26148.72805412055, 2258.3712896122506, 382.48583967302443, 147.8960269095181, 103.53298873977865, 98.08965876686399, 97.50446255107298, 97.30653156862721, 97.0774153580775, 96.67631825508099, 96.03134350065464, 95.45026415365543, 94.87483959820601, 94.35209972844228, 93.8830505762238, 93.42683307318711, 93.02857324080087, 92.60280828530404, 92.12484772945596, 91.64597366211122, 91.32556590880998, 90.97425013029924, 90.55579889607313, 90.15435081267402, 89.74842760362351, 89.31289260645057, 88.99592427569166, 88.63217002462312, 88.2636280214985, 87.90245982761218, 87.51478273938747, 87.17464639339626, 86.84041270245513, 86.56234553404639, 86.15699436265535, 85.85705202340684, 85.51377350820742, 85.11289062090582, 84.84949470486897, 84.52713912311816, 84.21493606943145, 83.91223050220746, 83.61699693180155, 83.24349169286566, 82.94333769838602, 82.60711317896532, 82.33086202624106, 81.97262357903999, 81.63153174600701, 81.3086443581066, 80.9657129901967, 80.69412273990677, 80.35208796980186, 80.05134435353588, 79.74022630472398, 79.38348127496309, 79.05552555192826, 78.79752965884074, 78.5451753554939, 78.27340295209785, 77.9317910742078, 77.66290140951365, 77.3371797335731, 77.06883182183917, 76.77723714403383, 76.48363353837655, 76.22050390736807, 75.89624081037138, 75.62531616962553, 75.28463380935698, 75.01293125299951, 74.74358253395374, 74.43805819249188, 74.16383469531789, 73.85256318718501, 73.56376065062857, 73.23592292450859, 72.9380865098283, 72.59704133548584, 72.32730932136607, 72.08159808633894, 71.81466373541316, 71.57289348942805, 71.31302373064297, 71.05961763500697, 70.7774638392246, 70.44784762598604, 70.17425878628548, 69.87390128662376, 69.58451382601427, 69.31329803510592, 69.0334579045157, 68.7439530705504, 68.39931096916987, 68.12824570563089, 67.84746060144445, 67.58350150208908, 67.30627384346862, 67.03649751277092, 66.7892869644964, 66.54443999417256, 66.29471214096404, 65.97845924728122, 65.69397792330764, 65.4336809059116, 65.19876344902032, 64.92189413227733, 64.66040489798218, 64.3508402329525, 64.07031948038421, 63.86341708235154, 63.60711111077515, 63.361585599190505, 63.122258540812346, 62.861923356776074, 62.58059669191567, 62.35633102382486, 62.09984191878791, 61.830345780531815, 61.54219519238613, 61.28469400980505, 61.040979065714694, 60.7374345992059, 60.411361548491314, 60.14935708868282, 59.95154859043531, 59.68346649720289, 59.46001358363195, 59.188318066404236, 58.97023009271079, 58.70687002547278, 58.43658795122495, 58.20565336277524, 57.92380591929688, 57.662937435093355, 57.339169194301164, 57.13823105256501, 56.86783126695561, 56.600557066967184, 56.31298029142866, 56.05348048222707, 55.84366448573077, 55.55425242974618, 55.296022157963044, 55.0550210301073, 54.829110169338755, 54.58482666011012, 54.334296352547966, 54.07875098055262, 53.84129398059749, 53.6113492552521, 53.312336000455005, 53.05936533902348, 52.8050905298898, 52.54018912934405, 52.30021529051453, 52.08290230859149, 51.86152653972212, 51.6053568140046, 51.34933024145031, 51.09071262336331, 50.815254607407546, 50.528267964389805, 50.253463282190495, 49.994849417698966, 49.78049860382019, 49.56735833568032, 49.367321991401944, 49.134663514048675, 48.85540892030789, 48.5847713812597, 48.30982120161361, 48.09847527495056, 47.81857433183586, 47.54940197320479, 47.30810347368204, 47.037119575265685, 46.79790255792252, 46.5219621147236, 46.24113656575755, 46.00037271247529, 45.793734648341896, 45.548793813731905, 45.28604111348338, 45.03634705312067, 44.81823867780799, 44.546373838717734, 44.33652300404925, 44.05516644510499, 43.76280049069472, 43.46073695279154, 43.16576958205021, 42.90465939484188, 42.67525513331125, 42.40541126291837, 42.143113246151366, 41.85146346946289, 41.61980454463506, 41.37158033146749, 41.12238311856265, 40.92857470640369, 40.691334854181385, 40.44231297811848, 40.202661026842456, 39.94826772773922, 39.67075828712433, 39.45740233974315, 39.24065230258749, 39.014841515748266, 38.82732452733539, 38.56247976508684, 38.33190176749887, 38.06913578705595, 37.85194092396756, 37.62437287732183, 37.40005164523577, 37.17085184288845, 36.93170907842261, 36.712123952869874, 36.46798822769911, 36.20541740035141, 35.974801488268405, 35.69141847238445, 35.42504146320561, 35.162512049611486, 34.893534280097846, 34.68261338240501, 34.43845869041706, 34.184609655319015, 33.95898009206264, 33.68644308623474, 33.41991740961321, 33.19144229527352, 32.980223366786426, 32.716197196835026, 32.4607088663697, 32.236908552222175, 31.982222682417785, 31.72186010433636, 31.46490625587278, 31.24959503157641, 30.999800232861, 30.700616533934575, 30.45385522484539, 30.16821637386586, 29.94243138842226, 29.720505547990054, 29.46501489156982, 29.24070108981163, 28.974386208236474, 28.709346450881213, 28.436537913924607, 28.18200368576818, 27.998642474906518, 27.76472080041858, 27.52861044654417, 27.346741165814645, 27.10998560891891, 26.85901309284992, 26.583892645209836, 26.33331554328969, 26.07758127971872, 25.840697543027726, 25.597234721590606, 25.35840855052644, 25.138456270762884, 24.91177535730036, 24.667000808301324, 24.46745419050837, 24.214565203741298, 23.966971485438766, 23.729862685929564, 23.537568557022635, 23.3326919930709, 23.077828709004255, 22.831931389784575, 22.587440691616628, 22.33650578900331, 22.11115776448211, 21.84893780226176, 21.64588934249579, 21.43964478645776, 21.226468701340483, 20.976755366483747, 20.778581130797743, 20.48993938858134, 20.22492909474508, 19.954710240535242, 19.722530882877944, 19.48503951150081, 19.27191305486906, 18.994564533202663, 18.702987244475345, 18.469772571743984, 18.267797306600823, 18.01037872216393, 17.749863698173456, 17.47427922341688, 17.262987065367106, 17.024490130152287, 16.7888942772835, 16.5188420266542, 16.27296918849793, 16.038678158330054, 15.792995196099417, 15.543137074610264, 15.305645649679802, 15.101658870730898, 14.846409382572052, 14.620818972916997, 14.368908058882983, 14.074645322477469, 13.853278546288234, 13.609919758745603, 13.35732541706647, 13.165108083374896, 12.95929836812671, 12.768408806135941, 12.545112532420648, 12.34912162189311, 12.116729403782504, 11.813899005618394, 11.569461144885508, 11.330363813516492, 11.102147730279473, 10.88412770969832, 10.644512533783056, 10.379833102727183, 10.09610556321479, 9.806010383252904, 9.580131974730804, 9.406036117299868, 9.19802048776322, 8.989978188676195, 8.79428318821075, 8.560240032236415, 8.288486850882107, 8.038681911828547, 7.824957498188888, 7.6088809732395895, 7.367832194628269, 7.11190686504268, 6.884055260953911, 6.656127668657955, 6.434861011029998, 6.179630134100025, 5.953513573254903, 5.732438047715681, 5.478589751571297, 5.264439714015406, 4.99812569248422, 4.829169492203372, 4.6566795052035825, 4.468165405883293, 4.225019013173221, 3.9719015826043447, 3.7421194748008646, 3.5087444208466745, 3.2569782192386234, 3.023147016479587, 2.785721788339105, 2.6107757020225404, 2.394147059122426, 2.1906887011793925, 1.9169238671092115, 1.705992347371748, 1.4461632488628888, 1.264189828665586, 1.0674319956649, 0.9512364092591503, 0.8457999404553627, 0.7505578501383827, 0.6612237545491757, 0.5421034616150092, 0.46206614403368307, 0.3624788103086077, 0.26945059481249023, 0.19819746504931882, 0.14163875812651033, 0.09198958050649336, 0.05810321718523011, 0.03245939108796296, 0.01861688208654863, 0.007518912594900168, 0.0034716532932724735, 0.001484843631358361, 0.0005598278275679619, 0.0001789844935923542, 4.363835104036001e-05, 1.5568193773180685e-05, 3.331335361268132e-06, 1.2553510147646516e-06, 2.412933913422625e-07, 5.869335828102945e-08, 1.7478230885167393e-08, 4.941706295647265e-09, 1.0349845234020108e-09, 3.399136483249739e-10, 6.505356641486068e-11, 1.5682102629766007e-11, 4.2128039323449985e-12, 9.378486479115118e-13, 2.4591111278391515e-13, 5.3061360512324495e-14, 1.0369167296006604e-14]"
CMAES,Rosenbrock,100,5,47,7.840773319296441e-15,449276,1079.2358214855194,True,428000,"[25426102.00151667, 713956.2988119411, 24354.539203767166, 3120.465340705785, 1842.2501217821086, 978.516822940302, 726.0269689803761, 631.5322973543794, 605.7516399779608, 589.1149426211313, 559.671412765121, 543.5601531384729, 535.4393497890547, 530.7202660374853, 526.1474030692997, 516.7643271393418, 498.7019113666986, 443.58187969841924, 297.07943948984644, 193.34954272639632, 131.14457786990437, 107.86798232547693, 101.12825778353898, 99.10282111039652, 98.74657886121372, 98.65728719030942, 98.62378532355824, 98.60990020615577, 98.59646053012388, 98.56987006450606, 98.47867257231157, 98.28811778739072, 98.01876291397801, 97.7785210711818, 97.49682426337759, 97.12901240135538, 96.66792386313608, 96.33018029667811, 96.02815320208204, 95.75080037104186, 95.36617730654703, 95.09111066433243, 94.7651003775503, 94.42776938155161, 94.07295557568476, 93.7510714479258, 93.41072516475042, 93.14043173857459, 92.78128525886694, 92.45333894052582, 92.12242527692686, 91.78506970408172, 91.4797168842226, 91.1391102761359, 90.79582027585926, 90.4664118413411, 90.12478231642403, 89.79222341216305, 89.53880727441806, 89.22958477335729, 88.94435118852955, 88.64549320304721, 88.37351155271496, 88.05918373426351, 87.77044611536982, 87.44835673793817, 87.17666723422158, 86.9689805861948, 86.64028036536317, 86.36868863725583, 86.03804302266128, 85.7406685466362, 85.4609643055467, 85.1929590016107, 84.91028415838902, 84.51447198596186, 84.23871821739878, 83.93557417525288, 83.61266559710772, 83.32395922674888, 83.0510039275034, 82.77061930578745, 82.48788995459742, 82.20041199635179, 81.90543141897223, 81.60517525493113, 81.33282485603954, 81.04003049511493, 80.70755107922677, 80.44263174719633, 80.24037690632832, 79.99136311046732, 79.75913178384299, 79.43402479243645, 79.19816331917241, 78.90530695193303, 78.63961823461874, 78.32364003708327, 78.0559177454474, 77.79041485410823, 77.48135466207617, 77.20888456303092, 76.87943035881466, 76.59268333315829, 76.3197329591662, 76.0978410842555, 75.8363307373549, 75.5685085650875, 75.31701223665489, 74.99978775005061, 74.74641348532951, 74.48807737902541, 74.19027601203375, 73.8954324104441, 73.55343009335711, 73.31332064130817, 73.04995404398916, 72.79794725428921, 72.5803244264009, 72.33407287302255, 72.10242921628578, 71.81067799811915, 71.5125816293619, 71.24073131675618, 71.02788451243961, 70.76923658473086, 70.48942822426625, 70.17122170491908, 69.87584250571409, 69.59418889930872, 69.33737768852087, 69.0931876006009, 68.85706667252637, 68.64632804927244, 68.38404300722621, 68.1372195851932, 67.84495207786803, 67.6128366479103, 67.33966412526622, 67.07899627881667, 66.81109133979365, 66.56090877971926, 66.28115763084003, 66.00425649979792, 65.77308295104723, 65.52366814222204, 65.2956987279204, 64.97970539122984, 64.75024664998703, 64.48644248295804, 64.2421186650115, 63.96119829944681, 63.71627129675608, 63.41980549992209, 63.110847415260295, 62.91427571615589, 62.677619721168945, 62.39950567438314, 62.11287250475818, 61.85837105376437, 61.588551943815624, 61.33525117787307, 61.053822995985506, 60.818232987350775, 60.56051127661964, 60.29922079678733, 60.081712255250544, 59.765372632360524, 59.57854796235047, 59.34975312950837, 59.11607846517893, 58.91513445225995, 58.6304691586562, 58.34066651980509, 58.14522084458467, 57.83613514829521, 57.56579527116179, 57.303565365647486, 57.01791403990894, 56.73923615876151, 56.49952854415578, 56.27632289961133, 56.072564610456205, 55.8481306614513, 55.64418891792713, 55.42533364381076, 55.180099291969945, 54.86744990940245, 54.66148156921165, 54.43334459622935, 54.17925325783593, 53.90402228486095, 53.68992494268954, 53.434753512016, 53.23148669088993, 52.97799876084032, 52.737919581428685, 52.47704616064934, 52.229310922425626, 51.971704204142455, 51.73227963191374, 51.49238276724726, 51.21574362167466, 50.98329605193183, 50.74783815295642, 50.53047873967268, 50.27795518873652, 50.04541910967677, 49.80686182405928, 49.544613423816486, 49.30109088133592, 48.99194937664395, 48.75580325447564, 48.52884537198563, 48.29158679351715, 48.05283557576975, 47.816624085481465, 47.598510643185875, 47.30609902376399, 47.05314697355894, 46.81149751899471, 46.52281691493262, 46.258514387099126, 46.01647563655487, 45.77131329528044, 45.603335001060735, 45.40461814345309, 45.19546892207457, 44.952625992008386, 44.715021537825116, 44.50748630298601, 44.26307821532879, 44.04135601497735, 43.83866183071332, 43.59116943267476, 43.329252220055, 43.06624265696892, 42.793392933275584, 42.56444954809857, 42.3047775411455, 42.078331142967, 41.81455863152936, 41.591008880811614, 41.391864068540656, 41.16371202858237, 40.94141643007824, 40.731957582883744, 40.46141971310867, 40.245781291513275, 40.00598175848607, 39.73948685490603, 39.485467324866576, 39.22671967231914, 39.015192703976275, 38.73964792865274, 38.48597039334262, 38.231140605365106, 37.98945631149228, 37.701965237284874, 37.450806067739485, 37.19805803189578, 36.9519814350557, 36.72658336263502, 36.50639004888364, 36.19969950812887, 36.01859052985832, 35.79949459405037, 35.56724168590627, 35.36173996879682, 35.124218570642086, 34.86392869159963, 34.62559656129945, 34.39179202935164, 34.18834851564641, 34.00038575238746, 33.75848381013726, 33.462986361971566, 33.25152710959046, 32.97812572572131, 32.78256310879683, 32.55985158824916, 32.33996966962117, 32.04815755782226, 31.79228906411323, 31.5784104126263, 31.355951533881704, 31.156590032255842, 30.95044129039139, 30.720016255014105, 30.496466369260837, 30.297404677799598, 30.052047555268032, 29.80993865796775, 29.523602509908258, 29.25838594398225, 29.0000438442472, 28.73561875784113, 28.50426342527063, 28.277767203256996, 28.02354280122225, 27.804290570527456, 27.537303978376368, 27.292207157583967, 26.99618373719977, 26.74929165545661, 26.575290147007724, 26.33837297043638, 26.162642223058135, 25.9817715208991, 25.733889630178993, 25.526022819293328, 25.324682358901402, 25.09890640953471, 24.80068780133919, 24.52193348693878, 24.24973174175735, 24.081510893587055, 23.899388190293305, 23.63442433435303, 23.344812636495927, 23.091997941694373, 22.847945091164053, 22.64611759572878, 22.433182174229863, 22.167592023050425, 21.92775647579466, 21.660608583339883, 21.421341305244315, 21.21533941565841, 20.928568349978274, 20.696531995416255, 20.46023454732331, 20.268704418098913, 19.983208196561485, 19.79452455826367, 19.556303793900508, 19.341714510369005, 19.099196399631953, 18.797535969621247, 18.583164430032255, 18.317639605405805, 18.070054931069922, 17.77017852049354, 17.555430211906707, 17.324900691768402, 17.05218782280903, 16.79336595004073, 16.563193734442944, 16.337954729595847, 16.094410297326704, 15.81161749381572, 15.563373839305592, 15.339376312715533, 15.14604580241812, 14.936740028154174, 14.703797236242652, 14.465954501025209, 14.217864261344808, 13.950461152251831, 13.695898454919142, 13.4532352165566, 13.275485877690722, 13.046540759653048, 12.806316429060104, 12.536440233346656, 12.268795666307833, 11.996965573645662, 11.773996935900442, 11.53786198066437, 11.34100622971794, 11.093093233412915, 10.839201553823205, 10.611435498537963, 10.376632413232317, 10.150564655885669, 9.919045147981944, 9.652095431123659, 9.395202727045485, 9.173191652237632, 8.943319180958841, 8.719726454527231, 8.481038120734905, 8.255796645154096, 8.02274155335509, 7.793818866554818, 7.546027866002795, 7.325606514811376, 7.119041454340619, 6.882775145288328, 6.635265338094591, 6.430252862668271, 6.200888154934383, 5.962598583208933, 5.691782757991004, 5.406628450750199, 5.1769136860546885, 4.914702396064053, 4.68133657120833, 4.406817784988008, 4.157599990820505, 3.9346620157413703, 3.7253806197059567, 3.4693806935856992, 3.1853284012178644, 2.959777066858168, 2.688949917934729, 2.432082960143481, 2.1987395058313743, 2.0416350662746483, 1.8539879268939772, 1.6879252671199048, 1.4729047584405555, 1.2320821344797284, 1.0328387585814363, 0.8533263818863899, 0.7208233798101242, 0.577021177626361, 0.4662516369011647, 0.37716245486637623, 0.2939092315950454, 0.21941342092639635, 0.1598571834014922, 0.1155271594314591, 0.07815734091273005, 0.04586005512073885, 0.026535170201922517, 0.012587936802636148, 0.0058181309799460006, 0.002110666715365815, 0.0005314308216477912, 0.00024972169614360067, 7.737055718952175e-05, 2.615663710928934e-05, 7.3756385955784385e-06, 2.2099808449412696e-06, 6.239444707884767e-07, 1.4819824486463577e-07, 4.5112212198379565e-08, 1.400853303490629e-08, 3.248193692301967e-09, 7.433544679599063e-10, 1.7175472148308377e-10, 3.3471555285556824e-11, 1.012539482429258e-11, 2.5278093710196186e-12, 6.488193199059884e-13, 1.7010077983803122e-13, 4.348594328169568e-14, 1.0503100398916501e-14]"
CMAES,Rosenbrock,100,6,48,4.792038586435257e-15,410363,982.9570229053497,True,389000,"[26751452.319878157, 666588.4367512604, 37990.36674024704, 4772.150558055558, 1323.7243832169763, 624.2561480713737, 423.1128951733408, 329.21927780576027, 314.2707268995194, 308.75015791730937, 307.23100076905195, 306.6368151440559, 306.2101533612911, 305.77630781657916, 305.040049023426, 303.9082895511254, 302.2940288909212, 300.47601819222564, 297.81545429150526, 295.11409596964415, 292.2101235323332, 289.047963571426, 285.69732959631494, 282.05543355904695, 277.97288224239753, 272.4626131571241, 266.0485272311578, 257.05203828756214, 241.8983986265684, 225.05639597739696, 205.4534239808374, 184.7873890882218, 166.19485729842776, 139.36352420422784, 111.88926549929712, 98.72931043155813, 89.50354911840012, 86.34455962948935, 85.2280262940548, 84.77451791543945, 84.6311358156538, 84.54878193243928, 84.47408096458419, 84.40776620938288, 84.30642375421753, 84.10016879561884, 83.80745769596382, 83.50156778485167, 83.17622351618215, 82.83465406296021, 82.52506003323407, 82.1468259073891, 81.80337034107515, 81.4784200462521, 81.15411030614295, 80.82562536813735, 80.58094495778094, 80.2385324032314, 79.92371789285254, 79.59095472028284, 79.28514176160637, 78.99818016404329, 78.74040018189767, 78.46415182117896, 78.14502694300006, 77.7904779389453, 77.49233291077142, 77.09742993762258, 76.83872892607624, 76.5087776176944, 76.24360881750121, 75.94785284915945, 75.64153135796022, 75.3111862332131, 74.88544923857177, 74.59045681641042, 74.29998206276369, 73.99981189753251, 73.70701135668004, 73.4701867748984, 73.17858064335728, 72.90327961996549, 72.58140978070976, 72.29233296071993, 72.0384342826189, 71.74623075427294, 71.45409288549305, 71.15142326034578, 70.86416587163964, 70.58712464038625, 70.3240524994804, 70.02364651940015, 69.69277329580954, 69.41895672729908, 69.12963568312097, 68.8193508673688, 68.57561638640081, 68.30583552834105, 68.00797627629923, 67.7234432948849, 67.43642051304693, 67.1214939327768, 66.8386971465021, 66.57548245331107, 66.36162073016479, 66.10784567943898, 65.87161622962056, 65.63873102458705, 65.38091319158303, 65.15371983559554, 64.84791690386152, 64.54916607576578, 64.27265728303932, 64.00317752334253, 63.7520371987238, 63.525684003094845, 63.28877388825766, 63.012680352364086, 62.73433215954992, 62.48083950339138, 62.226473672072885, 61.96874475081298, 61.688649485515896, 61.420772065747784, 61.15469973454357, 60.92549996220608, 60.70584579777192, 60.47147498448624, 60.28058696077061, 60.02094401908357, 59.74204986466221, 59.48002221470805, 59.19534028285225, 58.927203330294056, 58.68361126105628, 58.3973628515948, 58.1267819781327, 57.89698765338112, 57.65047114900521, 57.38172463828096, 57.10143741249725, 56.85377060821288, 56.64465504694838, 56.37052358286378, 56.09182247056705, 55.85125708524992, 55.63022676415215, 55.359913612085776, 55.12883603803026, 54.8824359625146, 54.63773615229915, 54.40807133800411, 54.118974672729514, 53.90073701949759, 53.62754215124842, 53.383013305154684, 53.17557195283006, 52.89700310272676, 52.65242816094778, 52.378021333791516, 52.07506679654918, 51.772241056784175, 51.52215835571189, 51.26694476192464, 51.02632338991955, 50.826012785701174, 50.57870858621558, 50.34580737219584, 50.05583525854164, 49.78323940946757, 49.5433281897953, 49.303529832608156, 49.130105943037, 48.896656988955975, 48.66365645499248, 48.46282677317665, 48.25599465273507, 47.98942859530139, 47.74221042229519, 47.51126063033803, 47.263771680122865, 47.02254437586047, 46.79536056182117, 46.538547598237045, 46.29788343446199, 46.04742827144195, 45.784589445401785, 45.532230716488506, 45.252728705624456, 45.05866073093066, 44.85940459082198, 44.58320374900841, 44.34379124856989, 44.11161070227776, 43.91386387734362, 43.70979734809395, 43.50498025012991, 43.30043583122395, 43.0069945749143, 42.77014905353608, 42.52095457208635, 42.337640441822614, 42.11413115347138, 41.93371190094591, 41.66782504383025, 41.43214306587909, 41.23901516644999, 40.984756708586744, 40.714319289500736, 40.483030631294945, 40.2208271995095, 39.927597245661104, 39.690511791456466, 39.4655169532696, 39.22330073780984, 38.970789747891104, 38.749403911468654, 38.481972751576656, 38.198405113205034, 37.93652746933911, 37.67784722058397, 37.45924319619776, 37.225424361767985, 37.022335012403914, 36.78399964243159, 36.521038638389086, 36.24180890162883, 35.93659487088617, 35.72313905351717, 35.43821526287298, 35.23383038916656, 34.92404925240959, 34.698593879197006, 34.46987083054601, 34.29283576379851, 34.034274837335964, 33.81421269703746, 33.55455392943683, 33.32142916381911, 33.0206568180872, 32.82372794866173, 32.561582230838226, 32.36901577269191, 32.13737899711275, 31.896404381468187, 31.67662558113664, 31.437599901062256, 31.176091372826928, 30.92676009073625, 30.643200120973106, 30.354728304254465, 30.074778119405877, 29.796052041857028, 29.50494491318032, 29.268305378562275, 29.00871304326765, 28.77769269715731, 28.535178504013306, 28.29607256069754, 28.10780353338616, 27.87230207361253, 27.601218709138887, 27.345751754776217, 27.121251741855573, 26.940216640733894, 26.73515952233232, 26.468485895824983, 26.17651210706353, 25.958548566064295, 25.728881185899642, 25.49050530190554, 25.25987751857747, 25.01905127284721, 24.776976925274543, 24.603571013815053, 24.331007434169376, 24.087808402000217, 23.838688016752595, 23.640463657109066, 23.406569578519868, 23.21921751366168, 22.967437723063064, 22.71159906063869, 22.44623157913385, 22.120950155664396, 21.830250624359653, 21.587634292451774, 21.367714379070122, 21.146586732485428, 20.956009184840607, 20.754076670759343, 20.52656330408351, 20.312164546193696, 20.067795008747556, 19.83761407531042, 19.59626555703823, 19.351107643986147, 19.096471959984648, 18.88177688784024, 18.663698697462788, 18.45147602607137, 18.213969108914693, 17.96758553505746, 17.752052136475797, 17.506083340316593, 17.31513020366344, 17.08824028125618, 16.85856941521502, 16.61370107266321, 16.328365929920608, 16.074742355411978, 15.794880865730738, 15.535719605926666, 15.27338309040773, 15.044873499446108, 14.814503419420156, 14.593511449207867, 14.388396810726451, 14.14629636818397, 13.9420167604483, 13.736815176754323, 13.508172412212113, 13.250613737963903, 12.963517314525786, 12.762099805728136, 12.52267882428013, 12.283738753927377, 12.055754795094446, 11.809013883226088, 11.545078555954682, 11.342916332564752, 11.08796815426353, 10.799260171477002, 10.531836033315466, 10.272405699399823, 10.030607279561169, 9.797591834339228, 9.588044049032074, 9.354221753057088, 9.133423208664674, 8.8775053859785, 8.617860741120907, 8.397054606576571, 8.137966437318084, 7.871135060362331, 7.625425873228439, 7.357040765399375, 7.14484256647987, 6.931052081192338, 6.667077465545659, 6.4526628007272695, 6.25737538299041, 6.034752566923026, 5.791813531821397, 5.561449162269133, 5.336171968046312, 5.097186722654138, 4.932787179376992, 4.7417191539345955, 4.557048682213112, 4.2891675662664035, 3.995749132568313, 3.7726925128539266, 3.587467017334207, 3.395641512771609, 3.211560645968161, 3.010298358210413, 2.730583056390858, 2.4141915548119846, 2.1036760510622172, 1.8312393447141382, 1.627703613872004, 1.43098898755636, 1.2425714045765646, 1.059588238454267, 0.8879577566378523, 0.7342728403800067, 0.6108259756059351, 0.4867282386696815, 0.3802788247664241, 0.28743444863924217, 0.2174467728579116, 0.16509665393540296, 0.12226462118043174, 0.07273514618163089, 0.04601032587057777, 0.0265260956440898, 0.013028608097723209, 0.006386672528966769, 0.0023314166587986096, 0.0010748420736910779, 0.00031675782980607143, 9.993459464853829e-05, 3.48916952486602e-05, 1.006257745111903e-05, 2.9129473872883696e-06, 9.417916966781466e-07, 1.8717112901368945e-07, 5.014945343448052e-08, 1.654136207394652e-08, 4.437259312094238e-09, 1.0957123029356593e-09, 2.6407868706708477e-10, 5.660260471879569e-11, 1.5530270545131887e-11, 3.5728257525202887e-12, 5.492199671871199e-13, 1.9006521100112185e-13, 3.419656390040654e-14, 8.37204421952595e-15]"
CMAES,Rosenbrock,100,7,49,1.026006931953441e-14,407881,978.0434429645538,True,386000,"[47216119.16823426, 694446.4920082223, 35145.25290845881, 3125.1768586436683, 600.3150405717267, 232.41551853172456, 121.19450208511124, 99.44214524589464, 96.93254939608218, 96.49653367305373, 96.29020012917725, 95.92846271001073, 95.37334557952413, 94.79714102043813, 94.2084063243592, 93.73423523751363, 93.3343935409403, 92.82639175755017, 92.37072521070537, 91.85872543642267, 91.39696143598442, 91.02440739804345, 90.56268711099874, 90.17544028258007, 89.75731542748913, 89.37529727261519, 88.95096429425794, 88.59519100036384, 88.22378056043584, 87.84146732923695, 87.43498702060522, 87.09861332257822, 86.7452970414143, 86.35146898753285, 86.04470878381812, 85.70839644136557, 85.3313506650962, 85.02516019593878, 84.7313652754924, 84.39336850172087, 84.00910989317101, 83.62979113833126, 83.28309220390307, 82.97341269476163, 82.63935237734549, 82.36615120944491, 82.01158573152414, 81.7552638645076, 81.52635517862772, 81.23215082387304, 80.91089589370307, 80.57732033644558, 80.29430372532967, 79.98727630630928, 79.73367481604261, 79.4220062787175, 79.06795731720851, 78.81112736889966, 78.47236272555938, 78.1802568915291, 77.92328173972564, 77.64808461827126, 77.40125318967065, 77.05994431731683, 76.74031044394799, 76.47338024049094, 76.15150519786046, 75.81327930789023, 75.51200294565103, 75.24615497138458, 74.99468221189684, 74.73286927260796, 74.45299573086771, 74.12419327852577, 73.82282169951809, 73.49594817986701, 73.21313795982653, 72.91742137643631, 72.62233854567462, 72.30818291088143, 72.03004411073397, 71.76654844245815, 71.50112265328944, 71.21987121403521, 70.96917489122127, 70.69404743349357, 70.4242747658572, 70.16243123988559, 69.9167957189426, 69.65126657760823, 69.32841988004019, 69.04742822596441, 68.76896750857044, 68.48729914500886, 68.22161624546806, 67.93538715808066, 67.69428880172754, 67.48740499980798, 67.21953907235168, 66.98817414687636, 66.68748751157382, 66.41290812630783, 66.13198279334493, 65.83023688242905, 65.5513722894868, 65.29034068226267, 65.03186289628795, 64.78095095296457, 64.54945573983453, 64.32264353918534, 64.0698671762076, 63.82953445302782, 63.56217632902193, 63.26502449281039, 63.04093518861969, 62.76381538873366, 62.46763937832923, 62.23826281516439, 61.998204913876954, 61.702095441094556, 61.42446172835587, 61.14967435553178, 60.90432183516407, 60.63885188229018, 60.38478694851907, 60.10217452332444, 59.80126143921197, 59.569613039013504, 59.363900157582144, 59.05495789479974, 58.80544980950163, 58.55193463202545, 58.26294468127483, 57.950360835269, 57.65661991800616, 57.4146105689026, 57.17518927592244, 56.88077517225353, 56.58896287931021, 56.30415898153854, 56.00770193548842, 55.730391769954956, 55.46276677210864, 55.18462544441023, 54.94793774243581, 54.72274938747259, 54.40100147095878, 54.200190994658016, 53.978196226107876, 53.69159949438475, 53.4643793645911, 53.12735450567076, 52.89193804149085, 52.63418338273903, 52.39023504170829, 52.15417844714204, 51.92145043329885, 51.69666567252625, 51.46704679937039, 51.17731924223838, 50.870804132021846, 50.634877555564145, 50.37354206133644, 50.11749360799449, 49.87468130747218, 49.65636427050982, 49.433686599464885, 49.19626026629294, 48.96548252619947, 48.687926809693465, 48.43105691579496, 48.21137379976671, 47.97297568133496, 47.76530757818528, 47.50319210247704, 47.26726601472905, 47.05204960122855, 46.87725544450598, 46.655753304197425, 46.415800193571314, 46.1293627292139, 45.84827136611337, 45.62205920340023, 45.394822856640886, 45.13187521985964, 44.88072825938417, 44.61839984793151, 44.36857619922448, 44.139955517752355, 43.862243714632804, 43.62169859814255, 43.336618824455854, 43.131860848316286, 42.923412884964144, 42.69094534240987, 42.46423501502263, 42.22652066573315, 41.95315120285393, 41.66533808941919, 41.45308174274584, 41.2045959474735, 40.98379449696085, 40.745472021368606, 40.505990031935966, 40.27419506139218, 39.99249877897251, 39.79929419760412, 39.52377489307815, 39.36953358677757, 39.17075148297743, 38.9088309592299, 38.65116800358153, 38.362232172091055, 38.12101883440136, 37.85986204631438, 37.640318571205135, 37.41662144597791, 37.185598317365795, 36.88308083852606, 36.69838053269885, 36.478099853592106, 36.27603294543458, 36.03986851885739, 35.78790263935937, 35.5868919993319, 35.33963542615964, 35.08682670858067, 34.80011096455259, 34.587519109126426, 34.33978604215518, 34.11026567529224, 33.89984280590178, 33.688002821316566, 33.43943984348563, 33.143628300000636, 32.92385558233973, 32.675270443962404, 32.43245641889694, 32.151186221339884, 31.90004707802287, 31.64041104227355, 31.415134244321035, 31.188513925114645, 30.90193271644533, 30.675968675828006, 30.4680037529836, 30.254357530785608, 30.03936044458956, 29.785354649338412, 29.55795408831961, 29.329522224854085, 29.099433580462154, 28.84837812146526, 28.64309470507346, 28.40153076934024, 28.205888523833153, 28.007811916988796, 27.798168117765467, 27.551034618222356, 27.296617785870108, 27.06518685445155, 26.837873239387218, 26.61501399058416, 26.36362590966038, 26.111053669356828, 25.812145576369915, 25.54598868550779, 25.29294731769762, 25.09327367577462, 24.88434686703233, 24.704017083256264, 24.48325596261295, 24.234539445343817, 23.95401690609009, 23.68261344755931, 23.44236263034868, 23.218782895551126, 22.994211585755902, 22.78934721834873, 22.633696738010663, 22.41008525147644, 22.188136011293402, 21.910764758552137, 21.61620971380405, 21.334438978626743, 21.07233694173177, 20.875121625856035, 20.6175438807812, 20.38919411861683, 20.17181250610765, 19.907421787725927, 19.668083177319538, 19.46675359338025, 19.231333678792648, 18.992552697299065, 18.782986302576962, 18.5506102895932, 18.32605291437604, 18.072034218709096, 17.887400141085415, 17.65640760644374, 17.383551897936336, 17.20082718855771, 16.941040803675083, 16.7131953571089, 16.47515944541312, 16.181111020573567, 15.98477336076742, 15.753471133882769, 15.526167087024872, 15.320153583824288, 15.095495825016124, 14.91784945166333, 14.717035892189926, 14.469034341825111, 14.200563376412397, 13.95898877231371, 13.713177639398452, 13.445227529322965, 13.234676504837498, 12.983265275328947, 12.762318048210654, 12.521667081532982, 12.301728721892603, 12.027027720515981, 11.825088529272268, 11.614485313554898, 11.380738932834175, 11.147088213007308, 10.88992383670652, 10.686573097223233, 10.394383204071106, 10.178184089476458, 9.937953630070018, 9.733596475665053, 9.472420725913414, 9.277258130450697, 9.005347150271625, 8.77608459750104, 8.477503111650622, 8.211142172919676, 7.97880095106636, 7.744404264778303, 7.493247606650215, 7.269591422057065, 7.045640108959472, 6.810633924152522, 6.561907436010945, 6.304443839866283, 6.077703217516639, 5.856426275775602, 5.62533810168164, 5.393013901521866, 5.139300165860913, 4.8884287421742, 4.666929707594523, 4.449749646809032, 4.230562465060089, 4.007363724986427, 3.76002942968362, 3.4970248903780714, 3.22258244233896, 2.996827130113413, 2.74711639957768, 2.511442472637782, 2.2615300810648336, 2.0665848507062705, 1.8021549918131554, 1.6004958243550789, 1.3885234220186002, 1.2283505551602403, 1.044319920966603, 0.8974206753057083, 0.7539547605476338, 0.6359785696446031, 0.5278934182061914, 0.4235476322576848, 0.32413884112809616, 0.24643060275089645, 0.18299760645720398, 0.13381736316999632, 0.08481089007133497, 0.05142710784071321, 0.030559473150992444, 0.0172219671655831, 0.009508471092796376, 0.0035849527182529074, 0.0015533343805649523, 0.000513408096218093, 0.00018234726377486528, 6.0751820679143405e-05, 1.6952859391658138e-05, 4.3359435409360276e-06, 1.6975315722461465e-06, 3.6711508695360656e-07, 1.0978539328252355e-07, 2.3505185711163407e-08, 6.100494310965392e-09, 1.5829961867183466e-09, 4.4439804528379953e-10, 1.0564040491492366e-10, 3.004794779078969e-11, 6.886700333889348e-12, 1.6751184956330912e-12, 3.8834457335086096e-13, 1.1640832392989685e-13, 2.6814868359205e-14]"
CMAES,Rosenbrock,100,8,50,3.986623854300938,407320,791.3531975746155,False,407000,"[19931013.784651577, 611616.1279874234, 14363.252642770845, 1900.0878945809127, 853.5076602486374, 543.7889166206871, 437.6476842038485, 392.83823316839556, 359.26798140814435, 344.619639437285, 332.40549688386216, 301.5249562866837, 191.0493593225513, 118.03417819144173, 101.4918069109518, 98.22064155581944, 97.69919977341043, 97.50066217594137, 97.39929982925571, 97.24917977605732, 96.94063134212475, 96.58800013393629, 96.16559423247011, 95.69510938552332, 95.35879328279012, 94.89611728047926, 94.4326953283588, 94.02107823065109, 93.64592030962662, 93.2500432929999, 92.82731812314684, 92.4152209319313, 92.04724858433427, 91.69878858658788, 91.36192859850448, 91.06829903670786, 90.71062353181155, 90.36993942976795, 90.02034052776239, 89.68080249361962, 89.29786187425702, 88.87853816863138, 88.5695172535529, 88.2394196547, 87.94665008257192, 87.57261226655736, 87.2888008149131, 87.00484128078726, 86.69030304653354, 86.28382327903938, 85.91665187209178, 85.54350265158642, 85.25737320316452, 84.94004504928677, 84.61130148721811, 84.27827277843902, 83.98817934015564, 83.68114858427441, 83.37305310166732, 83.04967359475006, 82.77454665301457, 82.39903296662048, 82.08190359152212, 81.74339595657823, 81.47937142751498, 81.1800299613734, 80.87972670952934, 80.59990157225504, 80.33845420718121, 80.06989620749574, 79.83906219675181, 79.51245891204425, 79.22188110105748, 78.92899699968096, 78.68612530062417, 78.38340967453992, 78.04055254566192, 77.73817483354729, 77.42665196723758, 77.13609589895908, 76.8670364272876, 76.55985069283369, 76.28020635413522, 75.9586293467425, 75.643345574207, 75.37824591000404, 75.115185843014, 74.87733652987143, 74.6129851873536, 74.36798295893996, 74.10413131380069, 73.85070020943898, 73.55400733434008, 73.31730454926561, 73.02875099052548, 72.74962308431272, 72.50541575511129, 72.20918807794548, 71.89459112933922, 71.68282034181244, 71.42408051034202, 71.08156675686165, 70.7408001972988, 70.42900332932861, 70.18779215112201, 69.91500254155888, 69.66774229064536, 69.39920331695795, 69.13389167703, 68.86845422181497, 68.54915293515518, 68.3299597666511, 68.10993328963826, 67.84295129111688, 67.60154542870157, 67.30646297086108, 67.01981753228173, 66.76606281365461, 66.44135289097541, 66.19490218765232, 65.95753854985922, 65.7007672094976, 65.43537066582927, 65.14898084021097, 64.85715640985164, 64.62872420478438, 64.35511183948837, 64.08025656054392, 63.79782946088048, 63.501032641793195, 63.26286727741133, 63.04158277914415, 62.763192454215904, 62.497992699810005, 62.234353183336005, 61.940374334206254, 61.69632080484338, 61.4450016943626, 61.21668222801415, 60.98108194402828, 60.71703352408922, 60.51842593154204, 60.237391941752456, 59.91515966608561, 59.6781259684918, 59.36557956464447, 59.15433215678145, 58.84527707719785, 58.60623540644947, 58.2788599348779, 58.03357355646025, 57.74209646724724, 57.491748171129416, 57.22020452424898, 57.04140675997323, 56.81569525341265, 56.552108829559074, 56.315177499437816, 56.100222451614876, 55.87892828279109, 55.637785394346956, 55.379922425380855, 55.151645833098485, 54.86238068559206, 54.618200576471416, 54.381112624339906, 54.12549196964445, 53.87684769703352, 53.606126432226326, 53.38017224756538, 53.05010662417181, 52.805244538624734, 52.5433296958236, 52.3065726051134, 52.06755757394096, 51.80172077406947, 51.58564620931454, 51.33393459602294, 51.04177482639013, 50.82581074144044, 50.55441530128425, 50.340924806116234, 50.04243026392888, 49.73163519591891, 49.496549755505036, 49.2774341696661, 49.024907672679696, 48.755560450898706, 48.508469070383846, 48.251402234528186, 48.000626213332225, 47.75388036934029, 47.500385324590766, 47.23996238455447, 46.99609809566839, 46.672385809395436, 46.45235492634952, 46.23752839535038, 46.00883981157502, 45.79384891001974, 45.55873396882419, 45.313886401115305, 45.09987803986834, 44.86484358467758, 44.61379787301849, 44.34100138412844, 44.03250156806519, 43.77519058025026, 43.516802963549054, 43.222370624237904, 43.00861282596883, 42.77226711827146, 42.50955744814825, 42.25002255864795, 42.02131870184857, 41.75039563278953, 41.5305077228333, 41.271450347843825, 41.08546553567861, 40.88568111601083, 40.65314400735879, 40.38109855333559, 40.124440577767395, 39.86798018770421, 39.640877863117225, 39.434750625993196, 39.16915067210576, 38.95359085524387, 38.73555144819452, 38.49748522565417, 38.27583948869492, 38.03940753858856, 37.81406761417669, 37.61266572233639, 37.39901881337235, 37.15879158522362, 36.92126716423659, 36.65624939249629, 36.41633119364438, 36.14253981913104, 35.87505611855404, 35.589798077952416, 35.32055476546114, 35.058184581596414, 34.80333875958807, 34.571484154134154, 34.313966738882584, 34.1041212930738, 33.860280839878676, 33.635575439274454, 33.38830364919614, 33.1370069347002, 32.91390053089758, 32.67195059491679, 32.3749536468895, 32.10151963674846, 31.867294985924204, 31.5674310060251, 31.291409808272206, 31.025156936899123, 30.785640795870446, 30.582607681235707, 30.413879998956727, 30.196775815699024, 29.961073706678704, 29.713524748576507, 29.456724381597912, 29.166043789298218, 28.87656137762085, 28.653585290476826, 28.483244925479916, 28.268069747897627, 28.05708997842589, 27.817679031510366, 27.516957860664746, 27.271741770983674, 27.0285568028127, 26.836756264941776, 26.57044369421876, 26.336489041842892, 26.143474061288355, 25.921574290570096, 25.712213346414284, 25.495264362860006, 25.287632200423285, 25.035897180196503, 24.784911868492475, 24.562189994722516, 24.341187908491243, 24.072792923111162, 23.792305420245135, 23.511871373106203, 23.286782031381474, 23.050478649489197, 22.818172374771496, 22.59243880921338, 22.337898711367355, 22.060203295873357, 21.84023664986406, 21.623474640131143, 21.367667621728927, 21.161599425052124, 20.93504741238918, 20.69845753627135, 20.466175269994256, 20.267043535639445, 20.06368948361992, 19.781350785408186, 19.544288560888344, 19.344104415925543, 19.117966218440998, 18.86842638351753, 18.67140658451093, 18.47588290907724, 18.257976306348418, 17.976021529262223, 17.74198017177048, 17.52854724232069, 17.294132859508235, 17.078408305673683, 16.8288686502343, 16.611794180864063, 16.31541659458793, 16.05158278934784, 15.800209668441399, 15.581195844142556, 15.378551014348446, 15.175608621801022, 14.940571294128787, 14.72100575908986, 14.538856185125576, 14.27484964852534, 13.986219454828241, 13.731149273246343, 13.488234440908904, 13.184613913460662, 12.917310460399904, 12.670094427902912, 12.399893191557815, 12.17354156209202, 11.958802332923078, 11.746692705456656, 11.53612498233293, 11.304961489233575, 11.108873127290902, 10.888255708948016, 10.656309111147488, 10.40931179299139, 10.127935388248428, 9.873145233800418, 9.677700867674066, 9.404430418922303, 9.156850301514005, 8.92137474647882, 8.66398415277319, 8.374658901449926, 8.15522576036418, 7.878164619292732, 7.640290077388737, 7.434042231331219, 7.231872778154585, 6.945917800639108, 6.722239294171413, 6.544737511698077, 6.398852170988481, 6.202637073319009, 5.956808089866181, 5.6609313559113135, 5.4801108731095685, 5.235371746684062, 5.060783803414924, 4.840996444682608, 4.715301287307169, 4.578873711699362, 4.464124662699761, 4.389708154724988, 4.299268705190302, 4.226879953618066, 4.161836379906118, 4.120171753384979, 4.077175169920871, 4.041396474232905, 4.019304383433185, 4.0058937309125415, 3.994919697884152, 3.9904884755625174, 3.9883704674141303, 3.9873739473953353, 3.9868548663764054, 3.9866975107923115, 3.9866572586221376, 3.9866321475801985, 3.98662680468576, 3.986624594876837, 3.9866240474776906, 3.9866239103824945, 3.9866238682411548, 3.986623857786659, 3.9866238549582054, 3.986623854517898, 3.986623854353999, 3.986623854314565, 3.9866238543041317, 3.986623854301634, 3.9866238543010786, 3.986623854300964, 3.986623854300939]"
CMAES,Rosenbrock,100,9,51,8.434846834920728e-15,413406,797.416955947876,True,391000,"[28219745.121857077, 983419.5725532863, 13990.243189316148, 3045.7971522815174, 1380.1917289767914, 781.214956446582, 464.035394967097, 191.08242427831144, 111.73332643868078, 99.34347635336589, 97.7319914331124, 97.38171297159924, 97.14107098541083, 96.83217916233488, 96.28568472837571, 95.77961576955974, 95.23523969969402, 94.69865403166187, 94.25149038955699, 93.78484357912009, 93.35677204641297, 92.88207959534257, 92.45567079879366, 91.98853697531739, 91.55720637085753, 91.13482612059222, 90.75454776520826, 90.31316327856489, 89.90550108728318, 89.58558111933307, 89.2192162383859, 88.84128344965318, 88.48010086872765, 88.12890468094638, 87.78472035596727, 87.41060446280176, 87.05790407610525, 86.69862905361809, 86.41497701326206, 86.05994726772279, 85.75397526608444, 85.41577580229665, 85.08779722059244, 84.70936132711708, 84.43963140475671, 84.0978316397835, 83.74850612479565, 83.4545984796335, 83.13127331884364, 82.82160360601428, 82.46649050335344, 82.13124066036696, 81.79491587108122, 81.5152063601099, 81.14982924283366, 80.84975705537404, 80.52804771662507, 80.21120072589532, 79.8644676627674, 79.58047860911502, 79.23984329953443, 78.97300897751127, 78.71755937627533, 78.49165610711634, 78.24481961136765, 77.91559366064595, 77.64998759336967, 77.36594834544655, 77.06901254699554, 76.79818056028617, 76.4624934323869, 76.211711146442, 75.93583985815084, 75.59893956946992, 75.25564094343618, 74.98191032487294, 74.68231271533396, 74.45331237271719, 74.20454498066277, 73.98402190982713, 73.70806499047427, 73.43118744495014, 73.11952849060084, 72.86864578199449, 72.53413229188209, 72.29267184091785, 72.01131779204674, 71.77783021251653, 71.49906349257725, 71.23210643144913, 70.90668690321381, 70.64202527329415, 70.39441320665006, 70.14476388906782, 69.90230827489114, 69.67377117061312, 69.4219446663246, 69.20780535282044, 68.94231962760321, 68.6499729770926, 68.3633725610866, 67.9852859722224, 67.75199601623096, 67.43252450725359, 67.19620436825466, 66.94505543580433, 66.68132167071245, 66.39964805806896, 66.0933131667757, 65.85466233194535, 65.57041693488692, 65.286951682306, 64.96448853498515, 64.72466884545557, 64.49701478259489, 64.26072466235173, 64.00354831872505, 63.675664700919874, 63.43555147013797, 63.17138430071946, 62.88753020473253, 62.679497981131604, 62.36693240121354, 62.11532187055794, 61.85864716904262, 61.624398401048225, 61.35228917200278, 61.06960334176701, 60.830807022107564, 60.59055755403197, 60.40242737915531, 60.117833439316556, 59.85789531038431, 59.55022971918851, 59.28803463828789, 59.0335687370129, 58.788295037421626, 58.541775904871685, 58.302058802807814, 58.03996796421673, 57.812746533539, 57.58439026373823, 57.313097956169216, 57.060678835230604, 56.808882003210606, 56.565061740712004, 56.374988697649506, 56.09253116440988, 55.80138987665964, 55.53202110535324, 55.25510674258531, 54.99600950793268, 54.72563889273779, 54.523166127655216, 54.292117519418504, 54.0396209344479, 53.73369231928706, 53.45607607174052, 53.180855065240685, 52.95358527321527, 52.69967306056216, 52.448477458857006, 52.183023503954146, 51.90304289595374, 51.68997225215586, 51.46311360339904, 51.222871153770875, 50.96563747309238, 50.73701928230905, 50.52359071368358, 50.28093765489605, 50.04887517446787, 49.79698339617712, 49.478755944309924, 49.20334963113775, 48.97748160909142, 48.7868036904208, 48.56646982290092, 48.34149118698301, 48.08967754323354, 47.83035618005761, 47.604818805754746, 47.34594544888445, 47.10202089746955, 46.89462671954282, 46.65921136792294, 46.38036486626796, 46.11393929855854, 45.80267873915398, 45.55304907755902, 45.34493730091723, 45.14405377571502, 44.92606805928487, 44.72205485791898, 44.47484670770334, 44.212004273440705, 43.998049076876285, 43.76983290050801, 43.55509502884843, 43.279161761124044, 43.059984960907045, 42.78895760818108, 42.53335476055171, 42.271422689855314, 42.02859823868175, 41.79365706133459, 41.554530334443285, 41.33690885191936, 41.119515948589914, 40.905337283130066, 40.643244250116496, 40.39503837901506, 40.14814321929065, 39.890920774505574, 39.64961628732327, 39.42776631558407, 39.19117954700938, 38.961501288626096, 38.7370329750489, 38.5107879043144, 38.284546728041, 38.04911806631842, 37.838218427756004, 37.599831217966, 37.34595688548814, 37.111144662315866, 36.91490684669618, 36.69460890978928, 36.44951571233256, 36.20690425676327, 35.99283482294288, 35.70215740384839, 35.46873296850903, 35.200087095250296, 34.89384882102752, 34.613527541444356, 34.3710307816644, 34.15991801940305, 33.892234653741305, 33.622827562741854, 33.3734821269378, 33.086861567465014, 32.82277576546967, 32.57211174320795, 32.303620957650274, 32.05617680183852, 31.853084412913034, 31.64433551997966, 31.408196030368032, 31.172652865089244, 30.902987744077837, 30.65385173364202, 30.3736497287176, 30.13183272765972, 29.900595461095804, 29.64446196581677, 29.333281599358518, 29.134398511179388, 28.89934937433757, 28.647704735902586, 28.37597978398735, 28.153271667034144, 27.90902849337606, 27.719398060735223, 27.523407469879814, 27.315521233766983, 27.05806234220662, 26.766075572669266, 26.49749905903648, 26.222083482903432, 25.920845329496593, 25.724374166594618, 25.482894635107975, 25.259796219905, 25.066112711882315, 24.776363465800113, 24.52090860569877, 24.299735306387035, 24.06865381583944, 23.811732710656088, 23.560170181543388, 23.277737164165977, 23.071425514865332, 22.876971036826994, 22.637210321143446, 22.430722819782435, 22.1944859140568, 21.963886840341935, 21.669475539453, 21.43358755271007, 21.22873649787138, 21.020540664343525, 20.8428097697474, 20.615603761709774, 20.361186224957518, 20.111566707276385, 19.887733035783874, 19.657446834353607, 19.33963412519116, 19.05694410259065, 18.74790039274143, 18.548758606172214, 18.284271871023677, 18.05360592348788, 17.806717896957053, 17.54651413627511, 17.331394027509265, 17.134311909598008, 16.883900773551332, 16.57817388061344, 16.29497557667956, 16.067731442049503, 15.807875692506745, 15.574626216317544, 15.33401489239291, 15.105580927070577, 14.846586699927167, 14.596174243718778, 14.364336610757334, 14.115417655082515, 13.88961147541148, 13.67763158937611, 13.515798285232798, 13.283950642707834, 13.066064536982735, 12.848725928530834, 12.619032376310193, 12.42146401939564, 12.229561479995192, 11.9780342842869, 11.707537565916441, 11.434507598260272, 11.186416025871537, 10.948678889822961, 10.72908090728529, 10.515584488887397, 10.281894304011946, 10.001663663146944, 9.730073641902642, 9.5386033616057, 9.310324556936244, 9.14975624432034, 8.911727247422643, 8.669862563691064, 8.4694836900398, 8.295593820768595, 8.088181131693988, 7.871900859620905, 7.652948334174069, 7.416203825143054, 7.16184040420482, 6.919662312842496, 6.666140209864156, 6.4140067264043825, 6.203214486924267, 5.9920803997126635, 5.832390216148156, 5.613543607360846, 5.3751583591175525, 5.127619309932303, 4.927540369888798, 4.725488819841396, 4.470281965896405, 4.182511412203985, 3.909796439980225, 3.628026106563914, 3.3795091016151995, 3.152862730091729, 2.913122068427372, 2.6849402883954414, 2.409464749706535, 2.1744875760621176, 1.9632338824970392, 1.7336897498975201, 1.5054652430528295, 1.3375253206005109, 1.1232790014881857, 0.9217918171367773, 0.7561502828881489, 0.6156076372423815, 0.48981513659197995, 0.406735947762382, 0.32920536896944286, 0.2567960175806923, 0.1918525446160313, 0.13587469164413638, 0.09026130822218058, 0.05350807765047296, 0.03297744620507349, 0.015560566100914837, 0.008277592426594673, 0.0038653100786167766, 0.0014247597915616112, 0.000522855937310155, 0.0001785362180756241, 6.438128531735563e-05, 2.2244678820059753e-05, 5.5529429144201676e-06, 1.805366100919827e-06, 4.179436268662671e-07, 1.4595455663788322e-07, 3.700860742481123e-08, 1.1184862250794359e-08, 2.4926501489175842e-09, 5.940063599627815e-10, 1.831828206236376e-10, 6.89944631711475e-11, 1.547099795613474e-11, 3.4384824042686683e-12, 8.786380514529799e-13, 2.319954507184509e-13, 6.204482912319173e-14, 1.2253997443144227e-14]"
CMAES,Ackley,10,0,42,1.155148502709825,3110,0.4330289363861084,False,3000,"[1.3989943227585369, 1.1551485356275006, 1.1551485027098285]"
CMAES,Ackley,10,1,43,5.935918423460862e-11,3600,0.49860310554504395,True,2000,"[0.02633199342777859, 7.068324187731179e-06, 5.072785302928651e-09]"
CMAES,Ackley,10,2,44,3.5428104894208445e-11,3680,0.4909367561340332,True,2000,"[0.03541624767653362, 1.8229355653875956e-05, 6.055526302617409e-09]"
CMAES,Ackley,10,3,45,4.7258641444614113e-11,3620,0.5036895275115967,True,2000,"[0.015573834457918156, 6.407678395436989e-06, 3.5265590447863815e-09]"
CMAES,Ackley,10,4,46,4.8189452428459845e-11,3680,0.5031523704528809,True,2000,"[0.051644610052026696, 1.7709955287603663e-05, 9.398960276740809e-09]"
CMAES,Ackley,10,5,47,7.6234574208911e-11,3700,0.505316972732544,True,2000,"[0.06909606360563503, 1.765554138843939e-05, 2.6519000773106427e-08]"
CMAES,Ackley,10,6,48,1.30193189562533e-10,3800,0.5117065906524658,True,2000,"[0.1902839938795613, 6.947379060706638e-05, 3.143953763995455e-08]"
CMAES,Ackley,10,7,49,2.6439739286843178e-11,3680,0.508991003036499,True,2000,"[0.025452627975802944, 6.740984425324115e-06, 4.06161904109581e-09]"
CMAES,Ackley,10,8,50,7.359490794556223e-11,3680,0.5129740238189697,True,2000,"[0.06218784767246577, 3.890248374505134e-05, 2.981423152803586e-08]"
CMAES,Ackley,10,9,51,4.023137378794672e-11,3860,0.5283241271972656,True,2000,"[0.12765047426338727, 8.647201091038781e-05, 1.94733549285786e-08]"
CMAES,Ackley,30,0,42,4.8253401274678254e-11,9926,2.4323933124542236,True,3000,"[4.323616514619275, 0.2802310751234889, 0.008933479043858217, 0.0003988147343254589, 2.916130072749823e-05, 2.056211574785749e-06, 1.552774837598747e-07, 1.0213171197648307e-08, 5.593432383932395e-10]"
CMAES,Ackley,30,1,43,4.6491255289993205e-11,9982,2.5393805503845215,True,4000,"[4.89916732881148, 0.6743339244628008, 0.0183657243556401, 0.0006676896072019822, 4.5052043845306144e-05, 2.6712247316318383e-06, 1.5504614170325226e-07, 9.681518253756849e-09, 4.64862370819219e-10]"
CMAES,Ackley,30,2,44,6.956968334748126e-11,9478,2.2945568561553955,True,3000,"[4.339639675239358, 0.3253088096259913, 0.008411599660299363, 0.0006411196836357824, 3.116066135122608e-05, 1.6391234969326263e-06, 1.0770713432251e-07, 4.74174344233802e-09, 2.71839883936309e-10]"
CMAES,Ackley,30,3,45,4.14748235755269e-11,9562,2.407975673675537,True,4000,"[5.453997059454974, 0.8016679549829253, 0.01993016991567531, 0.001090595260489824, 7.301788075908533e-05, 2.4574003991695292e-06, 1.0442414621891771e-07, 5.082199994177472e-09, 2.5103874534693205e-10]"
CMAES,Ackley,30,4,46,3.7414071840657925e-11,9478,2.356754779815674,True,4000,"[4.7833076278503945, 0.41002580916896436, 0.012055376098846882, 0.0005008004677873323, 2.9082356118426134e-05, 1.0462284092405127e-06, 4.882348436652251e-08, 3.434785345035607e-09, 2.0142154610880425e-10]"
CMAES,Ackley,30,5,47,4.483924342935097e-11,9884,2.559964418411255,True,4000,"[5.00802428986664, 0.3905194190075325, 0.011247989321028218, 0.0006195784727869302, 3.572399230877821e-05, 3.001861788920479e-06, 1.6986917517058941e-07, 8.95601504069532e-09, 5.872249353444658e-10]"
CMAES,Ackley,30,6,48,4.4569237189762134e-11,9828,2.4806861877441406,True,4000,"[5.11335706911354, 0.45115843845737347, 0.013767316854910394, 0.0008755591606761648, 4.5038402828101454e-05, 2.7096993489017507e-06, 1.5255182406193057e-07, 8.18952061720779e-09, 4.4316239566910554e-10]"
CMAES,Ackley,30,7,49,5.833600269511408e-11,10192,2.601828098297119,True,4000,"[5.2687588965521215, 1.0414806894898914, 0.047056164370506526, 0.0028206171964382243, 0.00011682392664313923, 1.0263029736723439e-05, 6.629535929114638e-07, 3.526358272054608e-08, 1.4368741751979996e-09, 8.913092486295682e-11]"
CMAES,Ackley,30,8,50,5.1518345145495914e-11,9590,2.4823591709136963,True,4000,"[5.515316775340629, 0.34986099215864686, 0.01567313283613503, 0.0007084975415172501, 3.4044060129634346e-05, 2.5872352691358458e-06, 1.866432595143408e-07, 6.988564837939748e-09, 3.250701929857769e-10]"
CMAES,Ackley,30,9,51,4.822142685156905e-11,10052,2.576859712600708,True,4000,"[5.2605870786865125, 0.4987650997709179, 0.012524527916017991, 0.0007887112290672071, 3.2562040545247584e-05, 2.4170056893701997e-06, 2.4579027213533777e-07, 1.4533306558206505e-08, 8.620699709638302e-10, 5.4641180469161554e-11]"
CMAES,Ackley,50,0,42,3.4358738076889495e-11,14670,7.085738658905029,True,5000,"[9.32437700983258, 2.46790212559473, 0.47824912942387643, 0.04320091840266871, 0.005517521728581887, 0.0007517685249323058, 0.0001107429793489878, 1.6101083748498723e-05, 2.091538146675731e-06, 3.3483149453061856e-07, 5.679236325661918e-08, 7.999350959408957e-09, 1.155463724700212e-09, 1.4104672985126854e-10]"
CMAES,Ackley,50,1,43,3.842659523911607e-11,15240,7.562087774276733,True,6000,"[9.036096023424044, 3.308059073287812, 0.7331100602349605, 0.07807054965966786, 0.01195657468931488, 0.0016338224685168434, 0.00021667762580479533, 2.74398228872208e-05, 3.7497401916830597e-06, 4.047644535098982e-07, 7.204037943964181e-08, 1.4076786403194319e-08, 2.1258732552098536e-09, 3.3911051744439646e-10, 5.735900643344394e-11]"
CMAES,Ackley,50,2,44,4.680744680740645e-11,14835,7.319395065307617,True,6000,"[9.312330652416833, 3.240802993576392, 0.7955998929896428, 0.07808539962218264, 0.011110131656583366, 0.0017374093315152273, 0.0002000553713625841, 2.867885902135825e-05, 3.661453036318818e-06, 5.707900396778598e-07, 6.976246114120954e-08, 1.0246836712468621e-08, 1.5171193190610666e-09, 2.1296076013754828e-10]"
CMAES,Ackley,50,3,45,3.2937652605369294e-11,14850,7.45787787437439,True,5000,"[10.045613571593835, 3.4461603250862436, 0.7773460257030362, 0.05641822993253642, 0.008212673915878543, 0.0013202111372057068, 0.0001388845055214638, 1.976305192075145e-05, 2.82810812679557e-06, 3.614760797354677e-07, 5.807721992212578e-08, 7.817128722109601e-09, 1.2395564574774198e-09, 1.7351142744814751e-10]"
CMAES,Ackley,50,4,46,3.523981106923202e-11,15180,7.456836462020874,True,6000,"[9.783313638444593, 3.109404806162431, 0.7282551226929646, 0.06667446180560832, 0.010137973058374161, 0.0012590015811295707, 0.0001660505290890235, 2.5440244258323474e-05, 3.5899227559532676e-06, 5.860677210201004e-07, 9.445878434988231e-08, 1.4364481604189905e-08, 2.603251392230277e-09, 3.1699842750754215e-10, 5.4868554144604786e-11]"
CMAES,Ackley,50,5,47,5.055911245221978e-11,15030,7.6436567306518555,True,5000,"[8.76342699927722, 2.8762928970854067, 0.6023920575424353, 0.07621697904906144, 0.008590082270011568, 0.0012782705179685827, 0.00016833722200404466, 2.4817039339541935e-05, 3.754626547891604e-06, 6.867577373448341e-07, 1.007914964823442e-07, 1.6583961315319584e-08, 2.5710105155951624e-09, 4.3321124465478533e-10, 5.055911245221978e-11]"
CMAES,Ackley,50,6,48,4.5016879113291e-11,15270,7.5707762241363525,True,5000,"[9.5473739008864, 3.2954631298254857, 0.5958998222785898, 0.05428173256168067, 0.007099998239269656, 0.0011310246846432115, 0.00017760337645045254, 2.8978872340434947e-05, 4.134758715412801e-06, 6.864502890557844e-07, 1.1321791903995404e-07, 1.9233383330430343e-08, 2.7873565677793977e-09, 3.848339424905589e-10, 7.48170414510696e-11]"
CMAES,Ackley,50,7,49,4.93014518099244e-11,14805,7.558526992797852,True,5000,"[7.863616273934866, 2.9647414658284963, 0.667634288397299, 0.06927432693643398, 0.009951488787085072, 0.0013124289809351986, 0.00021555986171906127, 3.0204515593101888e-05, 5.6200546372231486e-06, 6.746152547698614e-07, 9.50553880052496e-08, 1.348678724255592e-08, 1.690278583765803e-09, 2.5591662122792513e-10]"
CMAES,Ackley,50,8,50,3.986544427903027e-11,14790,7.69508695602417,True,5000,"[8.481777067787121, 3.1126030726460105, 0.4864753411266922, 0.042075483768702515, 0.006353381922782564, 0.0008355923760530182, 0.0001331734538152496, 1.6168114936210287e-05, 2.3780268390005688e-06, 3.5229664918645653e-07, 4.8589804624299404e-08, 9.13588893425299e-09, 1.2989045394817822e-09, 1.7299628396472144e-10]"
CMAES,Ackley,50,9,51,4.331512926114556e-11,14475,7.304535627365112,True,5000,"[7.912643438646176, 2.9131926329878834, 0.4558284290469783, 0.04361248020436692, 0.004779614276540389, 0.0007060270473968622, 0.0001126314249018101, 1.3612353815251055e-05, 2.0804948239749876e-06, 2.665061740181329e-07, 3.791756286730674e-08, 4.722104041121611e-09, 6.836384791597538e-10, 9.105294296318789e-11]"
CMAES,Ackley,100,0,42,3.668931825018262e-11,26877,75.94470167160034,True,9000,"[16.088138887561726, 8.422413606064357, 4.163219662096374, 2.537039711251023, 1.1955013105050836, 0.29140199012488965, 0.08067015317291082, 0.02287467665631171, 0.006431876522637214, 0.002376305732131545, 0.0008342800249931948, 0.0003045779307311314, 9.613286861709369e-05, 3.167791687319621e-05, 1.2247903186324294e-05, 3.6816911088699555e-06, 1.2684088450676256e-06, 4.536291844381424e-07, 1.3364919881908577e-07, 5.30985571067788e-08, 1.729797860505755e-08, 6.356849713284873e-09, 1.963066598165142e-09, 7.637699361850991e-10, 2.563251833009872e-10, 9.233902531491367e-11]"
CMAES,Ackley,100,1,43,4.161337940900012e-11,27693,84.72648644447327,True,10000,"[15.934918758203647, 8.884189598888705, 4.410690439926714, 2.7537767993871616, 1.3906999049001105, 0.564629994263417, 0.15560123054966768, 0.050672100829860955, 0.013907082705707285, 0.004674521961103739, 0.0015514587467184704, 0.0006001813148093227, 0.0002203526048174531, 7.571296844632869e-05, 2.3327002193429536e-05, 7.975377752433843e-06, 2.8577935791140874e-06, 1.021421831115532e-06, 3.3726809833822813e-07, 1.155603759350754e-07, 4.0835783199355546e-08, 1.3826000344607792e-08, 5.65209079539386e-09, 2.041258273521862e-09, 6.405689312316554e-10, 2.534581433621952e-10, 8.485345759368101e-11]"
CMAES,Ackley,100,2,44,5.155742499596272e-11,27115,78.4329526424408,True,10000,"[16.732583054951224, 9.702935378082225, 4.935965505946648, 3.0263168982417565, 1.377965614879955, 0.4591156296603285, 0.13921008541949265, 0.03613849896700971, 0.013786668157543591, 0.004357305274642176, 0.0014518486120675966, 0.0005443241990872316, 0.00016320822297588577, 5.595699332205939e-05, 2.1048583200400373e-05, 6.962108696217939e-06, 2.35495786471418e-06, 8.623590912471002e-07, 3.09937402409588e-07, 9.906455789021607e-08, 3.732082776153334e-08, 1.2823843764664389e-08, 4.274401721460208e-09, 1.7399774954185432e-09, 6.024625243128412e-10, 1.8220847053385114e-10, 5.702149863395789e-11]"
CMAES,Ackley,100,3,45,4.3006043171089914e-11,28169,81.97719359397888,True,10000,"[15.924765386782063, 8.703442567136504, 4.533740889095572, 2.8482302048920087, 1.4630985854388645, 0.7977622509268589, 0.24878554620843873, 0.07548602092856926, 0.022682608772268242, 0.006792871852230764, 0.0024530967349645216, 0.0008990764548184593, 0.00037218161607244227, 0.00010675265899751096, 3.6797404512345366e-05, 1.2341790704528677e-05, 4.438002122686413e-06, 1.5480336625905977e-06, 5.735893293667971e-07, 1.985439728180438e-07, 6.229025517612286e-08, 2.3975360807781954e-08, 7.133575952167348e-09, 2.7270457003680804e-09, 9.78876091295433e-10, 3.633400247338159e-10, 1.309250485803659e-10, 5.369615863060062e-11]"
CMAES,Ackley,100,4,46,4.233458028579662e-11,26503,77.68872261047363,True,9000,"[15.741582014256199, 8.424775219419338, 4.455693336671349, 2.365835759129919, 0.9629937981450323, 0.2759602750148358, 0.060374419063567775, 0.018870782100990358, 0.007691895920839631, 0.002091370678496407, 0.000792918221968808, 0.00026801821344024646, 9.93792205155053e-05, 3.925616954392197e-05, 1.3511789774600658e-05, 4.947848172509595e-06, 1.451285925657686e-06, 4.905957244893955e-07, 1.746072837427448e-07, 5.8386625756412514e-08, 2.0422320279323003e-08, 6.958885467867049e-09, 2.3440418495113136e-09, 7.307829896774365e-10, 2.4482149640903117e-10, 7.529665779770767e-11]"
CMAES,Ackley,100,5,47,5.687583737312707e-11,26639,72.93313550949097,True,9000,"[15.24326469416583, 8.4338216202175, 4.627634311829183, 2.6432713805485126, 1.2530100224949519, 0.301892770563136, 0.09103511313668067, 0.02506864983297108, 0.009568166407398326, 0.003278964300996723, 0.0011186710516111198, 0.00038637064510682606, 0.00012087039622032947, 4.63421716010437e-05, 1.544543183884528e-05, 5.238774047899852e-06, 1.5379248208269303e-06, 5.904906115183906e-07, 2.045605893563618e-07, 7.187324202462264e-08, 2.1451648013481872e-08, 7.58951346213621e-09, 2.4629689399091603e-09, 8.686495966969687e-10, 3.1711566705894256e-10, 1.1346701356274025e-10]"
CMAES,Ackley,100,6,48,5.630385047084019e-11,26724,74.18215250968933,True,9000,"[15.762302333989286, 8.025564093587056, 4.7577045630076675, 2.9003625650997233, 1.7379484173376452, 0.5209386393100357, 0.11992556370726648, 0.030502449140510368, 0.00956984889617063, 0.0033424170500855332, 0.0010413218573330774, 0.00036038616176314875, 0.00011593079874261392, 4.6309025294011263e-05, 1.4600020069810427e-05, 5.020615664097505e-06, 1.7610048179683702e-06, 6.522349136339756e-07, 2.125930120833175e-07, 7.349624242536379e-08, 2.6057489055375527e-08, 9.70769820085593e-09, 3.163919348736499e-09, 1.0967871055811429e-09, 3.768332312859002e-10, 1.2392264991945012e-10]"
CMAES,Ackley,100,7,49,4.303091216684152e-11,26911,74.98954701423645,True,9000,"[15.02522670872603, 8.243353272026472, 4.2302632225591275, 2.5514426238924384, 1.1638685274396043, 0.38993013595512993, 0.09290570438101087, 0.02912681492294711, 0.008794529443026722, 0.0033179980728914593, 0.0011890562905425561, 0.0003953751712022502, 0.00013499560056517979, 4.268405475160719e-05, 1.6466609757959105e-05, 4.973469107216744e-06, 1.6833807561233982e-06, 6.784080430755068e-07, 1.8258472112009372e-07, 5.999597307848603e-08, 1.8419879399544925e-08, 6.561013510264502e-09, 2.7225941501285433e-09, 8.761635861276318e-10, 2.8517321837284726e-10, 1.0122791493927252e-10]"
CMAES,Ackley,100,8,50,4.724443058989891e-11,26758,76.10658526420593,True,9000,"[15.383769843538143, 8.2301875261574, 4.279337693195515, 2.834100919027368, 1.2408318289492368, 0.311971626622221, 0.07589352049704035, 0.02347753752610915, 0.007353454634266843, 0.002639289462852634, 0.0009580577217147557, 0.0003466163475143169, 0.0001111326842715421, 3.262503981149578e-05, 1.304111312494527e-05, 4.516781043850671e-06, 1.4880151444351952e-06, 4.850132744316227e-07, 1.7239288441217582e-07, 6.215768211248474e-08, 2.1852870180083528e-08, 7.394252765635656e-09, 2.5974888906432625e-09, 8.316694000143343e-10, 2.8944002750108666e-10, 9.366418751710626e-11]"
CMAES,Ackley,100,9,51,3.943911863757421e-11,26945,76.18450546264648,True,9000,"[14.601969356084055, 8.164244395656281, 4.157185696302502, 2.577809396524629, 1.2185165342143596, 0.42593934680705603, 0.09973327614910277, 0.03036456599826609, 0.009792857719592707, 0.0035727994941407992, 0.0011375151479318113, 0.00035785298344537253, 0.00014317759719917333, 5.541244042861493e-05, 1.920828256318785e-05, 6.23326267090718e-06, 2.091601978282398e-06, 7.272847573069896e-07, 2.061997688151962e-07, 6.176880207320323e-08, 2.1945944173040743e-08, 8.208282498145536e-09, 2.642857044321545e-09, 9.135594503106859e-10, 3.2354963153125027e-10, 1.1233369789920289e-10]"
CMAES,Griewank,10,0,42,0.027017420107750656,3310,0.5076863765716553,False,3000,"[0.46675511789396207, 0.027018102388340126, 0.027017420107812606]"
CMAES,Griewank,10,1,43,0.014772407722823622,3530,0.5660505294799805,False,3000,"[0.653223537161973, 0.014777183568885355, 0.014772407724253811]"
CMAES,Griewank,10,2,44,4.440892098500626e-16,3080,0.472454309463501,True,2000,"[0.059986405972883294, 2.867808535089722e-08, 1.5543122344752192e-15]"
CMAES,Griewank,10,3,45,4.440892098500626e-16,3120,0.4784986972808838,True,2000,"[0.03815489277497719, 1.9834798137274845e-08, 3.552713678800501e-15]"
CMAES,Griewank,10,4,46,2.220446049250313e-16,3350,0.5384252071380615,True,2000,"[0.06573252890951709, 6.470786750867319e-08, 6.061817714453355e-14]"
CMAES,Griewank,10,5,47,3.3306690738754696e-16,3470,0.557589054107666,True,2000,"[0.6258887034367728, 2.051294304417084e-06, 5.77871084317394e-13]"
CMAES,Griewank,10,6,48,0.02212673343287841,3330,0.5473361015319824,False,3000,"[0.1654875025574305, 0.02212676909452549, 0.0221267334329327]"
CMAES,Griewank,10,7,49,0.01724102091528512,3180,0.49292492866516113,False,3000,"[0.05271925738254701, 0.017241052990291994, 0.017241020915305327]"
CMAES,Griewank,10,8,50,0.009857284607822425,3590,0.5488533973693848,True,2000,"[0.3612265133319844, 0.009858516831737774, 0.009857284610863437]"
CMAES,Griewank,10,9,51,0.012320988875107464,3370,0.517298698425293,False,3000,"[0.15849209672732278, 0.012321282790130672, 0.012320988875212824]"
CMAES,Griewank,30,0,42,9.992007221626409e-16,8624,2.403536319732666,True,3000,"[2.2526512796217855, 0.4724040570277964, 0.007229576369614632, 2.7383113173407025e-05, 2.5217229282503695e-07, 2.0899639796567726e-09, 9.0374374650537e-12, 2.9976021664879227e-14]"
CMAES,Griewank,30,1,43,6.661338147750939e-16,8960,2.5302538871765137,True,4000,"[2.696103733745533, 0.9672835490044083, 0.042638009505544416, 0.0001929220784782082, 1.8679356185158369e-06, 1.174694697070322e-08, 5.6684101856774305e-11, 1.511013536514838e-13]"
CMAES,Griewank,30,2,44,6.661338147750939e-16,9296,2.453964948654175,True,4000,"[2.761556121846098, 0.9172537612733185, 0.06307187900362465, 0.000609006744324958, 4.423273083364876e-06, 3.3923040154704154e-08, 1.7490831005773089e-10, 1.3307133173157126e-12, 4.551914400963142e-15]"
CMAES,Griewank,30,3,45,0.007396040334115894,9198,2.505678653717041,True,4000,"[3.4081287446297486, 0.9456097078886587, 0.048498482213095606, 0.007991035291493698, 0.007399315173655552, 0.007396061435451018, 0.007396040539857984, 0.007396040335178711, 0.00739604033411756]"
CMAES,Griewank,30,4,46,2.220446049250313e-16,8932,2.399158239364624,True,4000,"[3.0930852542396314, 0.8165948857822856, 0.04034981040484942, 0.00038182578344392315, 1.7767629907350369e-06, 1.1314577941234916e-08, 6.883515979438926e-11, 2.5013324744804777e-13]"
CMAES,Griewank,30,5,47,4.440892098500626e-16,9198,2.4571752548217773,True,4000,"[5.62277310354443, 0.8392882926551595, 0.047960280880278705, 0.001044900548244243, 1.3558691618897889e-05, 5.231360133972629e-08, 2.348402583507436e-10, 9.602318939982979e-13, 1.4432899320127035e-15]"
CMAES,Griewank,30,6,48,5.551115123125783e-16,9212,2.416381359100342,True,4000,"[2.534912641339945, 0.8114353947587635, 0.015178433365314992, 0.00021881967884562759, 1.5959973136414618e-06, 2.1414822248821963e-08, 1.836930607623799e-10, 1.0400569294688466e-12, 3.6637359812630166e-15]"
CMAES,Griewank,30,7,49,9.992007221626409e-16,8946,2.3864991664886475,True,4000,"[2.066511832454252, 0.6733520709496998, 0.024287529452477363, 0.0001837521736192116, 1.0006879417323589e-06, 5.1718337390482816e-09, 5.1962767422253364e-11, 3.141931159689193e-13]"
CMAES,Griewank,30,8,50,9.992007221626409e-16,9072,2.4558024406433105,True,4000,"[3.353727515701757, 0.945881097999224, 0.03435365516103528, 0.00038512267048240734, 4.637745888325107e-06, 2.6862866153720688e-08, 1.072553157399625e-10, 4.546363285840016e-13, 2.3314683517128287e-15]"
CMAES,Griewank,30,9,51,3.3306690738754696e-16,8960,2.4747588634490967,True,4000,"[2.6074663288314426, 0.7411896353075038, 0.03758763673709409, 0.00029973241671243933, 1.6679006396014273e-06, 2.088267581079606e-08, 8.37214741977732e-11, 1.6708856520608606e-13]"
CMAES,Griewank,50,0,42,2.886579864025407e-15,14925,7.635945081710815,True,6000,"[24.334123137318127, 1.4846221515588036, 0.8439849773571714, 0.1301713453214075, 0.01826365988175771, 0.001465291377025446, 0.00013886448225208792, 8.894029243311508e-06, 4.7110326606425446e-07, 2.5064262110241486e-08, 8.937287576671338e-10, 3.8539949009930297e-11, 1.4845902285287593e-12, 8.182343691487404e-14]"
CMAES,Griewank,50,1,43,0.00985728460782287,14760,7.51161003112793,True,7000,"[23.028750394192087, 1.7042825340016152, 0.8930745189999197, 0.20523507167831967, 0.024921986530977214, 0.010476356551940458, 0.009902550263842347, 0.009859232229963877, 0.009857409317758359, 0.009857291164972581, 0.009857284870828598, 0.009857284618622342, 0.009857284608434824, 0.009857284607841743]"
CMAES,Griewank,50,2,44,2.9976021664879227e-15,14865,7.687765836715698,True,5000,"[18.891867862876797, 1.4181801778926448, 0.6766282485291627, 0.0799762394065564, 0.005629869634980911, 0.0007327058033788081, 3.8415227568311394e-05, 2.1248165230636218e-06, 9.785958676733486e-08, 4.522518470828629e-09, 2.136839594157891e-10, 1.4166001705007147e-11, 1.021405182655144e-12, 3.785860513971784e-14]"
CMAES,Griewank,50,3,45,1.6653345369377348e-15,14865,7.517089128494263,True,6000,"[24.318554356991832, 1.4621714714688145, 0.8660640675756447, 0.13248987390404565, 0.02444428408914734, 0.0018323805578669417, 0.00011765112765249608, 3.992530357987967e-06, 1.6018862136757406e-07, 1.163496954337262e-08, 4.994233915311952e-10, 1.9691248631659164e-11, 7.865930129469234e-13, 3.9968028886505635e-14]"
CMAES,Griewank,50,4,46,0.0073960403341172265,15135,7.779881000518799,True,6000,"[35.59722884960086, 1.7787926430098093, 0.9685531147240577, 0.21768884793831333, 0.031282793806560516, 0.008691505359612495, 0.007507810812268811, 0.00740172417475915, 0.007396652135978843, 0.007396071693152484, 0.007396041653544239, 0.007396040389023417, 0.007396040336635767, 0.007396040334198717, 0.007396040334118559]"
CMAES,Griewank,50,5,47,0.007396040334116338,14865,7.610479116439819,True,6000,"[26.38385918284308, 1.403514933976227, 0.8905741817656343, 0.10809923521811693, 0.01337529878067023, 0.007870823921868886, 0.007430147710404955, 0.007397410628057877, 0.007396147622632077, 0.007396048239462938, 0.0073960407676139095, 0.007396040359982314, 0.007396040334741172, 0.007396040334149534]"
CMAES,Griewank,50,6,48,2.1094237467877974e-15,15030,7.533051252365112,True,6000,"[20.956846973317365, 1.606239224139054, 0.9276459953089939, 0.15746695914213726, 0.023562102495720105, 0.0018023097813500977, 8.240118913904748e-05, 7.049192334962484e-06, 4.3938193983183993e-07, 2.4607559212519448e-08, 1.0054715948726312e-09, 3.5047187374459554e-11, 1.4581669205426806e-12, 7.294165271787278e-14, 2.1094237467877974e-15]"
CMAES,Griewank,50,7,49,2.55351295663786e-15,15105,7.701626539230347,True,6000,"[28.738066235076037, 1.513967880130422, 0.9345981688966526, 0.19540364470922544, 0.019537792806386123, 0.0030795695308066806, 0.0001428791412801944, 8.882776060259445e-06, 4.197143345097132e-07, 2.267237375619402e-08, 1.2738194943295866e-09, 3.170785856099201e-11, 1.8265389201133075e-12, 8.681944052568724e-14, 4.3298697960381105e-15]"
CMAES,Griewank,50,8,50,1.5543122344752192e-15,14775,7.608604907989502,True,6000,"[27.108107312004485, 1.598361524044138, 0.9224482962780366, 0.1245906762638127, 0.014213819134442751, 0.0008928317281143849, 4.968620835943405e-05, 3.678235362514215e-06, 1.886699303454975e-07, 7.957282610604466e-09, 3.2694014162615304e-10, 1.6921131162916936e-11, 5.584421813864537e-13, 2.275957200481571e-14]"
CMAES,Griewank,50,9,51,2.6645352591003757e-15,14730,7.519665718078613,True,6000,"[16.93482019526876, 1.4901926030253945, 0.8731580166156179, 0.12381207913439596, 0.014590615768433679, 0.001304025239732165, 7.334543778370062e-05, 4.2369499073657835e-06, 2.1410717454539707e-07, 8.892978575758548e-09, 4.0770686826618885e-10, 1.3430923040402831e-11, 7.738254481637341e-13, 2.7644553313166398e-14]"
CMAES,Griewank,100,0,42,5.218048215738236e-15,30685,81.490070104599,True,11000,"[286.3196138222806, 32.47816575627452, 4.876837492519451, 1.4544420861230063, 1.0567993399729732, 0.6457081748735773, 0.30134998666983515, 0.14339536280620913, 0.04249387063336951, 0.013253391580729579, 0.0032861579717554656, 0.001062254759964243, 0.0003116319664017153, 0.00010311399337936678, 2.7750223566491705e-05, 8.715494891564646e-06, 2.0316488773541863e-06, 6.004698188677438e-07, 1.3064628057168903e-07, 4.120618157799072e-08, 8.474556278947887e-09, 2.2449413439318278e-09, 5.603589814384691e-10, 1.2961287598756144e-10, 2.981814795077753e-11, 6.50912657107483e-12, 1.301736496372996e-12, 2.916555885690286e-13, 6.705747068735946e-14, 1.63202784619898e-14]"
CMAES,Griewank,100,1,43,5.10702591327572e-15,31076,84.08790016174316,True,11000,"[231.65297542798882, 31.727820563974106, 5.214497272163509, 1.444272065801439, 1.0308125558174785, 0.6673303402842761, 0.2714953513408108, 0.10103395985765229, 0.034171922261623244, 0.011475363377360437, 0.0032391835356917476, 0.0010035201700113738, 0.00030461300102002653, 0.00010142131361579043, 2.5610744104342942e-05, 5.391936476084602e-06, 2.627398181798135e-06, 6.548128888006488e-07, 1.8068231799617251e-07, 3.890524258309824e-08, 1.2164364959765805e-08, 2.6530884156272805e-09, 6.382048223230186e-10, 1.7319001788251853e-10, 4.424682842341099e-11, 9.208300788543511e-12, 2.4440449664098196e-12, 5.834221994405198e-13, 1.197930643570544e-13, 2.919886554764162e-14, 5.10702591327572e-15]"
CMAES,Griewank,100,2,44,5.662137425588298e-15,31518,83.06268262863159,True,11000,"[314.64598218844895, 33.78923429281081, 4.414664267452807, 1.41967537094263, 1.0390604938201273, 0.7465918557058158, 0.3706465435075902, 0.10161721930881507, 0.03659810328023083, 0.010014019605994129, 0.003667806793381745, 0.0011149320486445458, 0.0004403823818714958, 0.00014528027799620702, 3.928511713180427e-05, 1.1171667858467238e-05, 4.266366205651906e-06, 1.100403392295668e-06, 2.6865952174048857e-07, 7.833354398467662e-08, 2.368492679760692e-08, 4.967786515486239e-09, 1.048362396893765e-09, 2.6407931397187667e-10, 8.170308873900467e-11, 2.0992207971914922e-11, 4.158118294128599e-12, 1.2435608098826378e-12, 2.8044233602031454e-13, 5.040412531798211e-14, 1.354472090042691e-14]"
CMAES,Griewank,100,3,45,5.551115123125783e-15,31042,79.62839007377625,True,11000,"[204.0120048524489, 26.018060006790698, 4.630479428794514, 1.3830088928796684, 1.059716872569023, 0.6976986002100598, 0.3760302998656767, 0.10694972685566806, 0.04596242524596861, 0.012089290362321647, 0.004151629448125194, 0.0012657035087441093, 0.00036258851057557884, 0.00014077488524133486, 2.766749088622955e-05, 8.977222692663211e-06, 2.8472774760146535e-06, 7.134718106316384e-07, 2.1729916155344142e-07, 5.960778215463591e-08, 1.6423005178012318e-08, 4.325867886123547e-09, 8.013136820750333e-10, 2.7868385377161076e-10, 5.077371856287982e-11, 9.711231818698707e-12, 2.3923085734622873e-12, 5.468958619303521e-13, 1.1057821325266559e-13, 2.609024107869118e-14, 6.8833827526759706e-15]"
CMAES,Griewank,100,4,46,5.551115123125783e-15,30855,82.64371347427368,True,11000,"[330.67819278917153, 29.535437910492472, 4.514499167051959, 1.4273191240232586, 1.0593141603065976, 0.6450635963037705, 0.28537608812862425, 0.09371900591713034, 0.03802553470630132, 0.010854680003704376, 0.0038901828784999593, 0.001331799825843527, 0.0004881208506285484, 0.00011564418112564034, 2.9858272601490654e-05, 1.0401668802284547e-05, 2.609784322094022e-06, 6.608618089432028e-07, 2.3479659949643406e-07, 5.471474362472861e-08, 1.38641335079015e-08, 2.8058672052466704e-09, 6.97448987452276e-10, 1.8758505859750585e-10, 3.927036473783119e-11, 9.890865904083057e-12, 1.5731860258938468e-12, 4.1600056732704616e-13, 8.026912468039882e-14, 2.2537527399890678e-14]"
CMAES,Griewank,100,5,47,5.329070518200751e-15,31960,82.06592392921448,True,11000,"[283.74837776897476, 28.855594574006005, 3.7064822409919596, 1.3063457425292493, 1.0392036771878213, 0.6449904613495268, 0.2820648886898717, 0.0983102905657588, 0.03739097566842664, 0.013359396085811048, 0.0035600246208338238, 0.0012183077705779644, 0.00040031260071704544, 0.00015209801718218952, 4.660063679740034e-05, 1.4558819734888928e-05, 5.469063387608664e-06, 1.4844081152043387e-06, 3.9329544077038037e-07, 9.509364218285299e-08, 3.0440837961442924e-08, 6.69271682518513e-09, 2.0329815608732815e-09, 4.252517227243402e-10, 1.232282054175471e-10, 2.333289117473214e-11, 6.39965858084679e-12, 2.0410340084708878e-12, 4.1400216588272087e-13, 9.536815781530095e-14, 1.8540724511240114e-14]"
CMAES,Griewank,100,6,48,4.3298697960381105e-15,31739,81.56808543205261,True,10000,"[186.55253838192704, 23.983732466129787, 3.429321986735735, 1.369707432203024, 0.9921239201488713, 0.6174773179844273, 0.2579780790473031, 0.09105005798430266, 0.032234850006745086, 0.009081393084299005, 0.0029901296690130197, 0.0009931232064118722, 0.00041541928998412025, 9.35276346635261e-05, 3.4556623692671984e-05, 1.1825515085162053e-05, 4.601942246051927e-06, 8.695361821686731e-07, 2.5114177726326403e-07, 6.330949131605479e-08, 2.0632188957314668e-08, 5.2802905381454934e-09, 1.4611573062595085e-09, 4.0296199710354585e-10, 7.448508476670668e-11, 2.5186186469738914e-11, 7.632450227390564e-12, 1.4348522370255523e-12, 2.915445662665661e-13, 6.894484982922222e-14, 1.432187701766452e-14]"
CMAES,Griewank,100,7,49,4.6629367034256575e-15,31212,78.1269223690033,True,11000,"[284.6893200020528, 42.137913145001015, 4.27628792331476, 1.3550798714916, 1.0690470602334476, 0.8124930845090288, 0.34054945647794477, 0.1084142782659977, 0.03577153335735839, 0.01386698279541787, 0.004126126465322177, 0.0012645844657304117, 0.0004462572818557664, 0.00010641015667267606, 3.218067488486298e-05, 8.722410182682161e-06, 2.0028624682089102e-06, 4.788507230735206e-07, 1.2334302679217757e-07, 3.531011927293548e-08, 7.03718450179025e-09, 2.132366394569374e-09, 7.837610560557096e-10, 1.6527057500326237e-10, 4.824429744587633e-11, 1.106936764472266e-11, 2.520761377411418e-12, 6.220579606974752e-13, 1.4732659536775827e-13, 2.4646951146678475e-14, 6.106226635438361e-15]"
CMAES,Griewank,100,8,50,5.10702591327572e-15,32368,82.4236364364624,True,11000,"[211.0207535373655, 33.16595340221422, 5.834107669325452, 1.6135478783059811, 1.0613764001592034, 0.8120320651779701, 0.37820946435211744, 0.1719352167483591, 0.058050714230827305, 0.0235346803879386, 0.007591005946517293, 0.0027099710107179042, 0.0007667603325178796, 0.00023511065712678025, 6.990590082778247e-05, 2.6986213303548112e-05, 7.471468201680764e-06, 1.6518123031605825e-06, 7.091715839013801e-07, 1.8354423925170948e-07, 3.392835201676547e-08, 8.975183152237776e-09, 3.084068334047174e-09, 6.64301613717555e-10, 2.044368008213837e-10, 6.059575063943612e-11, 1.27640120695105e-11, 2.8775870575259432e-12, 7.887024366937112e-13, 1.7108536809473662e-13, 3.941291737419306e-14, 7.549516567451064e-15]"
CMAES,Griewank,100,9,51,5.329070518200751e-15,31892,80.37971544265747,True,11000,"[296.22439335225823, 27.485289421788533, 3.9591039608664746, 1.316961944918031, 0.9931495036311785, 0.6014737630991793, 0.28185115936515914, 0.10963799585050882, 0.04022712993829636, 0.012933957301600407, 0.005962842029341053, 0.0018131404507218951, 0.0005054626383494965, 0.00018542292943546368, 4.062469393251167e-05, 1.1003451772628736e-05, 2.6075692715066268e-06, 9.027727535526608e-07, 2.822314071337928e-07, 7.111904298806593e-08, 2.0721444671245592e-08, 5.374289346882222e-09, 1.5492207516842882e-09, 3.7556358023493885e-10, 8.812139906666516e-11, 1.8349211039492275e-11, 5.227596133750012e-12, 1.5517587215185813e-12, 4.340972026284362e-13, 8.282263763703668e-14, 1.9317880628477724e-14]"
