algorithm,function,dimension,run_id,seed,best_fitness,total_evaluations,execution_time,success,convergence_iteration,convergence_curve,stopped_early
COBYLA,Sphere,10,0,42,4.588332786824193e-09,416,0.013277292251586914,True,0,[],False
COBYLA,Sphere,10,1,43,8.510657780435679e-09,425,0.013292551040649414,True,0,[],False
COBYLA,Sphere,10,2,44,7.716429913385926e-09,394,0.011020660400390625,True,0,[],False
COBYLA,Sphere,10,3,45,1.1645423069510712e-08,429,0.012980222702026367,True,0,[],False
COBYLA,Sphere,10,4,46,1.0162279046899865e-08,431,0.016258955001831055,True,0,[],False
COBYLA,Sphere,10,5,47,8.452991171873063e-09,399,0.013509511947631836,True,0,[],False
COBYLA,Sphere,10,6,48,2.4971257772346875e-09,404,0.014516830444335938,True,0,[],False
COBYLA,Sphere,10,7,49,4.85665958404128e-09,407,0.014261722564697266,True,0,[],False
COBYLA,Sphere,10,8,50,6.0088855581124905e-09,375,0.013995885848999023,True,0,[],False
COBYLA,Sphere,10,9,51,9.573762430485722e-09,421,0.014261484146118164,True,0,[],False
COBYLA,Sphere,30,1,43,1.7193234250305458e-08,1370,0.1796417236328125,True,1000,[0.00014052667188390632],False
COBYLA,Sphere,30,0,42,1.858756822184576e-08,1431,0.20638656616210938,True,1000,[0.00044645619110817255],False
COBYLA,Sphere,30,2,44,2.698150077921732e-08,1362,0.2533433437347412,True,1000,[0.0001508014877719886],False
COBYLA,Sphere,30,3,45,2.1117599245890166e-08,1389,0.2538173198699951,True,1000,[0.00017205669458932146],False
COBYLA,Sphere,30,5,47,1.5057729344019422e-08,1377,0.18978667259216309,True,1000,[0.00013288654014339635],False
COBYLA,Sphere,30,4,46,2.3588898361388878e-08,1291,0.21199870109558105,True,1000,[2.3230560629400918e-05],False
COBYLA,Sphere,30,6,48,2.6294601084859933e-08,1353,0.21132707595825195,True,1000,[7.786838749903994e-05],False
COBYLA,Sphere,30,7,49,1.623067147532654e-08,1274,0.21532678604125977,True,1000,[2.9679155013515826e-05],False
COBYLA,Sphere,30,9,51,2.087420530511477e-08,1294,0.24361419677734375,True,1000,[2.9760265643824595e-05],False
COBYLA,Sphere,30,8,50,1.7231736097571658e-08,1346,0.2646150588989258,True,1000,[0.00012156416430060148],False
COBYLA,Sphere,50,3,45,3.220151275826093e-08,2465,0.9646749496459961,True,2000,"[3.408526974063579, 1.3275563074789092e-05]",False
COBYLA,Sphere,50,0,42,2.9094908981649287e-08,2607,1.038121223449707,True,2000,"[20.140619548985672, 3.100553170289434e-05]",False
COBYLA,Sphere,50,6,48,3.16318852068112e-08,2305,0.8733949661254883,True,2000,"[1.7706518058066802, 7.203247996974866e-07]",False
COBYLA,Sphere,50,2,44,2.4167759291046276e-08,2513,1.0246429443359375,True,2000,"[30.048519006739067, 4.4351319155019005e-05]",False
COBYLA,Sphere,50,1,43,3.592882417010412e-08,2475,1.0526375770568848,True,2000,"[44.89926238707617, 1.3101494364650298e-05]",False
COBYLA,Sphere,50,5,47,2.7690644695276918e-08,2532,0.9679133892059326,True,2000,"[3.284687990426717, 1.3765221650929574e-05]",False
COBYLA,Sphere,50,4,46,2.526332880473017e-08,2526,1.006540060043335,True,2000,"[12.517085526854455, 1.3327407451337028e-05]",False
COBYLA,Sphere,50,7,49,2.715847187265816e-08,2425,0.9863560199737549,True,2000,"[2.090649239697081, 1.0326627626888507e-05]",False
COBYLA,Sphere,50,9,51,3.501343910165072e-08,2213,0.8723165988922119,True,2000,"[0.6842214483814433, 7.098860083188085e-07]",False
COBYLA,Sphere,50,8,50,2.6159081525435047e-08,2449,1.0568904876708984,True,2000,"[3.5689186588083217, 8.350976749619165e-06]",False
COBYLA,Sphere,100,3,45,4.529032585456881e-08,5671,12.75075364112854,True,5000,"[55187.279461811115, 7.591280337342499, 0.08989670646952909, 0.0003352511507568873, 1.3628516544254052e-06]",False
COBYLA,Sphere,100,4,46,4.9642023209507934e-08,6019,13.402456283569336,True,6000,"[48380.50651291398, 6.625812860572506, 0.0755529507796214, 0.0003720986537184938, 6.930106095587556e-06, 4.9642023209507934e-08]",False
COBYLA,Sphere,100,2,44,3.1979045242937985e-08,6201,14.072532653808594,True,6000,"[47312.90308023284, 4.459447534330251, 0.024972054893147994, 0.0003801737457720274, 3.7659998154100265e-06, 5.807688444032978e-08]",False
COBYLA,Rastrigin,10,0,42,41.78817663675668,195,0.013998746871948242,False,0,[],False
COBYLA,Rastrigin,10,1,43,60.69223059942392,211,0.018000125885009766,False,0,[],False
COBYLA,Rastrigin,10,2,44,17.909243760167698,209,0.02000117301940918,False,0,[],False
COBYLA,Rastrigin,10,3,45,38.80325817694347,230,0.022653579711914062,False,0,[],False
COBYLA,Rastrigin,10,4,46,50.74271703759409,191,0.017293453216552734,False,0,[],False
COBYLA,Rastrigin,10,5,47,55.71740048687572,220,0.02169179916381836,False,0,[],False
COBYLA,Rastrigin,10,6,48,60.69217008505886,200,0.019591569900512695,False,0,[],False
COBYLA,Sphere,100,0,42,4.6945478423226406e-08,5963,14.258235692977905,True,5000,"[66582.29033374095, 11.539574393916892, 0.16703740564126573, 0.0003089715669230471, 3.4218936259299323e-06]",False
COBYLA,Rastrigin,10,7,49,76.61135343864788,198,0.019999027252197266,False,0,[],False
COBYLA,Rastrigin,10,8,50,48.752676655523715,182,0.008997678756713867,False,0,[],False
COBYLA,Rastrigin,10,9,51,33.82847409277866,273,0.028999805450439453,False,0,[],False
COBYLA,Rastrigin,30,0,42,111.43509560637668,822,0.1426241397857666,False,0,[],False
COBYLA,Rastrigin,30,1,43,200.98065130108216,836,0.1681215763092041,False,0,[],False
COBYLA,Rastrigin,30,2,44,207.94515054801514,835,0.13649964332580566,False,0,[],False
COBYLA,Rastrigin,30,3,45,128.3491103428266,858,0.15619850158691406,False,0,[],False
COBYLA,Sphere,100,1,43,4.57584242097835e-08,6262,14.66508150100708,True,6000,"[55752.21446780583, 6.510545294360662, 0.04919679099237122, 0.0015137464125705043, 1.7577208760700354e-05, 6.932012686577126e-08]",False
COBYLA,Rastrigin,30,4,46,157.20272657910814,830,0.15349674224853516,False,0,[],False
COBYLA,Rastrigin,30,5,47,135.31398046292824,861,0.1546647548675537,False,0,[],False
COBYLA,Rastrigin,30,6,48,138.29873143232163,846,0.1262960433959961,False,0,[],False
COBYLA,Rastrigin,30,7,49,176.1068874536823,774,0.1499316692352295,False,0,[],False
COBYLA,Rastrigin,30,8,50,195.0107533554102,799,0.1538689136505127,False,0,[],False
COBYLA,Rastrigin,30,9,51,73.62683893603895,829,0.13832640647888184,False,0,[],False
COBYLA,Sphere,100,5,47,4.064648482851106e-08,6504,15.007227182388306,True,6000,"[69741.70136073783, 156.48937764230692, 0.09909498686023384, 0.0012201697793514283, 6.547067558815772e-06, 1.7560121310060646e-07]",False
COBYLA,Sphere,100,6,48,4.571927191143312e-08,6166,14.371522665023804,True,6000,"[62598.031674118, 24.386339697034632, 0.09826477918131271, 0.001609108398559036, 6.435200341697443e-06, 6.222165760714416e-08]",False
COBYLA,Sphere,100,7,49,5.08223166897239e-08,6298,14.414997816085815,True,6000,"[49584.28150475929, 6.056095709806033, 0.020292862383251734, 0.0005957261722985288, 3.86058326613172e-06, 9.401998283547643e-08]",False
COBYLA,Rastrigin,50,0,42,215.90527286240388,1528,0.6041402816772461,False,1000,[215.911351938724],False
COBYLA,Rastrigin,50,1,43,411.91045354795403,1553,0.59499192237854,False,1000,[411.91839144029655],False
COBYLA,Rastrigin,50,2,44,285.5520529072552,1549,0.6562747955322266,False,1000,[285.5606730738643],False
COBYLA,Rastrigin,50,3,45,202.97099692236895,1471,0.5456204414367676,False,1000,[202.97397387179439],False
COBYLA,Rastrigin,50,4,46,365.1477733181787,1582,0.600698709487915,False,1000,[365.1770194924661],False
COBYLA,Rastrigin,50,6,48,297.4913892703303,1522,0.5237023830413818,False,1000,[297.50004017456484],False
COBYLA,Rastrigin,50,5,47,219.88506325022377,1577,0.7039210796356201,False,1000,[219.8933405224044],False
COBYLA,Rastrigin,50,7,49,253.71346923309568,1501,0.6711993217468262,False,1000,[253.72163616951352],False
COBYLA,Rastrigin,50,8,50,268.6375556590605,1526,0.5998303890228271,False,1000,[268.64609148895903],False
COBYLA,Rastrigin,50,9,51,184.06693112185894,1558,0.6403188705444336,False,1000,[184.07062486975883],False
COBYLA,Rastrigin,100,2,44,657.6645995591844,3860,9.14951229095459,False,3000,"[706.9651230068523, 657.9441252401905, 657.6654383635785]",False
COBYLA,Rastrigin,100,0,42,594.9826340518207,4258,9.915815591812134,False,4000,"[650.4624455825289, 595.1491698421048, 594.9838540993933, 594.9826577948147]",False
COBYLA,Rastrigin,100,3,45,523.3462468346427,4186,9.659038066864014,False,4000,"[571.8159772922791, 523.5843819405334, 523.3477180602922, 523.3462844951765]",False
COBYLA,Rastrigin,100,1,43,661.6441113462706,4149,10.086097002029419,False,4000,"[722.7714363321952, 661.8742752676608, 661.6455249959324, 661.6441309574852]",False
COBYLA,Rastrigin,100,5,47,548.2196275641556,4134,10.019572019577026,False,4000,"[607.1822752790313, 548.5303766421056, 548.2209544264434, 548.2196311558582]",False
COBYLA,Sphere,100,9,51,4.3879417618550636e-08,5630,13.352239847183228,True,5000,"[37441.57669203041, 3.5510783308209386, 0.018957146226162725, 0.00030801593457478255, 3.6494357881549256e-07]",False
COBYLA,Rastrigin,100,4,46,643.7351989175716,4693,11.314151525497437,False,4000,"[716.9776220603585, 644.6490156287891, 643.7511057716922, 643.735469166072]",False
COBYLA,Rosenbrock,10,1,43,4.0061989490486125,23519,1.3456721305847168,False,23000,"[1259.03944846784, 727.4353812446965, 40.22934629465243, 9.507428921066687, 9.138618861808274, 8.466585998447147, 7.665076688535711, 6.804229173637479, 5.903671980031957, 5.18136009806396, 4.695297014240316, 4.425487805632017, 4.270928858519499, 4.18475471128133, 4.131944043887787, 4.094332789213021, 4.069071668266739, 4.052128940400161, 4.038931983044765, 4.02823049521758, 4.020053269202185, 4.013681086712052, 4.008490904814748]",False
COBYLA,Sphere,100,8,50,4.113690208642552e-08,6783,16.043211698532104,True,6000,"[46939.15929103554, 5.207499213282609, 0.2169447096304855, 0.0016414370151745556, 5.9966315833539106e-05, 1.3535912377621168e-06]",False
COBYLA,Rosenbrock,10,2,44,0.017242716885016728,26167,1.435744047164917,False,26000,"[331.7258102500584, 318.07465543141416, 302.62404889631193, 282.8336082031443, 259.1583263236546, 225.44387224859665, 185.00134403398212, 132.49950069634906, 58.89374526580184, 4.703800430467978, 3.1514904674486814, 1.7725203023883078, 0.8537709911146982, 0.47546250875893326, 0.30893554074405105, 0.21157992985280835, 0.15310335051941373, 0.11319938855159142, 0.08582853423780687, 0.06498554841890562, 0.05147826655537081, 0.04155317395718047, 0.03385167456262623, 0.027279984674250628, 0.022042020687942143, 0.017799599829805807]",False
COBYLA,Rosenbrock,10,3,45,0.017583272123463188,19017,1.1254498958587646,False,19000,"[109.40126663000964, 5.732028763971549, 3.9647240600148463, 2.50697495216583, 1.4286643730912618, 0.7726865888665273, 0.4353289549011433, 0.27878368639402623, 0.18960240610088816, 0.13689725117085155, 0.10223775352949253, 0.08037200239167908, 0.06429526636501257, 0.05172377648074601, 0.04148705475982595, 0.033681049595083556, 0.027055665843585267, 0.021891030365318566, 0.01763661810183354]",False
COBYLA,Rosenbrock,10,0,42,4.008642195420047,64424,3.684640407562256,False,64000,"[186.08751197925113, 185.23717363493185, 184.42887624910577, 183.4298633168758, 182.61008927544, 181.77416133742767, 180.91766576854076, 179.95572636204142, 179.01969085671558, 177.97399044204235, 176.8548691033551, 175.87354851346913, 174.7970502263444, 173.8517628183936, 172.8120334181895, 171.79508531196788, 170.29535288953844, 169.14609750537537, 167.9741913257777, 166.63899259835932, 165.49147851175027, 164.0832297039417, 162.13725257228083, 160.65593350698245, 159.0485434655727, 157.594468928919, 155.7837249090215, 153.1587776555, 151.19087747402656, 149.3012889157657, 146.2596907291172, 142.96709892075725, 139.53203428688815, 135.860867498646, 132.19060399945928, 128.1989621937249, 124.24635330959404, 119.12023370328126, 114.00005674524624, 108.2843857208829, 102.21089142263396, 94.57990144592468, 85.7995284146247, 75.01880680919889, 61.00141711342564, 41.04691666428799, 18.078529445421964, 8.227093753595485, 7.4024710915333625, 6.56040153212202, 5.722254607306526, 5.046504614850428, 4.611388735361562, 4.3713859391917635, 4.240701292789324, 4.161451959724022, 4.115391054815598, 4.082992929224863, 4.058609334995687, 4.044334372532528, 4.032781272608041, 4.024052205110371, 4.016533454183854, 4.010767987022242]",False
COBYLA,Rosenbrock,10,4,46,0.013489902842548184,19102,1.2146570682525635,False,19000,"[6.861758301543965, 4.441253290233885, 2.8534898099679538, 1.5220540097493664, 0.7954784163513942, 0.44966007386084583, 0.2928740764671195, 0.19735817987057108, 0.144240387079585, 0.10815112050956335, 0.08119314685060051, 0.0625043466782671, 0.04990680203363393, 0.04026835748244183, 0.03249023245476668, 0.0263200764887586, 0.021135814208610604, 0.01704289338837566, 0.013771695073072254]",False
COBYLA,Rosenbrock,10,5,47,4.005860199494015,18865,1.1299655437469482,False,18000,"[9.356080920422965, 8.674819645058252, 7.743089609075849, 6.686026298747974, 5.64719878498933, 4.83038807363193, 4.437185308209731, 4.278158403467983, 4.191012822186777, 4.135402399139688, 4.097037381681029, 4.0722831749171515, 4.055212516411056, 4.042011541960422, 4.030880997644003, 4.022343483249549, 4.015390922534267, 4.009722170678834]",False
COBYLA,Rosenbrock,10,6,48,0.016668189205970175,18279,1.0486485958099365,False,18000,"[6.12389445660093, 4.254936070783293, 2.741828141050997, 1.648896626357764, 0.8593137629534922, 0.5086816330448463, 0.3174195538002461, 0.21597780763989227, 0.15326291090851973, 0.11369968739082384, 0.08655246985292095, 0.06563849644194548, 0.05241043153488986, 0.041808607031471844, 0.03335373130881401, 0.026773322483174808, 0.02183500430158123, 0.01771062071652985]",False
COBYLA,Rosenbrock,10,9,51,0.021468236498326545,16948,1.0098638534545898,False,16000,"[4.822816974709948, 3.3668359103877807, 1.960515519490765, 0.966802666883859, 0.5164708209887781, 0.32041071474674987, 0.2251319275991599, 0.16443416967861763, 0.1261896187803395, 0.09838806867327012, 0.07858429027059144, 0.06242505647809394, 0.05027906548931558, 0.040323753390275455, 0.032480023421831414, 0.026220152348473476]",False
COBYLA,Rosenbrock,10,8,50,4.015186385749603,16794,1.109168291091919,False,16000,"[9.31000803275422, 8.663731417580095, 7.694848599941874, 6.7027571378887325, 5.666223346993525, 4.861924424833854, 4.477921662530701, 4.295211229883442, 4.190382813541414, 4.135934504280072, 4.098418767689786, 4.071067086785556, 4.05123047062741, 4.038428508076541, 4.028103389678635, 4.020188725066473]",False
COBYLA,Rosenbrock,10,7,49,0.01650550268501373,80733,4.786542654037476,False,80000,"[554.8351055258121, 510.3740920639983, 507.1095372892005, 503.20053962529033, 500.3486114591679, 496.7380640576644, 493.82606981515556, 490.4899086472836, 486.83190973725596, 482.584286073265, 476.9308476896522, 472.81796661045263, 468.04083049634625, 462.9016887627465, 459.02908649669905, 453.9944923061969, 448.0938184697241, 442.23791001809315, 437.0471011454718, 432.3411239226183, 426.2011054806323, 420.03945660612885, 415.09592195948136, 409.2889814564441, 403.40907907997325, 398.1953763682291, 393.67111485710757, 387.90689569661384, 382.6388311244618, 376.15522179019223, 370.00201712204574, 363.49408640721265, 356.7071843531447, 350.2502822468824, 343.6120851750052, 336.81646348121916, 329.6070676858645, 322.47203563735013, 314.8390363833542, 306.99686220222867, 299.1029671914232, 291.3589549857815, 283.2037129386294, 274.81030335319844, 266.16228801693336, 257.1413192361584, 247.92400648941424, 238.55333927692217, 228.69764560982006, 218.766396724794, 208.13403311983527, 196.98130373463204, 185.4416104811673, 173.60930461111613, 161.76407870850386, 149.9070861708941, 132.65212106469858, 116.69638245277191, 98.91712091602378, 80.47787377109562, 60.9745857540995, 41.429630255805556, 11.740011384318565, 3.440081064509185, 2.485898789171152, 1.5288297435417737, 0.88572960367691, 0.5294141945035717, 0.3349151918392713, 0.2253901220111197, 0.16433545413950457, 0.12152030461122432, 0.09058281353948736, 0.07088085361130422, 0.05668405337952206, 0.045446008861891596, 0.03691735775358098, 0.029612615664608453, 0.0238796063346994, 0.019428696060706685]",False
COBYLA,Rastrigin,100,9,51,560.1593963280664,3614,8.778933048248291,False,3000,"[574.0448705291411, 560.2078323159437, 560.1596495628787]",False
COBYLA,Rastrigin,100,6,48,596.972322043559,4060,9.914912223815918,False,4000,"[616.8355607078289, 597.5978647060831, 596.9735552707787, 596.9723223324215]",False
COBYLA,Rastrigin,100,7,49,533.2957968362496,4551,10.994646310806274,False,4000,"[602.0275838669863, 534.0523033772361, 533.3114863592168, 533.2959942735039]",False
COBYLA,Rastrigin,100,8,50,556.1794840992109,4636,11.42116928100586,False,4000,"[640.8461848562014, 557.3466857400426, 556.195525498666, 556.1797334862299]",False
COBYLA,Rosenbrock,30,0,42,0.013266868721316927,96133,16.80852961540222,False,96000,"[28.502967977520782, 26.64620402662535, 25.33981365261991, 24.3145593798891, 23.57321952100662, 22.844064516928213, 22.199050565046722, 21.63707701532521, 21.08249542300599, 20.551973655210062, 20.045118563606643, 19.53532487638451, 19.028727791379303, 18.522267014941608, 18.003620552830135, 17.4905848243396, 17.000589622330633, 16.484142434139404, 15.99657479753541, 15.493105320752175, 15.0021161105017, 14.541333606778377, 14.063712265936857, 13.576327288281181, 13.105570298651255, 12.642568272759688, 12.163978445397914, 11.70078231229067, 11.242816904855127, 10.805064804686157, 10.382276990674804, 9.92675697612683, 9.493090690021308, 9.040762735381481, 8.578442956703972, 8.153700432603205, 7.694519799683485, 7.270616635569445, 6.8270655064481724, 6.404019275439047, 5.978721748439079, 5.582202793355918, 5.175800759461381, 4.786718409950125, 4.402887567411189, 3.980522081021839, 3.6022603500747916, 3.2156645256233323, 2.834309710720065, 2.459911310598426, 2.0820290324419677, 1.722637538334399, 1.3997456765005123, 1.1402892872265225, 0.9236888627286637, 0.7466222218536644, 0.6059895696050942, 0.5043821644652249, 0.4302326008503292, 0.3699454244414367, 0.3183734419704658, 0.2750766627162825, 0.2394430387104522, 0.20995334704934, 0.1856522546015007, 0.1668371791259598, 0.15008339065856952, 0.13483044806677036, 0.12126846149393655, 0.10917469816042688, 0.09833307488762566, 0.08915903108345709, 0.08091896869424993, 0.07345062505272519, 0.06781210413561164, 0.06273921386577576, 0.05794407066678902, 0.05362447507445155, 0.04951184974557913, 0.04594677883220831, 0.04251039200219863, 0.039410254363928, 0.03647514870903435, 0.03376114756529007, 0.031194485016631333, 0.02887430216488732, 0.02675686422101714, 0.024775111385640685, 0.023024889826161448, 0.021311895421839224, 0.019763303313588804, 0.018235772952320498, 0.016897791699157807, 0.015560148666700274, 0.014384994293844572, 0.013399544958162996]",False
COBYLA,Rosenbrock,30,2,44,0.015225749255785553,93197,16.069870471954346,False,93000,"[28.347923890330925, 26.672951473152025, 25.42356858782049, 24.58429559404197, 23.766980496009396, 23.04214109310343, 22.32693116350505, 21.67803065444392, 20.996527081487866, 20.398243939546116, 19.807542030437105, 19.280059067354255, 18.797061336172987, 18.29911940746728, 17.79094032401298, 17.314988512938044, 16.83204720731971, 16.337438284345946, 15.860950335781526, 15.373548877255754, 14.873107281651338, 14.379146290754301, 13.912295083526464, 13.443896627224442, 12.954993449739415, 12.486777627281388, 12.025768008360124, 11.529455408773137, 11.086579502808418, 10.634968075581893, 10.181356343230538, 9.752988667259055, 9.306539318615298, 8.871333045708498, 8.410152240405223, 7.975223835647622, 7.556912020140929, 7.119761370155723, 6.691455479752907, 6.263022756728093, 5.859789669137596, 5.460687454869539, 5.061307246232655, 4.662893844551899, 4.26288417545228, 3.8537619241257746, 3.469705680797233, 3.07782216557414, 2.6768835586910473, 2.287153459062643, 1.91221651893789, 1.5603204693911192, 1.2372916395370006, 0.990448291220716, 0.7928683247163679, 0.644089569828604, 0.527017463781235, 0.43925506600160946, 0.37347626003282663, 0.3224992210528807, 0.2800523233415465, 0.2439945242921437, 0.2131181085982302, 0.1897495283344076, 0.16990676181557912, 0.15270883665191567, 0.1374507548702933, 0.12407112154746874, 0.11127593089650087, 0.10065675046908554, 0.0910815238972694, 0.08256335025082956, 0.07474574751686688, 0.06801366566876813, 0.06174175436759013, 0.05710017787120254, 0.05285696163600312, 0.048909050601805074, 0.04512501742900321, 0.04179451598414514, 0.03875911588531814, 0.03601899672568668, 0.0334176866660339, 0.030899146918301715, 0.028609329696258318, 0.026388682142475882, 0.024453944620413132, 0.022593356595105096, 0.02095637631894223, 0.01939252245260218, 0.017977081102474073, 0.01660036079527616, 0.01545733703436577]",False
COBYLA,Rosenbrock,30,1,43,0.01289061819702804,96979,16.673723697662354,False,96000,"[29.0831015147774, 27.339751236685284, 25.869915704418705, 24.880706106371044, 24.10292015900983, 23.358654725068035, 22.72721865986957, 22.14163425242392, 21.605303369056628, 21.05359138232015, 20.520336893744307, 20.005612162002034, 19.465979298187307, 18.95238854050651, 18.449408989880187, 17.963825598597353, 17.483584372808522, 16.992800911722103, 16.527496870932453, 16.046329676262715, 15.560312233218598, 15.082671196103398, 14.63628984340502, 14.175274926530319, 13.708942585269888, 13.239068928255348, 12.760980541062546, 12.289968008525042, 11.826466710602434, 11.38479971871114, 10.942899151786797, 10.470018228164436, 10.01389598241699, 9.55616767750341, 9.116308956771805, 8.687716748858083, 8.248776221909601, 7.822714503895503, 7.395303466530812, 6.979892324302323, 6.547646217200617, 6.139334464647581, 5.718715755554979, 5.29367421743814, 4.878396035667882, 4.4551361176351465, 4.017561156435634, 3.6226180974496853, 3.234076426670737, 2.8485874132914977, 2.4692781471296588, 2.0904274742355704, 1.690739281231766, 1.3785053455212999, 1.1182770102540691, 0.8972999866060933, 0.7231509887523908, 0.5909586787432934, 0.48659616536883443, 0.4132293079516188, 0.3553292442912802, 0.3056069715760054, 0.2657640274235307, 0.23182401988777035, 0.2032460879952624, 0.18071110380462707, 0.16166173048275745, 0.14476356649636257, 0.13049118104075394, 0.11748887604376544, 0.10597239533863483, 0.09597435522518245, 0.0864519024200121, 0.07841115446755063, 0.07101121953466921, 0.06467933702337701, 0.05917036447697925, 0.054563082143172674, 0.05054218011602771, 0.046809963258646864, 0.04325518075968252, 0.040037085853392634, 0.037095693679366146, 0.03433915810559668, 0.031804659348073375, 0.02942644286146358, 0.027263772594867522, 0.02519697053305215, 0.02338529652822416, 0.021584637343244794, 0.01996815306960388, 0.01852052817066547, 0.017124598404130446, 0.015898683871417407, 0.014802516848786897, 0.013759422747137923]",False
COBYLA,Rosenbrock,30,5,47,0.01817593527716438,91596,15.718440294265747,False,91000,"[27.439277130380784, 26.10256710668517, 25.245239563042375, 24.466542234849825, 23.729486812538184, 22.98879306870012, 22.303459425925, 21.57264842176901, 20.979498532466373, 20.443055843902776, 19.919554866329218, 19.419565653823714, 18.921048727238837, 18.444501422212337, 17.92735844829938, 17.448227728771098, 16.947871264529972, 16.462064164415455, 15.960436558993917, 15.494433592316286, 15.012694131805345, 14.528367167260472, 14.058141352647135, 13.60837514056845, 13.16070702026487, 12.712363667213138, 12.260985085415935, 11.79859370594079, 11.33489096154485, 10.866442507715746, 10.381840132386998, 9.925635673719656, 9.497935685963437, 9.067463950999795, 8.618558712095043, 8.191395228751087, 7.749557878096985, 7.313334693716621, 6.880363175234095, 6.451777759902081, 6.028196063797606, 5.612330919670441, 5.197619348025651, 4.765575178567078, 4.372640885388033, 3.992756677029288, 3.582877599442445, 3.1759947335182117, 2.82921207874404, 2.4927393439241587, 2.1658595023438716, 1.8368965677758298, 1.5253342154700245, 1.241149079338789, 1.0095754906407932, 0.8156101454385906, 0.6587390133289381, 0.5409026240551749, 0.44668130137266543, 0.3825150176004375, 0.3296388383983032, 0.2858059677681006, 0.24789750483180967, 0.21716246833816258, 0.19256766970109668, 0.17270837428522953, 0.15370798464686528, 0.13781153064721008, 0.12391039822005703, 0.11176696951176349, 0.10083082247248709, 0.09144136638120497, 0.08293787134313917, 0.07521500438567827, 0.06878348069598023, 0.06273227095100008, 0.05764365306552583, 0.05282222033250679, 0.04882679655599394, 0.04520175821646006, 0.04187941426095827, 0.03871302452360577, 0.03582256192882914, 0.03310527682067607, 0.030557457891436608, 0.02820087490456779, 0.026066098671951834, 0.024115059383918648, 0.022264805376097804, 0.02051888079314992, 0.018985810187726035]",False
COBYLA,Rosenbrock,30,3,45,0.015195071577432955,94225,16.658026456832886,False,94000,"[27.934316040451538, 26.22337831114574, 24.9797908630097, 24.174378293918153, 23.424330242654122, 22.72694177008816, 22.18884965448689, 21.637689035614223, 21.10317259932539, 20.5892464805467, 20.048753946850724, 19.53948430474745, 19.015929603364487, 18.543487197058255, 18.048243090489525, 17.544075059657175, 17.032896082680193, 16.521304529851808, 16.048733976132123, 15.561238593348618, 15.104889688678956, 14.614292665110744, 14.134496698847464, 13.658214141607658, 13.175387585282124, 12.699609406892222, 12.204359781174059, 11.736587184744966, 11.26466156732651, 10.80051142459599, 10.362575298379928, 9.899387788044404, 9.447601886080935, 9.025584755514336, 8.578141591238369, 8.13537145492346, 7.684863190080657, 7.281541945342791, 6.861705117646181, 6.47718424148258, 6.055533014644068, 5.667209299362376, 5.257806702446086, 4.843155960034465, 4.42128811761803, 4.053497575629266, 3.652637149049869, 3.264015796472823, 2.8896173577829485, 2.522687306563877, 2.139375515173188, 1.782244428096891, 1.4485972760934431, 1.1740793764812718, 0.9471287762412017, 0.7711923428087779, 0.6234582968394344, 0.51808153007232, 0.4357008877361599, 0.37192172049774097, 0.32095074513201327, 0.27687188212798025, 0.24185496570670462, 0.21231949184582388, 0.1891908257898429, 0.1694259915167005, 0.15204817762419032, 0.136723682453965, 0.1231507450480964, 0.11118838120302171, 0.10040593524519913, 0.09106598428733922, 0.08223034837890694, 0.07442477760561203, 0.06790584123971381, 0.06189463340554614, 0.057205704411653846, 0.052931137356590496, 0.048975064240182546, 0.04545803407760979, 0.042007650179265166, 0.03883818715212824, 0.03601279074278564, 0.03335868345981616, 0.03097203356610896, 0.028754997142305644, 0.026647484851952723, 0.024589900057849064, 0.022786410921379854, 0.021080466902814628, 0.01953690151300564, 0.018130022164965093, 0.01675745912077138, 0.015487800401905337]",False
COBYLA,Rosenbrock,30,4,46,0.011896317584637035,96274,16.720918655395508,False,96000,"[27.880488252296733, 26.126705460450644, 25.199115841886247, 24.36837751489173, 23.6514944606066, 22.966753900559855, 22.233644524688767, 21.569171317944466, 20.915966230199654, 20.281279379576038, 19.636060063163818, 19.131526393012315, 18.628056824059755, 18.122271211908604, 17.629620897524287, 17.133674923466835, 16.6561250970627, 16.19420993946321, 15.72108041071112, 15.24136086901737, 14.75666807545181, 14.288151986421523, 13.795793186449723, 13.3305073273236, 12.859518939491599, 12.399288431109941, 11.916465383269365, 11.45499990883832, 11.011952824213896, 10.549139477412643, 10.119033196032653, 9.687833988362009, 9.227652448391147, 8.787337942076062, 8.35424847121473, 7.921744098170098, 7.477407212044236, 7.061434449704791, 6.6306559296151235, 6.210655219650092, 5.779766700340751, 5.364029114687774, 4.9788999132855265, 4.583016095225863, 4.1716537636089255, 3.739311991353706, 3.3320557710820013, 2.9402754129492115, 2.5685196446260834, 2.175178256638493, 1.8155270909467183, 1.4891941689471406, 1.197919693642549, 0.9652715500886129, 0.7730722886696721, 0.6278025869581703, 0.5143560843375955, 0.4347587941953349, 0.3699936664174841, 0.31679052768426125, 0.2740154412952335, 0.23883789255408103, 0.2101069060747969, 0.18653706261494238, 0.1653769843246689, 0.14790229395290216, 0.1332561336282178, 0.12008823030140292, 0.10862262272304124, 0.09807583314234479, 0.08861122507342327, 0.08011104397670535, 0.07306197665008368, 0.06660913870008275, 0.060663683845599115, 0.05585305403511623, 0.05164691790022191, 0.04779756459145608, 0.044237458623593504, 0.04086305807359389, 0.03789809092827764, 0.035075585681889364, 0.03255948167764436, 0.03010149038327295, 0.02777763142433517, 0.02567968756715778, 0.023719334148205942, 0.021971000706717786, 0.020351889036022152, 0.018837912254674287, 0.017438769023609975, 0.016222749418203966, 0.01503312269883988, 0.014006920271084373, 0.013002961975681022, 0.012096381205191718]",False
COBYLA,Rosenbrock,30,6,48,0.01268510912955812,95722,16.641016483306885,False,95000,"[26.869428819651635, 25.723161599828803, 24.89910355831621, 24.087677379180533, 23.29551547726416, 22.544004934637197, 21.87661565429046, 21.33881926869457, 20.7989440213505, 20.298502812110055, 19.780093825446833, 19.25870307321509, 18.74971330200036, 18.24524969330141, 17.782090022666043, 17.28595149377582, 16.798766203836085, 16.316217779070886, 15.821768079754149, 15.34052842912377, 14.86917849261072, 14.387471153225029, 13.91582332418734, 13.45082375878945, 12.993556039861353, 12.521175444495556, 12.075512559555163, 11.615680648703973, 11.152681963912185, 10.683864648327628, 10.202123752505738, 9.775442824926943, 9.32386586303813, 8.896961436464357, 8.477873617405146, 8.02226365285648, 7.58551755495673, 7.13364930309609, 6.717647827404662, 6.311519638194054, 5.897537776361197, 5.479053772224176, 5.101732189471475, 4.687037418935455, 4.282888243190814, 3.905444178926789, 3.507257618459651, 3.0807925294645937, 2.682484757605499, 2.2949103273085116, 1.9210150753704056, 1.5833727244578522, 1.2969252717528967, 1.0399066584202257, 0.8339776285219294, 0.6730709825032126, 0.5613752386444286, 0.46505842289350824, 0.3952873691242778, 0.3403370737371054, 0.2939859446760471, 0.2562243394271514, 0.2222732967438868, 0.19741417656659527, 0.17440305848945814, 0.15534455376727738, 0.1395020010521148, 0.12506494588063855, 0.11342644441436331, 0.10277680294618392, 0.09344085234497418, 0.08445584274025222, 0.0769006902311406, 0.06966152327097709, 0.06324599105825901, 0.05787099560008112, 0.053440246290052985, 0.04937330191093932, 0.04557450073949214, 0.042296954778735345, 0.039196428273006595, 0.03628564896277557, 0.03352273917435393, 0.030979976864412513, 0.028660842258229915, 0.026510950681581075, 0.02454313186709766, 0.022770554387192863, 0.021049344042171222, 0.01957219649520906, 0.018096944590303594, 0.016687780251742754, 0.01552846512703887, 0.014368600387056571, 0.013330835019465763]",False
COBYLA,Rosenbrock,30,7,49,3.998465970748559,137703,24.78227949142456,False,137000,"[29.469744493235563, 29.401908392443286, 29.396719584720714, 29.384344463356094, 29.359673509480203, 29.317524905708453, 29.250787961222805, 29.152098517334814, 29.016019286689318, 28.821072349832335, 28.615519389276166, 28.397189213651515, 28.114160560939226, 27.731335084530034, 27.364385258136178, 27.021656568081728, 26.714423855643606, 26.39808362335848, 26.08117445312004, 25.76420631325703, 25.43451726632172, 25.10483562628489, 24.804926625732442, 24.463486800498806, 24.123228893284303, 23.76299217939134, 23.410905674508168, 23.08016909381618, 22.776962695305166, 22.4564198785553, 22.116972729497956, 21.818309831538183, 21.509197946047554, 21.206526020480933, 20.906650959110795, 20.572542344968216, 20.274695296654357, 19.978298434969723, 19.65131515759973, 19.368716396549154, 19.072789858327813, 18.777094864772916, 18.482097832619466, 18.178795047939364, 17.870408190660896, 17.575747596102218, 17.28341623293492, 16.984629794068848, 16.696527961597297, 16.40476166619696, 16.101852907739705, 15.831071321556415, 15.54687118489542, 15.257169297818626, 14.948057806996209, 14.668843706859805, 14.394941125380177, 14.101247131614398, 13.813819842037386, 13.524199555589101, 13.251039163182963, 12.977832478935944, 12.698771161379778, 12.419525726784833, 12.146773398866443, 11.876080925610088, 11.595047231993458, 11.333673330503826, 11.063555093678644, 10.790833151954361, 10.525722747288333, 10.258096746852587, 9.99432753723422, 9.731143013850613, 9.455329805650694, 9.172548760802893, 8.891160161839418, 8.62152911734619, 8.350068756910506, 8.090262771196649, 7.825537243022783, 7.559801517890083, 7.294700066027525, 7.027289701493814, 6.761377321015861, 6.500443247489711, 6.239478564216556, 5.989176595368021, 5.744089595350712, 5.507104832150347, 5.2974249811244665, 5.102809370427262, 4.934104573424283, 4.793278089437354, 4.67744759278999, 4.57964153511745, 4.4988975538416085, 4.431582289169022, 4.375428916940204, 4.328817864110547, 4.289600486258764, 4.255106287663258, 4.226008617196536, 4.200323671831439, 4.177836286628153, 4.157424713417929, 4.139683297212657, 4.124359118986927, 4.110635668785846, 4.098470519530319, 4.0877791684279225, 4.077877085101473, 4.069370286808161, 4.061992792616357, 4.0553078792970325, 4.049783665902054, 4.044362974255658, 4.039841822404085, 4.035896600284216, 4.03215356404958, 4.028716803655763, 4.025622912341463, 4.022758795734093, 4.020075810948435, 4.017637890996395, 4.0154040739408785, 4.013249264101376, 4.011233377934272, 4.009285890184392, 4.007568558659601, 4.0059143039240945, 4.004494710198953, 4.00323595961394, 4.002091112037307, 4.000992720263068, 3.9999806618840106, 3.99903444438539]",False
COBYLA,Rosenbrock,30,9,51,0.01331117734774292,94933,17.771920680999756,False,94000,"[27.191595782815412, 25.883455900138276, 24.936469715117777, 24.071955656847805, 23.321054182080005, 22.59185841864892, 21.89632867626656, 21.265602854521223, 20.63588155171278, 20.128216808855775, 19.58833591213043, 19.081121900198, 18.58776512550897, 18.085469439353208, 17.591063633520676, 17.10660655887148, 16.63286583414967, 16.125218635019383, 15.624247792226896, 15.159118224986498, 14.649247050805622, 14.184488086646919, 13.706290530242718, 13.229351512712398, 12.75057720775807, 12.295783630151572, 11.83302442076414, 11.367158698690144, 10.93924257626286, 10.506214313782444, 10.041887041472128, 9.606419149861177, 9.161292858805787, 8.740973689741894, 8.30992583859292, 7.8778310442361175, 7.43274340087213, 6.978344231212503, 6.568697573243872, 6.148370785895185, 5.731237783760372, 5.351008222957448, 4.959007907071484, 4.552817492810706, 4.136574226807518, 3.7340975353226638, 3.355111806100978, 2.9661646813718896, 2.595957570019574, 2.2227973717366045, 1.8346732757596724, 1.4907976186988128, 1.2045051689376072, 0.9780940817265226, 0.7889447730569472, 0.6449843022383401, 0.5285739797580646, 0.44415643466218746, 0.38055080288058835, 0.32880959280604394, 0.28469730226661893, 0.2474500857865433, 0.2164182415408504, 0.1906390628413564, 0.16980392247854573, 0.15221842049670176, 0.1363111228627325, 0.12273835804590416, 0.11070028174212514, 0.09947516792123777, 0.08969656943706311, 0.08131085192933075, 0.07369521955768087, 0.06781300636362458, 0.06268970887972429, 0.057966698339162945, 0.05359089703206864, 0.049699879967917956, 0.04587987499835765, 0.04238138711892324, 0.03927290403591722, 0.03627908334247834, 0.03366809248954353, 0.031107969080062622, 0.028800057363792715, 0.026688996257324814, 0.02468278425448695, 0.0228490883496072, 0.021106298242882786, 0.019581921380794585, 0.01811513415018484, 0.01672866061631345, 0.015538272701887188, 0.01436172635704463]",False
COBYLA,Rosenbrock,30,8,50,0.010974363201166211,116350,21.344786405563354,False,116000,"[2987.807013249921, 2775.7150090386613, 2628.8016589431813, 2505.411871819339, 2415.348712968826, 2318.7025719509966, 2224.8107126205296, 2121.698686889857, 1979.8005864143704, 1868.9687578527405, 1759.2124058551753, 1632.8910082267555, 1510.011412959632, 1380.1233515397532, 1234.4888941183092, 1084.2708438760603, 931.9492725686389, 710.022884827408, 480.28859057029615, 83.14614195286913, 25.013416688612786, 24.218861078888953, 23.489242623195317, 22.80588117922588, 22.06656905564061, 21.502038556699176, 20.95788159249622, 20.431173243798685, 19.92207130209532, 19.4275769390746, 18.93716336202439, 18.416154253439508, 17.927617120525007, 17.427887628495366, 16.949205462772547, 16.471359596062758, 15.981071431376066, 15.487803389803357, 15.019022120597807, 14.539034828908049, 14.070630325926476, 13.609974218715244, 13.142491718360056, 12.669723189986668, 12.181317116129321, 11.71377755273917, 11.240161437714246, 10.790451617936661, 10.347684841091725, 9.923596070455115, 9.482965537366658, 9.032163015008425, 8.591555054355501, 8.168911262622283, 7.736001864150406, 7.306124474136759, 6.891504910725223, 6.450594837778216, 6.028192010873834, 5.617622237738083, 5.192527234103394, 4.780417748346872, 4.377937087902984, 3.969733521979116, 3.5664615794059777, 3.17955919177504, 2.7737722505437143, 2.3875067076589787, 2.005781240472968, 1.5861522182466186, 1.3014152947657518, 1.0457906629369056, 0.8417534444795776, 0.681545016687571, 0.561835535880897, 0.4646955660569735, 0.39556287113763094, 0.34025074826832913, 0.29400854832914297, 0.2552228321048825, 0.22444452744645205, 0.19765539315382918, 0.17632072892341735, 0.15855260933150392, 0.14253951622109126, 0.12784071101409544, 0.11520842752978233, 0.10390330095982855, 0.0941245653255906, 0.08529462362902153, 0.0774519480288618, 0.07027519785492874, 0.06451196310458371, 0.05963769626646606, 0.055132092798722665, 0.050962464277755304, 0.04721116736139498, 0.043677491555476726, 0.04039316376556362, 0.0374934123341399, 0.034703308936513765, 0.03209244496045718, 0.029709845247380864, 0.02748254842732547, 0.025463546353144007, 0.02366896919348374, 0.021952177280432878, 0.02038302642804954, 0.018894912186177514, 0.017457373107289804, 0.016221774802039783, 0.015028374683863517, 0.013952905900173621, 0.01298394353703716, 0.012108709964325247, 0.011261208105453752]",False
COBYLA,Rosenbrock,50,1,43,0.005617988345147831,111687,51.890819787979126,True,111000,"[3931.8771085744143, 3167.425655863106, 2957.352110682757, 2838.970919047972, 2768.958886014648, 2700.9021159009017, 2637.6647582217965, 2571.1659929547395, 2502.589685215918, 2428.9433925343433, 2357.847190815299, 2287.5898017572126, 2219.1907872405136, 2128.8048238238216, 2029.73556141841, 1945.8792443986592, 1860.490551299573, 1782.1060840537752, 1681.1102223967875, 1590.9036147764614, 1499.3453263795873, 1395.260663753548, 1291.8445100861159, 1177.5654276544076, 1044.3477726884662, 910.8644495920922, 769.0224419349191, 590.1221265202762, 365.314540862956, 101.47744900667833, 99.0792604959396, 98.6517166067483, 98.20488632254097, 97.61577230970582, 96.7849841448654, 96.35456807634759, 96.03307311799112, 95.69034833183379, 95.2878236233617, 94.69422369673809, 94.2774516419632, 93.97358626965998, 93.62650888822752, 93.25159344942799, 92.76612573820614, 92.11477351576892, 91.5693748583535, 91.20441238637095, 90.83514834644005, 90.46723715524273, 90.03990357790778, 89.42974081282202, 88.81918358239854, 88.44214067986837, 88.07798350253294, 87.7469323668754, 87.36582484623527, 86.85488129202501, 86.20902087168975, 85.7290952342972, 85.39114598007868, 85.0422361226164, 84.6926833434199, 84.21806195428549, 83.57802401375491, 83.05534404730804, 82.68772392350334, 82.35137753299398, 82.03278200324014, 81.64168727744374, 81.16573307566271, 80.52801982761036, 80.06829742968979, 79.74586658598402, 79.4161963154009, 79.06733757852375, 78.64314846268572, 78.04660109377066, 77.5168538497784, 77.16987602847227, 76.87568248778472, 76.55669874227505, 76.21990952400698, 75.79503272977338, 75.21177358773926, 74.67042294229428, 74.36127225255339, 74.08641476601385, 73.80372599319337, 73.47258989474048, 72.96399448126209, 72.37211972676275, 71.94437012483493, 71.66314083158622, 71.38802916140841, 71.1095129591682, 70.82734632090286, 70.45838608554146, 69.8941966191495, 69.34484132572653, 69.02517041954472, 68.77990411250458, 68.53305513577047, 68.27343208396125, 67.98155981286621, 67.61830270153327, 67.07039034899181, 66.27166496376239, 62.83915810237925, 11.849979852780065, 0.006660025641713025]",False
COBYLA,Rosenbrock,50,0,42,3.9999053125269373,228829,100.98965430259705,False,228000,"[418.0022990357241, 48.18964429862897, 47.76372206950188, 47.39172052732065, 46.9840886838925, 46.53563811790009, 46.13480608090062, 45.70304780045239, 45.278771616606775, 44.86636299002515, 44.476634444907035, 44.03416870716947, 43.6285495576911, 43.23274069371669, 42.81445677289008, 42.407110671946775, 41.9826986519862, 41.58506976364793, 41.16304049224367, 40.75743029542024, 40.37773787218941, 40.00397124240974, 39.598498888252735, 39.21903215446181, 38.82356100919398, 38.47911581957471, 38.099370953348085, 37.72823748935404, 37.36557863131926, 37.01150577548254, 36.68895651808194, 36.37302523367667, 36.070002836738155, 35.76186740002995, 35.45168040796732, 35.151141511520954, 34.849499444427956, 34.5565464855462, 34.25660035136664, 33.970054291272504, 33.63931815186032, 33.33858627294205, 33.04705632078075, 32.750937676944176, 32.452996548670995, 32.15609090544574, 31.843291967954595, 31.545777831396077, 31.27470760893388, 30.957967688612317, 30.672746837386462, 30.383531394684944, 30.08177878909391, 29.787128035483452, 29.480780085109387, 29.191381880664373, 28.90762437336916, 28.6348875432897, 28.363044219130256, 28.059510970572067, 27.803397725610445, 27.508504919908226, 27.23242150254204, 26.948193484733647, 26.67998500743277, 26.40583075748009, 26.11439688589964, 25.816429974413033, 25.53351496273676, 25.265511636572914, 24.990693959503975, 24.726883116454616, 24.447634553270323, 24.1643829279401, 23.90604874182525, 23.6362009984379, 23.376849953191464, 23.110213700886963, 22.860798392014644, 22.57814295174677, 22.303919179693715, 22.021090524432324, 21.769378083178914, 21.492579836554167, 21.22121163248046, 20.944060056532717, 20.67902550071307, 20.4279017709, 20.1767006229516, 19.91830477388349, 19.652363219049064, 19.41595895685008, 19.16888175344163, 18.921341331265715, 18.679065864103556, 18.445873223377173, 18.21617227318728, 17.97374685524573, 17.733261411936223, 17.497148264250143, 17.249870742984697, 17.000277427950486, 16.732458367380733, 16.483694937360564, 16.266316878279127, 16.03833660751057, 15.81105820105733, 15.55403303807922, 15.302899386842805, 15.04833398866817, 14.806167925535549, 14.575388859774744, 14.35105584643286, 14.108056191856736, 13.890068443907591, 13.65848222477633, 13.4370008361523, 13.224347024643436, 12.993857044049031, 12.764340555836046, 12.544391352007768, 12.307708881279744, 12.089185300323466, 11.872560863615176, 11.653670145901526, 11.44874365435017, 11.23420993263258, 11.028938610255427, 10.82262399595235, 10.599965722002654, 10.37477483978207, 10.164041110495702, 9.957523536935694, 9.753121766047109, 9.530454871289214, 9.326559724867987, 9.12279635773776, 8.90796715979002, 8.701238468165894, 8.489754370110148, 8.283726430940899, 8.063332694293637, 7.844946757105855, 7.646015151949998, 7.442387752062677, 7.266937978130197, 7.055872742070118, 6.860762636019085, 6.662861062711574, 6.470025510807537, 6.260730058598321, 6.054443160034551, 5.8444366093640925, 5.634971916143018, 5.440471201395504, 5.263345952286214, 5.104679969213592, 4.962323643557307, 4.8413470741177465, 4.744757068076801, 4.659726603783408, 4.587403699742382, 4.530889360116939, 4.47926353813738, 4.436853476756106, 4.3973256205270745, 4.358933984610593, 4.324804983333902, 4.296429552066782, 4.271418866694555, 4.250963518222036, 4.234070351202582, 4.215838074202715, 4.200195114300015, 4.185023822506715, 4.172082358632188, 4.161201914911715, 4.150591199313255, 4.141007481098498, 4.130905625703975, 4.121547526650407, 4.113187692130383, 4.105469452071407, 4.098202715584149, 4.091874275415253, 4.085591390797303, 4.0802968418263355, 4.074703227055969, 4.070164386762232, 4.066194234955121, 4.06191696733685, 4.057990426408936, 4.054796097460207, 4.051531941358926, 4.048669772014599, 4.0458477501783765, 4.043186761253198, 4.040840429294737, 4.03823005253369, 4.035706044668454, 4.033382354492635, 4.031165963628216, 4.028952232282851, 4.026966181496443, 4.024950847280788, 4.023019543706709, 4.021207059040161, 4.0195165294414545, 4.017950969221764, 4.016502266054481, 4.015040060328904, 4.0137583613564125, 4.012520460887928, 4.011332153057989, 4.01018257278729, 4.009063319189595, 4.008084451647278, 4.007235160865401, 4.006438371875094, 4.005612218414704, 4.004859279327944, 4.004126276929374, 4.0034138497523815, 4.002706994913652, 4.002070273126153, 4.001459873518132, 4.000910363076552, 4.000388964656129]",False
COBYLA,Rosenbrock,50,4,46,0.014702155406010733,228696,102.1142213344574,False,228000,"[72.8455387731387, 45.37134862676423, 44.64861500702183, 44.029187301275705, 43.513974996537385, 43.0187539106561, 42.56084408085141, 42.075958960501836, 41.589656999267376, 41.15552353548508, 40.72958461746631, 40.285131838740305, 39.84615072493418, 39.41364704255196, 39.00196772981939, 38.60948680358072, 38.195309174144725, 37.79640882412711, 37.38244890116926, 36.97055406522573, 36.63041510003341, 36.22746594682348, 35.83325345710661, 35.460037504179645, 35.054767914898484, 34.73468612921091, 34.420372414249606, 34.12481468568134, 33.805856345474574, 33.50744092776825, 33.22739573535427, 32.907703451995054, 32.602668798325944, 32.27832423963798, 31.983708763452142, 31.67103870741746, 31.36772507902812, 31.06615973712413, 30.772990184462152, 30.44269165775309, 30.13936304342005, 29.81860999091853, 29.52469666831662, 29.241982244816473, 28.93449100311857, 28.633498707808865, 28.33863076708978, 28.046080832052773, 27.76127686711332, 27.44924939949749, 27.147695643338547, 26.854322155525935, 26.551516849499553, 26.236709947531658, 25.943564878281403, 25.6310563366593, 25.341655802378916, 25.040453459095353, 24.750827182596556, 24.455848382196656, 24.17265844178065, 23.87006668461737, 23.586761573352398, 23.309697586892845, 23.027111922009986, 22.769597129872707, 22.492745116658217, 22.19607434058345, 21.913328454489232, 21.62593556033368, 21.344253749420158, 21.08183743051604, 20.805594639972988, 20.52088941380526, 20.2550131239746, 19.976047819030263, 19.688239672780835, 19.41455521121125, 19.134706777408184, 18.86885589343724, 18.61545477119104, 18.354316136951976, 18.099273144363313, 17.829524131660115, 17.552165211605427, 17.277506340696775, 17.01713722266797, 16.748009639467636, 16.476109119974073, 16.21770487651292, 15.958780558473892, 15.69390271784263, 15.424555231303653, 15.180182679058952, 14.938585386755033, 14.665796407897524, 14.425532090226781, 14.160069934231696, 13.910171436366767, 13.663209951877155, 13.434183490095254, 13.192874810382001, 12.959475804115574, 12.704377767750103, 12.47351625716951, 12.211387496844834, 11.962425538229525, 11.708323668596215, 11.46024420958077, 11.222060411608691, 11.001709148154802, 10.75355173701344, 10.524844854193471, 10.30112154967566, 10.087829719806358, 9.84092551248364, 9.595063883340124, 9.375151454798614, 9.133518457184767, 8.90863711153285, 8.70943744734342, 8.507959396692673, 8.263667552403987, 8.04418244215022, 7.836005074465406, 7.612058695251056, 7.3826953165889675, 7.14752748261349, 6.930905286673667, 6.720677527463685, 6.485131041135153, 6.267670975496355, 6.048690102734638, 5.8525563164090375, 5.638916602139563, 5.425103396378472, 5.2230998451228166, 5.020122504662037, 4.802922518800894, 4.596410681248445, 4.385532474120473, 4.17634712690555, 3.9847022385288833, 3.760323339572407, 3.5541113355094014, 3.359107520485672, 3.1508061782658254, 2.957207563884723, 2.765439233918953, 2.579337018969623, 2.3511820935058156, 2.156425728134262, 1.9529141306778324, 1.7638124708051213, 1.5932616089535305, 1.4189463667956073, 1.2505549833749867, 1.0978592738734623, 0.964853058317001, 0.8426446872958109, 0.7470165019993896, 0.6733133388603736, 0.6118747608558043, 0.5439647776605335, 0.4967593550642242, 0.4536665149569704, 0.41678187259428395, 0.3854814037450014, 0.3504193174564713, 0.32138087897906664, 0.2991428710219274, 0.2750263010726438, 0.25574452621767046, 0.23820738668289765, 0.22246928540529515, 0.2070443559856617, 0.1941342181656086, 0.1819801759647422, 0.17165062968179282, 0.16160933973873925, 0.1527102699997932, 0.14340900459137204, 0.13397996040221744, 0.125277649320785, 0.11765427344881027, 0.1110709784417507, 0.10444078862323969, 0.09847608828507212, 0.09322138916754977, 0.08814366545679753, 0.08378264460166146, 0.07981512999421603, 0.07598634235719408, 0.07218087434805243, 0.06850531996288477, 0.0652694684978651, 0.062218394635262186, 0.05939223278116168, 0.056474033207560594, 0.05420640228974441, 0.051991705409200714, 0.04955999392883773, 0.047131964142967685, 0.0449253638340521, 0.042761192858693495, 0.040719747769552186, 0.03878065402241005, 0.036887804526911205, 0.035159413847782414, 0.03347394285502116, 0.03183484627877473, 0.030413163889277936, 0.028903874667237574, 0.027600117786801843, 0.02631452086832893, 0.025174278233711617, 0.02404931961846915, 0.02292711675632665, 0.021887398443235635, 0.020999415764603332, 0.019984432371100758, 0.019108681950521424, 0.0184213397065041, 0.01764678067911303, 0.01690377868022323, 0.016295595602825445, 0.015668874069521097, 0.015097369389541718]",False
COBYLA,Rosenbrock,50,3,45,0.012036831552957355,235736,104.89636015892029,False,235000,"[223.1387517827713, 48.817428888034414, 48.17813867010493, 46.962798241628285, 46.05213347095881, 45.26212972428928, 44.547955787242586, 43.91576564684916, 43.29850399126859, 42.79298219011077, 42.33525291642634, 41.861324955802964, 41.437028697069984, 41.00266155813329, 40.598621397553494, 40.16836096138596, 39.7747802411734, 39.38057930917578, 38.96624355754744, 38.53948715213492, 38.14757444290114, 37.7385530076955, 37.31061777412276, 36.90770187614152, 36.51678199207392, 36.12144372252025, 35.713945110534524, 35.35228449299317, 34.96523908707323, 34.564595219555656, 34.20339384328232, 33.81797715329148, 33.44232112399975, 33.07059323098925, 32.697336899273935, 32.34433776486481, 32.047702803560185, 31.72550466315299, 31.420244810787345, 31.10832403724819, 30.794623161514206, 30.496770362193104, 30.186528866100836, 29.88174318108648, 29.56918304824997, 29.261179009872386, 28.960412199686356, 28.665168313759427, 28.375265517728987, 28.07348161192798, 27.78427542234117, 27.495130253042106, 27.215109973401482, 26.92159825138883, 26.64537082147502, 26.357570242310317, 26.080401303279494, 25.778091469499852, 25.487394772741233, 25.197163029176263, 24.916909182514406, 24.63651350182941, 24.34396053949433, 24.053383622798947, 23.77195814413288, 23.480674086753183, 23.200066941913782, 22.90842617156854, 22.63554458977685, 22.382498054078518, 22.0909764251066, 21.812880558050864, 21.53085479705513, 21.243254589322383, 20.97890117805266, 20.71551239940497, 20.426402604054854, 20.15720646840013, 19.886711711891675, 19.614685082264195, 19.341339232950347, 19.089539234499206, 18.816353251594396, 18.546195253077055, 18.267209342545858, 17.993136904288367, 17.72814028937428, 17.47630785185872, 17.220429084925406, 16.94941740745086, 16.708742006153496, 16.44280832732364, 16.17427883845045, 15.928024128393034, 15.669612104344312, 15.4045670507911, 15.156980445406822, 14.880811630823901, 14.61973881513672, 14.3667775818508, 14.123150637258767, 13.8780495468522, 13.646365040103133, 13.408637653581284, 13.154232591313576, 12.918212773280612, 12.671471408930714, 12.435813949039927, 12.215972393320737, 11.990062038780719, 11.729465038942323, 11.49819299156379, 11.274489834824355, 11.038992534953884, 10.802897640021072, 10.55937318119068, 10.326492199904349, 10.088331509068869, 9.8449237730487, 9.607984566459972, 9.363593594096063, 9.13510084489709, 8.911526863726245, 8.673336070314095, 8.448871396947712, 8.230212631339603, 8.007176083752436, 7.807670439470215, 7.583025622250506, 7.371324831589831, 7.137199245664526, 6.917105169401127, 6.694627004523902, 6.486685227843917, 6.288638117821669, 6.068391639883934, 5.841309289697467, 5.607901419664428, 5.384932184828784, 5.191655391490018, 4.992390754087625, 4.7750793844760695, 4.550190230790914, 4.343398270722232, 4.159963270357757, 3.958212021144548, 3.741566663463175, 3.5345519215511834, 3.327525268653466, 3.142442502883207, 2.9217761290031463, 2.7295073670632504, 2.5029245467417773, 2.310996675073771, 2.109720894988361, 1.9301712237234776, 1.749761463028306, 1.5890942035504523, 1.4009073651075519, 1.2357638441920151, 1.0833695112778985, 0.9524250550854167, 0.8341965898480667, 0.7376601287842276, 0.6613059478067003, 0.594556696523822, 0.5411887879520549, 0.49680242353096105, 0.454005477663013, 0.41870741897086317, 0.38350669310240065, 0.3487489755553963, 0.3174541446070267, 0.28913610241347376, 0.26497914772586195, 0.24555247346911924, 0.2283259214794786, 0.2139848253141899, 0.20108566037734613, 0.1893705622400598, 0.17782959236134296, 0.1677745958811732, 0.158700168282307, 0.14958789296349947, 0.14157319098763588, 0.13397501619771773, 0.12626013079314974, 0.11797216193360577, 0.11080571480798598, 0.1044569790670734, 0.09829215252837994, 0.09288409944164501, 0.0879505424574735, 0.08334284175967754, 0.07907266314075455, 0.07496473611911925, 0.07117943303045499, 0.06795038899538207, 0.06467663847201985, 0.06160445121016949, 0.058560111164604405, 0.0556576104199888, 0.05307916420878253, 0.05053079039409902, 0.04809041900948062, 0.04578682591388012, 0.04357907271389269, 0.04144998112394199, 0.039448499968192934, 0.03764625771272985, 0.035871280378519, 0.03416997275874163, 0.03256963025689384, 0.030973753479841173, 0.02958018787664492, 0.02815666661394678, 0.02680552637379663, 0.02552973827463181, 0.02437999223338855, 0.023358890735324676, 0.022237275875183107, 0.021260622659360386, 0.020296031665340462, 0.019401367062533138, 0.018585333809175937, 0.017804802268029225, 0.01700938341317182, 0.01636068534714848, 0.015727326665513828, 0.015071387204673284, 0.014444790938798895, 0.0139105197337833, 0.013375463214439394, 0.012893855973682769, 0.01239312313801364]",False
COBYLA,Rosenbrock,50,2,44,0.009306472610322962,240043,107.12238430976868,True,238000,"[173.942313018793, 46.316595715259844, 45.52981039306183, 44.82382792223812, 44.18908400652256, 43.65923632520801, 43.177826494033425, 42.723604556821876, 42.272088334061024, 41.826528364658245, 41.36013346212892, 40.910654150515825, 40.48132720870119, 40.06231110204394, 39.620068862806704, 39.200621392456014, 38.80463184388456, 38.391465246126124, 37.976293309208685, 37.58431068960608, 37.173692138889905, 36.77876065748037, 36.39215708841143, 36.015370375307924, 35.63972442085951, 35.23863929960347, 34.88052786684325, 34.54216056291735, 34.223732998716116, 33.91890802186847, 33.602013747169615, 33.266970540153764, 32.96367793677593, 32.65181073077323, 32.33450762022804, 32.0253824261201, 31.71441068711389, 31.40275005027302, 31.098198094658198, 30.8022602070727, 30.4961906232376, 30.21067868324141, 29.899127872675894, 29.595975983360688, 29.30349507476162, 29.004943574830804, 28.693605401843364, 28.4036478529984, 28.09126041995048, 27.794390542638485, 27.489809426457768, 27.198756307542457, 26.91612640688354, 26.6078539520149, 26.305071139312368, 25.99647682923532, 25.693809936530826, 25.418536414353, 25.14971458527114, 24.869539600541124, 24.56545002150809, 24.27159034850816, 23.981520788285895, 23.712501166728785, 23.414146887149034, 23.140437919017483, 22.858748300088504, 22.580893232915198, 22.302454253860283, 22.01625148286692, 21.74668525987058, 21.49207746400982, 21.22139556598478, 20.95083052101285, 20.661010435816962, 20.382627838291736, 20.11528650663318, 19.839631675642956, 19.547748325012993, 19.26726113891303, 18.98612040324224, 18.715963265464126, 18.446805515219708, 18.173001993714788, 17.91550329397316, 17.65741583586563, 17.377530931179518, 17.105747706271, 16.848881702809702, 16.57277288459506, 16.315083550680047, 16.06039210857261, 15.816778353883468, 15.562551592504777, 15.30949940744178, 15.042479215813493, 14.783485607034114, 14.549002267253316, 14.292394752693578, 14.063957367125175, 13.813252338548027, 13.573546353329272, 13.328799824760862, 13.078757459595991, 12.835116669871836, 12.579983762138212, 12.335740840813754, 12.098943718150007, 11.870527403925916, 11.644295452705338, 11.424249298857747, 11.187990214248314, 10.9505291388547, 10.725277203332556, 10.491116158673572, 10.250659508379002, 10.029562901404613, 9.788688417702762, 9.550105630048327, 9.332751007135622, 9.10885067480527, 8.887248970993948, 8.669019270703807, 8.44257394017186, 8.208779510733661, 7.997996742859292, 7.766863240646331, 7.543131687838564, 7.33117342535441, 7.107816068455423, 6.875101330085184, 6.647756253971559, 6.430912609055029, 6.209066019748935, 5.982475692574174, 5.768731263569121, 5.550314979232996, 5.331383754690036, 5.115044650037399, 4.895871409443203, 4.679677966552535, 4.4612874289675295, 4.246633440038843, 4.025424718727186, 3.8059974948970483, 3.586928086666518, 3.365195066763572, 3.1489412323101478, 2.9384862023367884, 2.725478722827616, 2.5035496971199738, 2.2830252159742486, 2.0790569674157253, 1.8723361551576474, 1.674283154669715, 1.4867845436746354, 1.3125902495413526, 1.153161600583577, 1.012716646694459, 0.8898392242253604, 0.7835728984659154, 0.6984857765991814, 0.6303856827944245, 0.5661198647229956, 0.5140276658703209, 0.4724333116775309, 0.43554456037865297, 0.4049835287041196, 0.37254700918378414, 0.3420414321255417, 0.30993676861374686, 0.2838137709909579, 0.2634446974930287, 0.24409052698186556, 0.22674490072664305, 0.20960272609853473, 0.1958847749240515, 0.18286523842078278, 0.17080404654736064, 0.16016489440734794, 0.149204346565668, 0.13927081547953973, 0.13049959307846598, 0.12161513893169526, 0.11394064116097954, 0.10719378927101347, 0.10108115964193568, 0.09500955126313682, 0.08989237165389602, 0.0846639593356433, 0.08050330651804387, 0.07666306591535332, 0.07334170692671958, 0.06986805466263322, 0.06664072634367682, 0.06363101396328677, 0.06068387117896939, 0.057682061912945636, 0.054914812651289134, 0.05221419166286692, 0.04959548467242392, 0.04720907630561457, 0.04486936909573239, 0.042751425808710455, 0.04067743614627013, 0.038788069862937466, 0.03693193267594244, 0.03511866317206684, 0.033425190908405615, 0.031886261964553436, 0.030287948800650586, 0.028936614656617506, 0.027623294372834544, 0.026266428219448485, 0.024936811480954987, 0.023789927294809436, 0.022692377722843656, 0.02167307486552256, 0.020767038437959538, 0.019917347755287626, 0.019083192254801686, 0.01826895929269706, 0.017608126958835686, 0.016942615460450706, 0.016265647199031785, 0.015635122227982544, 0.015009188808086067, 0.014471576104885114, 0.013905927501059831, 0.013398097145640726, 0.012879780223514131, 0.01237407452547136, 0.01190722506406152, 0.01146721919078977, 0.01104134218411054, 0.010658659183464087, 0.010317666586622023, 0.009958113296606504, 0.00960375573133835, 0.009308957240574857]",False
COBYLA,Rosenbrock,50,7,49,0.013358106746349883,230998,102.55660152435303,False,230000,"[1051.0194168117432, 47.49906592162301, 46.46839954204582, 45.579717458027716, 44.87141242448322, 44.175788884893706, 43.57091994294455, 43.00441510544448, 42.56311477551012, 42.12373108670021, 41.71369955707707, 41.27179470912117, 40.85503799894688, 40.43965016495055, 40.002961539465524, 39.58031610710438, 39.14535438898221, 38.727789529233895, 38.307425248179456, 37.888181450318825, 37.488267347232, 37.075781064589265, 36.64769900308088, 36.280746292169944, 35.89374144299369, 35.495113671513785, 35.10252896763363, 34.74019426268304, 34.36492995411335, 34.01916713852803, 33.64110317143175, 33.27045325185748, 32.901818617279346, 32.52641943489137, 32.172147251377, 31.83466580752985, 31.48577392183259, 31.155641200718502, 30.87144878346427, 30.565664700162117, 30.25214175934828, 29.95713016270103, 29.654021024633323, 29.36073554768453, 29.036204875137827, 28.762611326947752, 28.456260977416584, 28.14562887158642, 27.83314522016434, 27.527751087527466, 27.23623291956741, 26.951800346321484, 26.653727421863245, 26.349099859905788, 26.075775315238168, 25.797650227792026, 25.510491548895054, 25.246269804919514, 24.96597356361773, 24.67002598982367, 24.37663398545136, 24.09684408479328, 23.80876153070593, 23.514050910874733, 23.226031603339877, 22.940088383017326, 22.655069804050456, 22.353208824464673, 22.076565218508968, 21.811451563735694, 21.531528324610477, 21.249490526672837, 20.972452082045063, 20.72995400067566, 20.471027379346282, 20.181806345399497, 19.915858713535386, 19.64000223744962, 19.365086638498383, 19.103838438718842, 18.84579812364679, 18.579570027164834, 18.32514014827547, 18.059772070301957, 17.78492419226436, 17.533102167527012, 17.273300598131737, 17.030950717309576, 16.745827935117724, 16.502757651602472, 16.235622985562664, 15.98886023496739, 15.729997373746503, 15.49301577761694, 15.2317077745302, 14.979766036942333, 14.730564490416645, 14.469201917378586, 14.212947471361248, 13.992270645030107, 13.75433904857216, 13.527042956888682, 13.291722609006765, 13.051719852673788, 12.811930027123964, 12.549041216581898, 12.315068376817093, 12.083079237773596, 11.843562044000025, 11.599316637530713, 11.370151600099545, 11.140857171261418, 10.903160159859842, 10.660493565849853, 10.4316518146947, 10.199580331781672, 9.968293604336848, 9.7202942840185, 9.478392798258902, 9.269237078262973, 9.05266534441958, 8.83432633341845, 8.612426681457425, 8.379829069573567, 8.153406681996294, 7.944117104482032, 7.714591349170883, 7.513965481965854, 7.294791140064353, 7.070177339980157, 6.832939017982684, 6.61130461136234, 6.4060225284471155, 6.184199285461241, 5.976526574886583, 5.745797833486791, 5.523303733997794, 5.281759231732585, 5.070254546096949, 4.875668254895996, 4.676542430886041, 4.470303908696235, 4.250704912389814, 4.047844124397949, 3.8430476029846394, 3.630945881382286, 3.434715418973349, 3.2372258564417034, 3.039225003815094, 2.8546154974946965, 2.667781977143196, 2.456095159175298, 2.2374218083585053, 2.0416161274816984, 1.8375660540846035, 1.6627138008728357, 1.4986705995435123, 1.3520865116456104, 1.212722442446026, 1.0598447895442167, 0.9323039541982436, 0.8214373427134003, 0.719651611722641, 0.6414907362359683, 0.5769672229927811, 0.525417423644644, 0.47630639917975515, 0.4302583208906345, 0.3893540110951134, 0.3538606529067797, 0.3234211684035999, 0.29713778654127737, 0.2737812124376146, 0.2533312405074532, 0.23406764803519087, 0.21812781190812258, 0.2047571406709379, 0.1919661110244853, 0.17877947227023408, 0.16757705760462493, 0.15655326984607043, 0.14605668881157402, 0.13625130270467659, 0.12774889014446938, 0.11972534629772456, 0.11285049184548301, 0.1062761807488774, 0.10016935488718647, 0.0944062818206208, 0.08907132725394326, 0.08402349572935798, 0.07977516588058799, 0.07595394393655941, 0.07213912145603893, 0.06870623970845285, 0.065592204592276, 0.06264261107592262, 0.05980658504052068, 0.0571463919107921, 0.054445574770942265, 0.051719261460134086, 0.04924770295628891, 0.046830053048773766, 0.04459105305950217, 0.04242898397441157, 0.04034724531502022, 0.038334904880497477, 0.0364316928475213, 0.03467695473040586, 0.03298395774099914, 0.031485897566099916, 0.029997944488654414, 0.02862739892549452, 0.027235700860792984, 0.025925850609655774, 0.0247778745239133, 0.023680238136738332, 0.02260396193255434, 0.021669580808735378, 0.02072574065010038, 0.019862675003975643, 0.01907800516757496, 0.01831020525046959, 0.017602108743346487, 0.016932824973308017, 0.0163164394776779, 0.01566573859295134, 0.015024114731460914, 0.014442205737019514, 0.013932471571315004]",False
COBYLA,Rosenbrock,50,5,47,3.9973776793360063,245320,110.40043997764587,False,245000,"[107.63513799711143, 48.68955273176013, 48.4883377442309, 48.273029893618265, 48.009888873322765, 47.71354871288266, 47.4046038868584, 47.10865830991099, 46.818410156699514, 46.49426984103145, 46.16721247570531, 45.83416504835418, 45.519622568860775, 45.19439360468846, 44.87224176277582, 44.544200923409804, 44.23025150459879, 43.8985775899601, 43.56808650220647, 43.234001743931614, 42.904851445783535, 42.57298919689144, 42.257860096886624, 41.94130445242554, 41.6174801965406, 41.30122280834953, 40.970668722611954, 40.64379194790722, 40.32169204720818, 39.981888438337485, 39.649706488933234, 39.3384373033015, 39.02226209073231, 38.68885244766497, 38.35505562578043, 38.02960326664757, 37.720014123020086, 37.41872199879641, 37.11351736252873, 36.80075284905627, 36.47450227820725, 36.185716951495344, 35.88313800897003, 35.578726662607224, 35.27771224378274, 34.97390037855875, 34.68041591121104, 34.378031488134, 34.092700425202366, 33.777796606901624, 33.46401760804097, 33.18445224702643, 32.87512791763044, 32.57313341960703, 32.26099428515695, 31.965911725290812, 31.681473126946297, 31.389625739147007, 31.091457075785033, 30.795592983247893, 30.476721466506206, 30.186526440394175, 29.899687000162924, 29.611923946574862, 29.29218546634568, 28.990691145858243, 28.690596675904434, 28.42588651147703, 28.145262830398554, 27.861408839982975, 27.566618699872667, 27.271621213515022, 26.973045368906675, 26.698392879252054, 26.42942733389169, 26.16083837143885, 25.900906062659118, 25.635870905227634, 25.37698560798437, 25.0974743961923, 24.837635951778726, 24.56177643660273, 24.30526793389315, 24.034843273339042, 23.754657214249015, 23.48531324957771, 23.210796014620104, 22.931658065850467, 22.667613163029742, 22.401237855240378, 22.139738489154407, 21.872746993684743, 21.605821960017224, 21.354036325734047, 21.08780425635031, 20.83236848539516, 20.576356034210715, 20.334900571278553, 20.070337809585638, 19.812549218398622, 19.549285015302576, 19.310085716424744, 19.0559296964778, 18.824811498498473, 18.5786460981197, 18.345395114881992, 18.095970389509574, 17.837765273777226, 17.575203793419732, 17.337171851172002, 17.09566215174227, 16.88351600989235, 16.636389077609735, 16.389859272302886, 16.134842094114966, 15.883013181808149, 15.631674932272064, 15.406664172880518, 15.175110212674554, 14.920551965917152, 14.697360021556063, 14.477782726665664, 14.231973095448327, 14.003999391457272, 13.767031859028236, 13.524834993116503, 13.311719263349179, 13.068107243084494, 12.851336693695632, 12.621841823012923, 12.381255611501691, 12.155761575368313, 11.932989501001385, 11.70890712562471, 11.475654114390146, 11.244419450675814, 11.040907856323072, 10.838261462114604, 10.609593626535023, 10.404141243631395, 10.186756511535883, 9.977986764709595, 9.754570721871046, 9.537498380480908, 9.314322444678561, 9.090941734963684, 8.892762725318926, 8.68641812316765, 8.502491518898577, 8.279327068630066, 8.078971984183744, 7.88172615303296, 7.671479273403589, 7.465383279821214, 7.2620310633910785, 7.055287618666531, 6.872227423042629, 6.676042066249466, 6.473432638830607, 6.258209213949795, 6.069235295724991, 5.890195840275609, 5.7097304564968665, 5.514266441919237, 5.3373724533195155, 5.179793881514873, 5.031573900099149, 4.908073918197502, 4.802746605595233, 4.710687200924919, 4.631075474237163, 4.565632405396123, 4.511353487596093, 4.467220065214157, 4.429868634054909, 4.396128493033824, 4.358735520725023, 4.327201938897814, 4.299694479087488, 4.2764743600900585, 4.254214163686342, 4.235673996559179, 4.217732059328489, 4.202263969125869, 4.189231447759278, 4.176168534493943, 4.164534469314683, 4.152495160949728, 4.141919583299226, 4.131500612116931, 4.122135654501804, 4.113381457456447, 4.10583158693689, 4.098290996244462, 4.091941368088089, 4.08620585067905, 4.080735728288629, 4.0760627094872035, 4.071638914599481, 4.067077581164904, 4.063171919341592, 4.059589746421261, 4.055989870053382, 4.052396363243115, 4.049682895575799, 4.046552895342574, 4.044020675043241, 4.041602954404312, 4.038887288581677, 4.0363356016266625, 4.033869554457177, 4.031614609128249, 4.029430970784213, 4.0273386320147955, 4.025360671416356, 4.023467267624815, 4.021741999883318, 4.020015943898581, 4.018515972864235, 4.017053156559799, 4.015592227921357, 4.014230579379612, 4.012931997432657, 4.011728679576483, 4.010663177162854, 4.009581866589967, 4.008643229450659, 4.007631770346369, 4.006737433632058, 4.005857773706298, 4.005131941243557, 4.004428299598886, 4.0037559475338815, 4.003083134919683, 4.002465743191644, 4.0018415675057435, 4.001255235974454, 4.000713622604766, 4.000182392154916, 3.999666886532448, 3.9992059825402646, 3.998752505226688, 3.9982770233341207, 3.9978802854464233, 3.997468853277038]",False
COBYLA,Rosenbrock,50,8,50,0.00948285045784598,237344,101.3609607219696,True,236000,"[206.8967986579368, 44.381062471689916, 43.74968231125561, 43.279685365778256, 42.79361289903066, 42.31497515057635, 41.86480925579516, 41.42978747090645, 40.980677330039434, 40.52983990790479, 40.10318108487762, 39.67775372330418, 39.280774179318364, 38.85712958936553, 38.43026323767793, 38.02478037896378, 37.626495490896154, 37.225149471507144, 36.838399015972755, 36.43944296858295, 36.06193673995006, 35.70677903053255, 35.3925472822654, 35.08146366521635, 34.765455419669216, 34.44784395833542, 34.15079182054092, 33.84795159229547, 33.54271217398634, 33.226046321471465, 32.92026592588968, 32.60343874598214, 32.256051287965896, 31.94188599770531, 31.62975341016511, 31.331863839805923, 31.044879555305105, 30.73393454894541, 30.440044401113838, 30.12308418008206, 29.8315956289668, 29.51474187064883, 29.217486561991187, 28.928441179716252, 28.6356978330282, 28.34324049677345, 28.05121010525604, 27.743555008160364, 27.443446100409602, 27.14578201997788, 26.861256991415537, 26.561464676481304, 26.271708933810416, 25.976757813742097, 25.654823081920593, 25.342222405273283, 25.074894769084683, 24.779074208770403, 24.49488451784462, 24.210542418337752, 23.944825306753977, 23.625866217701226, 23.34471412568485, 23.069142794225417, 22.781807401213477, 22.49595877271091, 22.203010571159798, 21.93692517741237, 21.639741078382688, 21.34768196134481, 21.073396473456945, 20.805522885054224, 20.52993426890163, 20.260382251438013, 19.98512153526925, 19.688842922612167, 19.4159969934816, 19.149936151008472, 18.89065648130139, 18.619541674127287, 18.34375827370118, 18.071463318066396, 17.80682123460855, 17.55619301914828, 17.297444388884987, 17.02956201513529, 16.769632287255842, 16.515523580840966, 16.253262552135222, 15.995111220581776, 15.761100059526985, 15.504073944295252, 15.270176449374926, 15.020855587205345, 14.781438346406778, 14.540845796726396, 14.297638072671718, 14.047736964608085, 13.803132660933445, 13.553915538164029, 13.301008563838575, 13.05310537335847, 12.817244450357776, 12.591070695740134, 12.360384527157768, 12.124941061636848, 11.900156595038139, 11.65589023392811, 11.443215455648685, 11.214813757650125, 11.003555378382183, 10.767516198061333, 10.528351274558245, 10.285618574465511, 10.066049344260719, 9.844706093469268, 9.610171895507687, 9.389670535031666, 9.155552978634853, 8.929199235105203, 8.719867113862168, 8.503671318583411, 8.273363131386763, 8.049229802649528, 7.82364589260273, 7.618657554234701, 7.400559663606187, 7.179380673142978, 6.962514987977168, 6.724769907573423, 6.50616662612198, 6.275413674954333, 6.063025353238611, 5.8399693227852785, 5.6113741892410225, 5.380343741557468, 5.170555234979121, 4.960761681449793, 4.758690349550972, 4.566060978694325, 4.368877541956375, 4.160641694839278, 3.9531878731152563, 3.7478526139373733, 3.551107640689435, 3.345632970044023, 3.1299401321209595, 2.931795984405995, 2.7376579410710646, 2.537155144125685, 2.3391613010881853, 2.122601987800058, 1.9138632172676773, 1.7092297047191907, 1.51399238416721, 1.3292473223519727, 1.1631399466682906, 1.0212120828556919, 0.8926467617810658, 0.7919568801857859, 0.7030076470852268, 0.6303105818429089, 0.5665014153388729, 0.5106074765989815, 0.46874575498398047, 0.42735868386928466, 0.3867711485894687, 0.3527135374689927, 0.32012755308825375, 0.2943051866722481, 0.27090186758883805, 0.2518638051261221, 0.234726472913451, 0.21918480880486413, 0.2043330437867193, 0.1906473890804931, 0.1787260701050346, 0.16867685771321433, 0.15793086374683865, 0.14774398001953637, 0.13791284536760962, 0.1287667368568252, 0.1201021027081123, 0.11254965374170434, 0.10551128001361589, 0.09947436851489279, 0.09364352156541443, 0.08850099066020484, 0.08352713287330607, 0.07918720935744823, 0.07528738301274077, 0.07162945312490507, 0.06813673344987779, 0.06490662722640361, 0.06184469300553621, 0.05876667090673604, 0.05592295013465993, 0.0531093220775519, 0.05042702440921776, 0.04793928118700258, 0.0456163652525277, 0.04336116054839005, 0.04120669906717142, 0.039215062124097505, 0.03737652982041406, 0.03556460500757337, 0.03385028790016846, 0.032201217042888274, 0.030707561357409922, 0.029252953783335128, 0.027881104803930336, 0.026525066632585456, 0.025323811202346596, 0.02419400175207831, 0.023106042464010698, 0.022112399099596086, 0.02109339055416961, 0.020196486578376714, 0.019363381031291916, 0.01857602108442609, 0.017882847158212763, 0.01707051261523127, 0.01638693005296176, 0.01574071897105236, 0.015099817942087247, 0.01454432009365615, 0.014015742948000733, 0.013479470317877367, 0.012938279847120066, 0.012454817298701144, 0.011968170832562713, 0.011505254858462556, 0.011096164601129598, 0.010698285010838155, 0.010323636449791968, 0.009950654741796313, 0.009603169801749436]",False
COBYLA,Rosenbrock,50,9,51,0.01166842017494075,143767,61.41628932952881,False,143000,"[365.4263844517602, 99.50170619280522, 98.66618449398861, 97.8675455175766, 97.0188723678069, 96.00467612300493, 95.04853494735531, 94.26569562689589, 93.48155280646259, 92.69961684833729, 91.71623914730564, 90.65315968536757, 89.88186726202557, 89.13719139722183, 88.450601056862, 87.55309409756961, 86.5054682886826, 85.78499103958748, 85.09087019300232, 84.38359623554452, 83.7487239226197, 83.03773319624914, 82.1711610190163, 81.26628897331469, 80.6691216017502, 80.08555908809788, 79.46712519057529, 78.8309088195614, 78.02690459882047, 77.0726071205518, 76.43888024905031, 75.87868040520688, 75.2965846211156, 74.49864504698195, 68.8700566158697, 7.821618041887122, 7.290651106732231, 7.060539230841056, 6.855498455705251, 6.635700015763822, 6.4340180372995945, 6.237795955483849, 6.009619012724719, 5.804313340168562, 5.581228671534922, 5.371570411458792, 5.1620325147853885, 4.971805722064026, 4.751076336992455, 4.52522719132255, 4.316907578453373, 4.107799949878742, 3.8920545218635394, 3.7038795267251388, 3.501030870249097, 3.310055574434209, 3.1111254548816674, 2.9080267735467387, 2.680036875631287, 2.4861055490451793, 2.2785316833056912, 2.075213239738689, 1.8832607033559952, 1.6934959967364858, 1.5315179400324397, 1.3822545956760786, 1.2352054297278785, 1.1198244016040564, 0.984029489282203, 0.8674502295243114, 0.7623744332036206, 0.6740869151868085, 0.6048216056292747, 0.546488211953496, 0.4995033391475361, 0.4581183914229927, 0.4182517728039369, 0.3814864668080057, 0.34732482666348413, 0.3189086752692747, 0.2929303761557569, 0.2697143668464255, 0.24825104301827544, 0.231512328705079, 0.21600050552227934, 0.20165094413277773, 0.19026596425924458, 0.17755612281734176, 0.16573740375850562, 0.15521013586389676, 0.14519530247921686, 0.13540086214083702, 0.12688588108095247, 0.11928479897472821, 0.1118126467966082, 0.1051099747546266, 0.09908278459292984, 0.09405779381871197, 0.08914413979089836, 0.08499079981533741, 0.08082443038402504, 0.07672117125711334, 0.07276352102593867, 0.0694044223186781, 0.06592981959411626, 0.06312408413850361, 0.06040807838532386, 0.057570682643663176, 0.05472924772465007, 0.05206741941069643, 0.04947850832437999, 0.047163633789651105, 0.04489442741155515, 0.04272832383324681, 0.04070493203030211, 0.03876383045886919, 0.036895412836921285, 0.03518564327912804, 0.03356325556611575, 0.031900204339898666, 0.03048897585881865, 0.029112470745955306, 0.027811615859160803, 0.026541033296846196, 0.025320189533136476, 0.024108761056924097, 0.0229511085473973, 0.02194736445574268, 0.020918234472737773, 0.020114568726010203, 0.01928739460174672, 0.01854474465870535, 0.01787043805106517, 0.01718810426168482, 0.01654741524690096, 0.01586220609484513, 0.015210521698410275, 0.01462920550887465, 0.014001561698464072, 0.01343293834765113, 0.012931915906088252, 0.01246771664213656, 0.012001094079380315]",False
COBYLA,Rosenbrock,50,6,48,148.73972324233995,530666,300.01220083236694,False,530000,"[937.5948252566809, 397.01446151943145, 320.1109824924795, 279.501562861153, 261.40449442118296, 258.63264367789833, 258.3522161632126, 258.2153072910572, 258.074218790929, 257.9368815788789, 257.80862365136284, 257.6728136331115, 257.56033070096504, 257.44036388963667, 257.31358277568216, 257.1664147569012, 257.0089087213981, 256.88534971850476, 256.74963996077827, 256.63356363487475, 256.51806615383157, 256.3482826638192, 256.2073371110372, 256.0557954382825, 255.9001810833025, 255.73731262408373, 255.59643315683124, 255.4428489713685, 255.3068985946898, 255.16819414602315, 255.00782054318762, 254.85784976818317, 254.7548180125765, 254.64559486215165, 254.52193963195091, 254.40944307760486, 254.30704340483254, 254.19527149967413, 254.08710008698412, 253.97064390070375, 253.86735166049243, 253.74095746440537, 253.6194265081022, 253.52245290075248, 253.4104674986366, 253.28806004158747, 253.18554395780652, 253.07737179731555, 252.97154736004413, 252.86943157366292, 252.76700568899682, 252.6582712989637, 252.55572477392982, 252.44652832553527, 252.3350150315921, 252.21074943212324, 252.11247692665168, 252.00772675200835, 251.8933084204744, 251.7692368581578, 251.66968526814992, 251.56539097298645, 251.45146214380716, 251.34778114511116, 251.24136779162006, 251.14014152744633, 251.03465037466378, 250.9178293995978, 250.76943675891565, 250.66273597908642, 250.55658231290923, 250.42574501573955, 250.31429898279103, 250.21050126223668, 250.0885436817016, 249.9867377847007, 249.86894069944876, 249.75915177694463, 249.65232407329117, 249.53889042243208, 249.42483367026682, 249.31870723017053, 249.2154033350832, 249.10450510986058, 248.97721809163966, 248.86689227423898, 248.75519451903745, 248.64019663980227, 248.53867064533844, 248.42449270180686, 248.3082210245022, 248.2095665764636, 248.10693100187348, 248.0010636868092, 247.88822582516252, 247.76161917113157, 247.65275742198781, 247.51667982096228, 247.34357965747847, 247.23636067388153, 247.11647008782944, 246.9989208091686, 246.88391482365452, 246.77819440119674, 246.67245155056142, 246.54292555502636, 246.42891773045378, 246.30947770747338, 246.13964785169452, 246.02608634128677, 245.90831819619072, 245.79904969825316, 245.68032694757244, 245.54801612589893, 245.41604656007536, 245.30049411919666, 245.18039798636173, 245.0525711287614, 244.93320056767755, 244.82208321347244, 244.70248956158937, 244.58867801128062, 244.4638011146868, 244.3400098184663, 244.22601045434854, 244.10537596457866, 243.9931398334624, 243.87849019692416, 243.74027058351197, 243.61776172444618, 243.50171668789653, 243.38628477188217, 243.2727206799604, 243.15837379857996, 243.03377977623978, 242.9210513183045, 242.78149887690122, 242.65041698829765, 242.5242416861155, 242.4148602663783, 242.26066111035706, 242.14983644224714, 242.00343298050257, 241.88157736217696, 241.76161839127607, 241.6335254050065, 241.5154933820776, 241.39195866382988, 241.276609816339, 241.14879768959935, 241.0056653794565, 240.90131046430616, 240.7839557123427, 240.66455915533533, 240.55311476010732, 240.42175976941274, 240.27242647745305, 240.16227164035337, 240.04879518699923, 239.9356626981302, 239.81280719771658, 239.67804091839176, 239.5458056686017, 239.42330405454177, 239.3083834343296, 239.17854312387036, 239.04580369471097, 238.9285520698541, 238.78300143807263, 238.65127523953743, 238.52244138582805, 238.40523557902313, 238.28165855141975, 238.16585072683225, 238.02949681458736, 237.9098282980185, 237.7897051775777, 237.6271270991549, 237.50443796275698, 237.38179674355806, 237.25094831195855, 237.1060069997406, 236.98227507221085, 236.836894474676, 236.70934546666848, 236.5776188946525, 236.45905044532958, 236.33511301096343, 236.15012477543812, 236.01262933298455, 235.89846310895737, 235.75896069404112, 235.6272678005993, 235.5044501730403, 235.3064244183556, 235.1262431901531, 235.0098399061302, 234.86152272181064, 234.73379670898123, 234.61110514418277, 234.47487392223763, 234.32680559426012, 234.20700399731547, 234.06569220791368, 233.9266261500669, 233.80132787726248, 233.67507616261173, 233.5552724858729, 233.4059946847998, 233.27926263042727, 233.15813431327467, 233.0120225764852, 232.87141944062677, 232.72199012133055, 232.59434014125907, 232.44559097181002, 232.31193300868458, 232.10767240963318, 231.9629199894848, 231.83054046943178, 231.7083630954722, 231.57650574324998, 231.41683250492713, 231.28633042590045, 231.14850073381277, 231.01984523970737, 230.87733354115457, 230.73518057443493, 230.57684695313768, 230.4315585183009, 230.28719904268021, 230.13540317226247, 230.00507793146085, 229.8697248623947, 229.7226269306849, 229.5771066945799, 229.45143467980787, 229.32067319062642, 229.18544806554203, 229.06086454485143, 228.91610976469764, 228.78688899118552, 228.65167210342904, 228.50663162589356, 228.36567399057984, 228.2283432141689, 228.07929457852538, 227.94066083478458, 227.77617006146278, 227.61204732072687, 227.470830673182, 227.30426895686423, 227.15088609886237, 227.00902635370156, 226.85704562265303, 226.70906421688684, 226.56405143329917, 226.41307939421077, 226.2605289234179, 226.10848954224107, 225.9684997687229, 225.82053429817415, 225.67546801428472, 225.53407686030732, 225.39554884252524, 225.2388253191836, 225.03775912548045, 224.89819447834358, 224.75978727486802, 224.6106740350583, 224.45204402210808, 224.28324059486982, 224.08390309088273, 223.91871755606974, 223.77233520220423, 223.61720854785034, 223.47426556438487, 223.31518164749963, 223.1511421176723, 223.00105421588808, 222.85391830593886, 222.71017894700668, 222.560077028802, 222.40852393058742, 222.25092992837293, 222.0802038921764, 221.91961695805693, 221.76023986144662, 221.60258372550203, 221.43226833111763, 221.2636161694757, 221.109784400517, 220.9308948669438, 220.7526398391816, 220.60282074733044, 220.45498184890982, 220.26894386452938, 220.10905866215813, 219.95389397135338, 219.79400463499644, 219.64441286757267, 219.46918360150357, 219.27496635697264, 219.11197350987527, 218.9189623818419, 218.7287562762669, 218.56300176986326, 218.40624057467207, 218.2533202201714, 218.09247961362104, 217.93251611531952, 217.75361973879632, 217.59420537052372, 217.41709732791958, 217.25296162282376, 217.06327172722166, 216.90028030393734, 216.71326668390788, 216.53305843281672, 216.3465686863686, 216.11012789321398, 215.9345995472255, 215.7602623789865, 215.57210845287614, 215.34933653910554, 215.1826064718036, 214.9607928096543, 214.76216869984341, 214.52183478372467, 214.35523075390677, 214.1762670037348, 213.99683006319628, 213.82719552143016, 213.629089169916, 213.4369923669999, 213.2551683152805, 213.07606245768366, 212.9000341827936, 212.70795877244726, 212.52609769011968, 212.33231013404384, 212.13582656780702, 211.91351407441675, 211.7057941255252, 211.52849092511855, 211.356901981014, 211.17928891318437, 211.00455350001764, 210.80163466993707, 210.6064992406244, 210.4220824854874, 210.23277289159, 209.98832812134665, 209.7788779056851, 209.58399913582056, 209.38934082703437, 209.20583743158906, 209.01431940428537, 208.8140770456926, 208.6019989551648, 208.40773222054773, 208.2185117304242, 208.01405087060883, 207.82670049929118, 207.63586924550302, 207.43426417098337, 207.2265003261183, 207.0264779534861, 206.81906493614895, 206.60471189296265, 206.38996277173328, 206.1813306547177, 205.97888638983352, 205.76048403248888, 205.55005184224052, 205.31308272673434, 205.10297856993463, 204.89322687020672, 204.61250697258424, 204.42093435189406, 204.18493641736677, 203.97370718673983, 203.70471869577122, 203.48995545090293, 203.27485556719523, 203.07159258257047, 202.82408466934413, 202.59100161574585, 202.35634004434408, 202.12149441763214, 201.91373515300174, 201.65938750271104, 201.4318348404998, 201.18656619517506, 200.94526658406687, 200.71979441697906, 200.48836782717046, 200.26549992689166, 200.0284012816057, 199.7646268894168, 199.49876153466943, 199.2455401219009, 199.00659656888683, 198.7569879460105, 198.49231392024063, 198.26557637764424, 198.0009680989539, 197.75820933306224, 197.52860206987103, 197.2799357757537, 197.0236865411189, 196.7621734202019, 196.50796347145337, 196.26643776985077, 196.02549345683596, 195.78536828097253, 195.5378085814234, 195.29465788498783, 195.05304751738169, 194.79333762982645, 194.5409694980263, 194.2759042547703, 194.00325776246328, 193.69459087051672, 193.42463048178183, 193.17391456599768, 192.92102068455642, 192.65069837223913, 192.38326831000998, 192.10994339289607, 191.8418106685724, 191.5734836276534, 191.30473378062365, 191.01009401354858, 190.72038173265378, 190.44562102716995, 190.17954515478826, 189.9048994979778, 189.63152299313208, 189.33269487745378, 189.03485532096047, 188.74067273180955, 188.46608491453827, 188.17646476058906, 187.86989850184656, 187.5966062285052, 187.30532682623573, 187.00155867409802, 186.6593685510748, 186.35731776821555, 186.0536985725546, 185.72043102127446, 185.4279105762727, 185.13167466068447, 184.80725715207868, 184.4648427485538, 184.13112850306862, 183.79875956525237, 183.47210071479475, 183.1409154770482, 182.79438854102284, 182.4621459273462, 182.12543820412523, 181.79457385202434, 181.46843960750786, 181.1082106995105, 180.76984664503775, 180.4328503487619, 180.0557433193709, 179.70713278112848, 179.35662836183417, 178.9977346205052, 178.61845575481547, 178.23467835530738, 177.8744921578413, 177.5097202594792, 177.1223631668738, 176.77171178093758, 176.38665745415938, 176.00354570804745, 175.61200498810135, 175.21210465459316, 174.84362732132522, 174.46472579693602, 174.06957636261123, 173.6711862471946, 173.23926768450647, 172.82770106699462, 172.43267902108497, 172.013561132616, 171.60180439502838, 171.18893156043413, 170.7596605120962, 170.31216844394962, 169.87557942268046, 169.42143246345796, 168.9420692081985, 168.49208837830952, 168.0034824744504, 167.55161408576268, 167.08633483788435, 166.6118119811146, 166.1267050010156, 165.64636009293795, 165.16576442439032, 164.64845622788235, 164.12286689814806, 163.60758517954673, 163.07865766346464, 162.48472377700276, 161.95852493088597, 161.38912864696113, 160.82798129728369, 160.23760545185243, 159.65629460385728, 159.02677836807416, 158.41628931677857, 157.76940598241222, 157.12636715390326, 156.46166344902502, 155.82895203302348, 155.1655314912498, 154.49383587683474, 153.80790803187688, 153.07356274833856, 152.37494754530266, 151.6264226450737, 150.87102950443898, 150.08168329651986, 149.26524131996155]",True
COBYLA,Rosenbrock,100,0,42,81.48366426153301,67157,300.0185763835907,False,67000,"[707640.842445744, 670.7828834365725, 104.69164625189829, 98.26676991854711, 98.03395044254952, 97.69789636862046, 97.30911536886157, 96.8878153853427, 96.4896795645264, 96.06910156771812, 95.60421079967959, 95.21068532305088, 94.83724486016737, 94.53537353583677, 94.21312806613187, 93.89678771815983, 93.55384526157859, 93.18709495106249, 92.86783111594217, 92.55201396082396, 92.26149262935424, 91.97887184284265, 91.68927225191892, 91.37780354374846, 91.10672086997984, 90.82822256287584, 90.56472707512536, 90.25951787231413, 90.00806969103151, 89.763813688663, 89.52732943496338, 89.27488055422408, 89.06844788951274, 88.8373847472058, 88.6234096465752, 88.38817659024834, 88.13946644658748, 87.91429932344704, 87.66676474685119, 87.4397403822911, 87.20551286501191, 86.99291776626706, 86.75931845132652, 86.52770983900572, 86.31619681287816, 86.10579781826851, 85.89065629674991, 85.6749154153014, 85.44844880602406, 85.23017241514097, 85.0121915919237, 84.77460956669665, 84.55039269755524, 84.31964786624837, 84.10847257042309, 83.88266298165055, 83.65199429189772, 83.44742105294068, 83.21644046195026, 83.00837665752246, 82.78022410734854, 82.55897028581245, 82.35146674306203, 82.14695280618821, 81.926619369708, 81.70953408755334, 81.51915527260873]",True
COBYLA,Rosenbrock,100,1,43,89.23747970576028,66708,300.043643951416,False,66000,"[960989.991067826, 1078.7945930940027, 294.1815952375571, 106.12726647111583, 98.76297300983538, 98.66346788451293, 98.65135738821812, 98.63348405660595, 98.60290069291102, 98.55737291490725, 98.50672572635293, 98.44176836013303, 98.36863957884962, 98.28392095062927, 98.19089626998408, 98.0835471777886, 97.96585512031302, 97.84043385736382, 97.69508321560109, 97.55681945926877, 97.40110277723065, 97.24906340995244, 97.09275473578522, 96.92458667109372, 96.76155929686493, 96.58355709862066, 96.40617172353868, 96.24120566059705, 96.07031546971288, 95.8967266214516, 95.7252696822674, 95.54652612087222, 95.36925354426003, 95.17969233275917, 95.00563855224877, 94.80269019317808, 94.62588997084026, 94.4403881928888, 94.25922323395359, 94.07908288883468, 93.89975757003567, 93.713884188789, 93.5247088652338, 93.35581808038188, 93.17158088937256, 92.99319249301813, 92.81197606265303, 92.63039506354974, 92.45586566445964, 92.279923167375, 92.10182713093458, 91.92007601363217, 91.73905304933221, 91.55222381156632, 91.36621507002596, 91.18613452634207, 91.00202393794432, 90.81692548013184, 90.63521198259814, 90.45451664134218, 90.26223070922978, 90.08077379491813, 89.894746701966, 89.71278162225678, 89.5476426575257, 89.36084978648609]",True
COBYLA,Rosenbrock,100,2,44,269.4862927583144,66305,300.05107402801514,False,66000,"[649256.1712456464, 1854.1378320455512, 688.3233610123248, 501.680375793689, 397.81482685733243, 380.42344224719164, 366.6265615392067, 350.15811466231054, 336.68822700157887, 333.8153403478213, 332.9248170243238, 332.5230132645211, 332.2139518265097, 331.92685329897245, 331.5963703861672, 331.2201745534179, 330.7923457215026, 330.3217672335989, 329.77936455973116, 329.2697806254919, 328.60739871439205, 327.8809271571927, 327.20376407623945, 326.37396862570046, 325.02525432418946, 323.29965299207146, 320.75899578528055, 316.9091794280536, 312.3548249710965, 306.05219568229404, 297.7907037697426, 289.58759878690614, 281.70571725765694, 277.089225805888, 275.2498696485945, 274.68071873754303, 274.4373342957674, 274.2328735092487, 274.08532656428247, 273.95009465507434, 273.79255862856667, 273.63335814204953, 273.480242042996, 273.3362425657952, 273.1883551516006, 273.0294865962597, 272.8501818370393, 272.6849070441264, 272.4920543198467, 272.3063754608373, 272.160460073493, 272.0013524284373, 271.826040838176, 271.6530464484991, 271.4800513872594, 271.30302365412956, 271.1183376999756, 270.9297396985627, 270.74443935871034, 270.57639409971887, 270.4061831947715, 270.2423787301182, 270.066349642902, 269.91237427349125, 269.7084350368043, 269.52213973294386]",True
COBYLA,Ackley,10,0,42,19.517977851810524,207,0.05108809471130371,False,0,[],False
COBYLA,Ackley,10,1,43,19.49312783038545,206,0.14951515197753906,False,0,[],False
COBYLA,Ackley,10,2,44,18.632881135742473,200,0.12037467956542969,False,0,[],False
COBYLA,Ackley,10,3,45,19.54227336140296,200,0.24506640434265137,False,0,[],False
COBYLA,Ackley,10,4,46,19.542273350102683,208,0.21734356880187988,False,0,[],False
COBYLA,Ackley,10,5,47,19.232169303150283,202,0.14140772819519043,False,0,[],False
COBYLA,Ackley,10,6,48,19.330089843740907,210,0.12402009963989258,False,0,[],False
COBYLA,Ackley,10,7,49,19.486452019755575,194,0.14543366432189941,False,0,[],False
COBYLA,Ackley,10,8,50,19.35237459554458,203,0.1581742763519287,False,0,[],False
COBYLA,Ackley,10,9,51,19.17071674737609,192,0.12926959991455078,False,0,[],False
COBYLA,Ackley,30,0,42,19.474305020119047,804,1.2382841110229492,False,0,[],False
COBYLA,Ackley,30,1,43,19.5876748970346,804,1.3659436702728271,False,0,[],False
COBYLA,Ackley,30,2,44,19.43209975721486,803,1.3652315139770508,False,0,[],False
COBYLA,Ackley,30,3,45,19.517546271882996,810,1.2029449939727783,False,0,[],False
COBYLA,Ackley,30,4,46,19.477280168931504,814,1.3584392070770264,False,0,[],False
COBYLA,Ackley,30,5,47,19.55753630634081,786,1.206749439239502,False,0,[],False
COBYLA,Ackley,30,6,48,19.121826099424233,890,1.758899211883545,False,0,[],False
COBYLA,Rosenbrock,100,3,45,89.46962568234102,61612,300.0692071914673,False,61000,"[776364.2611496244, 1153.7109090325343, 638.0019266613211, 521.688985298316, 458.8818315710049, 432.84273632185136, 415.58468859885573, 410.9655044535449, 408.1495349378473, 405.08754740124675, 401.96278223031123, 399.57610692997963, 396.8267805020682, 394.4315701207732, 391.6791131856627, 388.52514847294196, 385.58000111592327, 382.989401376705, 380.27502958142287, 377.1895937386329, 373.8450752161468, 370.54338132238365, 367.11990014523474, 363.66869829004855, 359.87833042654825, 356.1768236615062, 352.57503364937503, 348.5987655711206, 344.32120653150025, 339.63187419301573, 334.49898633676776, 328.37496092419246, 323.6415833903021, 318.3862597282518, 312.9807271798483, 307.43419569592146, 301.82293604163226, 294.9153643811313, 288.054139354861, 280.26043169815773, 271.4706283484122, 261.22048710327243, 249.84122705525965, 236.3789280167823, 220.36504730186388, 197.3514440099624, 156.68786980746242, 96.15674368426487, 93.1365475288918, 92.79531855844311, 92.46943477459007, 92.16329758092729, 91.8800195277648, 91.57021670880734, 91.22125209738418, 90.9543103472941, 90.65630077576735, 90.41304328634538, 90.1821450671617, 89.92809407963803, 89.647362284022]",True
COBYLA,Ackley,30,7,49,19.467409133799023,820,1.3957843780517578,False,0,[],False
COBYLA,Ackley,30,8,50,19.508342844369306,769,1.3570785522460938,False,0,[],False
COBYLA,Rosenbrock,100,4,46,82.44103071056962,60765,300.06356263160706,False,60000,"[1042876.7956536788, 457.0854097882073, 112.48852675476714, 97.92583927613876, 97.28403614062421, 96.80565494437063, 96.3994278475727, 96.01768585140168, 95.56599041891752, 95.16728481672085, 94.74083730050098, 94.33139129482028, 93.98182101505284, 93.68667156066978, 93.37285832193845, 93.03091475982067, 92.74080708487841, 92.43105951144628, 92.14321813792303, 91.85598169817077, 91.55833123757102, 91.27194811117052, 90.94119335102492, 90.66880132441172, 90.43302466044703, 90.17501592638142, 89.92029587836919, 89.66432148709507, 89.44325711772622, 89.23527156126774, 88.96274441206091, 88.75079909921924, 88.48677221918663, 88.26741108456704, 88.00293955704404, 87.75299174913458, 87.52508882168803, 87.30040293418622, 87.0921436869753, 86.88005047683419, 86.67982179969331, 86.47904586894953, 86.26601608725161, 86.04436693579696, 85.83708512449435, 85.6198393479597, 85.41512539200178, 85.16775342512008, 84.95997956538115, 84.75236866240897, 84.52021298724593, 84.31126202239187, 84.09168004943434, 83.86063568416898, 83.64963265024916, 83.43066994105138, 83.23312231488376, 83.03358328997108, 82.80346507653148, 82.60867537199981]",True
COBYLA,Ackley,30,9,51,19.115615501843614,902,1.406440019607544,False,0,[],False
COBYLA,Ackley,50,2,44,19.55875714008932,1477,5.353501081466675,False,1000,[19.558766760331945],False
COBYLA,Ackley,50,1,43,19.626955349504517,1606,5.984373331069946,False,1000,[19.62699296649145],False
COBYLA,Ackley,50,0,42,19.527181088381376,1623,6.112914085388184,False,1000,[19.527337792577068],False
COBYLA,Ackley,50,3,45,19.482732604681008,1469,5.993156909942627,False,1000,[19.482770188273037],False
COBYLA,Ackley,50,4,46,19.631677191248833,1576,6.231991529464722,False,1000,[19.63171575840143],False
COBYLA,Ackley,50,5,47,19.481995940343946,1554,6.269056081771851,False,1000,[19.482016610854657],False
COBYLA,Ackley,50,6,48,19.382006808700446,1659,6.046915054321289,False,1000,[19.38210175997206],False
COBYLA,Ackley,50,8,50,19.42042427471307,1344,5.231010913848877,False,1000,[19.420426636830353],False
COBYLA,Ackley,50,7,49,19.522914217376787,1466,5.535099029541016,False,1000,[19.522928311931153],False
COBYLA,Ackley,50,9,51,19.340633310116036,1643,6.008105754852295,False,1000,[19.340865107439136],False
COBYLA,Rosenbrock,100,5,47,173.09548343491696,49478,300.0181362628937,False,49000,"[619662.111827083, 640.2697026375707, 348.51317894540784, 261.5035729442199, 231.76836727933897, 223.27478011163916, 212.22228359511138, 195.9896835007049, 179.09903191026, 175.05023151777476, 174.40363142065883, 174.3056662382233, 174.2698755980807, 174.23330541534284, 174.20785026214006, 174.18178829576547, 174.15923490372043, 174.13053134699322, 174.10219088409715, 174.07523976353096, 174.05133826044343, 174.0278409750931, 174.00252577882154, 173.97217670020825, 173.93741400120368, 173.9127207300699, 173.8819156817761, 173.85005977162018, 173.82022576082107, 173.7926667008275, 173.76183724130576, 173.73107454856128, 173.69936583947091, 173.6668956174979, 173.63327337536026, 173.59980189473833, 173.56675691238118, 173.53367920679165, 173.50200717744676, 173.46564083416442, 173.42973840604037, 173.38968760880346, 173.35285567020094, 173.31694907472328, 173.27377237214486, 173.2329614124705, 173.19335456898622, 173.15647193672658, 173.11466609301033]",True
COBYLA,Rosenbrock,100,6,48,92.18480270374944,47422,300.0197958946228,False,47000,"[930935.8659567423, 738.3258337951579, 397.6289957018072, 362.17250031294463, 313.89281768401605, 274.80347490241036, 242.49028648889748, 234.20290419240106, 232.48311299091296, 231.27197895259962, 230.03324103930927, 229.0030696573229, 228.03108932769274, 227.03450754580214, 225.99719498564554, 224.91368214056658, 223.46425982330499, 222.33727154452978, 220.98844726085161, 219.50286531804866, 218.01516615606354, 216.32559164367925, 214.61264629987718, 212.68365310255396, 210.54159324433488, 208.3239960414732, 205.69726490972153, 203.0240825984475, 199.35912797347265, 195.20352898121732, 190.9983343114676, 185.13196637709027, 177.3901240830595, 165.10092145282098, 129.1475560289772, 96.09230195218011, 95.71186701702915, 95.30863409892638, 94.93290891032329, 94.59403561001797, 94.21621552467194, 93.86392066013029, 93.53134264677269, 93.23396184787579, 92.88745569166663, 92.56942019201703, 92.31010369493674]",True
COBYLA,Ackley,100,0,42,19.564107473556692,4301,50.17729687690735,False,4000,"[19.68390790758414, 19.565004731167228, 19.56411984021715, 19.564107488144348]",False
COBYLA,Ackley,100,1,43,19.522965286500966,4408,50.323431968688965,False,4000,"[19.686017716331616, 19.52555209552205, 19.522979681387227, 19.52296533971197]",False
COBYLA,Ackley,100,2,44,19.58455407297592,4292,44.97606682777405,False,4000,"[19.626778679907872, 19.58455407297592, 19.58455407297592, 19.58455407297592]",False
COBYLA,Ackley,100,3,45,19.539987809822073,4395,38.30208897590637,False,4000,"[19.668324405141252, 19.541386390313285, 19.5399995622105, 19.539988061126987]",False
COBYLA,Ackley,100,4,46,19.509367460144922,4924,34.60035061836243,False,4000,"[19.657120645582033, 19.51159984039696, 19.509425618703634, 19.50936825642692]",False
COBYLA,Ackley,100,6,48,19.496889124811677,3729,10.153663158416748,False,3000,"[19.621313962459148, 19.497488488542587, 19.49689001947324]",False
COBYLA,Griewank,10,0,42,60.2088336165673,1079,0.10274839401245117,False,1000,[60.20883407614088],False
COBYLA,Griewank,10,1,43,9.723809141582473,1446,0.11491179466247559,False,1000,[27.866944279697922],False
COBYLA,Griewank,10,2,44,6.104622801148169,1067,0.06719970703125,False,1000,[6.104624397898986],False
COBYLA,Griewank,10,3,45,2.71479001429943,1663,0.13883090019226074,False,1000,[40.435337142416],False
COBYLA,Griewank,10,4,46,1.5597744963160276,1590,0.11821389198303223,False,1000,[23.977399979368283],False
COBYLA,Griewank,10,5,47,11.966410257269445,1404,0.12633490562438965,False,1000,[24.075098851771422],False
COBYLA,Griewank,10,6,48,9.67780494843593,1345,0.08746647834777832,False,1000,[20.396249719163134],False
COBYLA,Griewank,10,7,49,42.74554271908492,1036,0.08646893501281738,False,1000,[42.74554275088236],False
COBYLA,Griewank,10,8,50,43.41228724810751,892,0.06137704849243164,False,0,[],False
COBYLA,Griewank,10,9,51,86.70484962176009,824,0.04362916946411133,False,0,[],False
COBYLA,Griewank,30,0,42,7.629989973167994e-09,3484,0.7496483325958252,True,3000,"[257.1317724499143, 8.075121512446815, 1.235308011982017e-05]",False
COBYLA,Ackley,100,5,47,19.40092891798479,4414,12.357046842575073,False,4000,"[19.580179660573233, 19.4017438382824, 19.400952051443966, 19.400928990016425]",False
COBYLA,Griewank,30,1,43,0.009857286654771813,3762,0.8228452205657959,True,3000,"[330.71891507875745, 22.401180192273035, 0.010107564594862506]",False
COBYLA,Griewank,30,2,44,0.007396042295998884,3472,0.7888047695159912,True,3000,"[232.44039130033386, 5.433335131429508, 0.007402986121444632]",False
COBYLA,Ackley,100,8,50,19.432599121274126,4084,11.447575330734253,False,4000,"[19.539396940060595, 19.43372018057134, 19.43260357718979, 19.432599123306733]",False
COBYLA,Griewank,30,3,45,0.012316076295595613,3573,0.7571506500244141,False,3000,"[285.4799450893691, 13.175023165477327, 0.012333843294691005]",False
COBYLA,Griewank,30,4,46,3.5140025334001734e-09,3513,0.7363042831420898,True,3000,"[261.7341643238681, 8.557764205168079, 1.4324679453170397e-05]",False
COBYLA,Ackley,100,7,49,19.532272596555906,4595,13.120227813720703,False,4000,"[19.658135337057534, 19.532981377351348, 19.53228428425189, 19.53227279973861]",False
COBYLA,Griewank,30,6,48,0.007396043246241102,3351,0.6194930076599121,True,3000,"[186.56407175886793, 1.746598066661108, 0.00739653880440605]",False
COBYLA,Griewank,30,5,47,0.007396046712839666,3687,0.856886625289917,True,3000,"[337.41612994734936, 22.682190017628812, 0.007557630100420321]",False
COBYLA,Griewank,30,7,49,1.3378563812338484e-09,3555,0.8035120964050293,True,3000,"[248.12271419493976, 7.230841121189611, 1.3681472114335236e-05]",False
COBYLA,Griewank,30,8,50,2.5080797438903346e-09,3555,0.7820279598236084,True,3000,"[233.4938860611559, 5.313329878013724, 8.935168095969281e-06]",False
COBYLA,Griewank,30,9,51,0.007396043939605801,3391,0.687791109085083,True,3000,"[178.6740754815341, 1.4454532337813855, 0.007396952636874454]",False
COBYLA,Ackley,100,9,51,19.37437444394227,3946,11.234039545059204,False,3000,"[19.50733289760309, 19.375060754141224, 19.374377133839193]",False
COBYLA,Griewank,50,0,42,3.988382624164899e-09,6474,3.4331510066986084,True,5000,"[799.8858547807889, 245.76151247408646, 18.37887937806711, 0.03385306480081607, 5.976396876017365e-05, 8.061535239356488e-08]",False
COBYLA,Griewank,50,2,44,0.007396043239826233,6360,3.2843730449676514,True,5000,"[736.3341990177233, 195.76008538751907, 8.528861811414624, 0.02160303884956305, 0.0074193835879842185, 0.007396082181115871]",False
COBYLA,Griewank,50,1,43,4.901819394831364e-09,6466,3.3394196033477783,True,5000,"[855.7675229999114, 249.28127600524033, 15.83608167260641, 0.033417755672702554, 5.625711568413294e-05, 1.2129648718772756e-07]",False
COBYLA,Griewank,50,3,45,0.01231607536613577,6537,3.3625376224517822,False,6000,"[715.0328499209642, 185.49091347308485, 7.060979211904754, 0.03879263793047383, 0.012376026477736723, 0.012316215918158013]",False
COBYLA,Griewank,50,4,46,2.4175190738162655e-09,6729,3.60947847366333,True,5000,"[949.3546757266295, 313.9113362611597, 33.76549800289652, 0.09165815320953863, 0.00013108295280550575, 2.32264736110821e-07]",False
COBYLA,Griewank,50,5,47,0.007396042545444237,6411,3.246797800064087,True,5000,"[746.443447702512, 201.10599654259585, 9.21410744167139, 0.015921941954481045, 0.007409643363069929, 0.007396068572351644]",False
COBYLA,Griewank,50,6,48,0.007396048432727453,6437,3.396347999572754,True,5000,"[697.2868067539216, 188.77362542230046, 8.490784855519312, 0.029413802775321907, 0.007433596444500257, 0.007396120330615319]",False
COBYLA,Griewank,50,7,49,3.4041865992762155e-09,6839,3.5700478553771973,True,5000,"[752.0436981785107, 217.45189893627514, 13.526222135958374, 0.055376050650447484, 9.924594834564981e-05, 6.597305548527999e-07]",False
COBYLA,Griewank,50,8,50,5.053457541315254e-09,6194,3.2518317699432373,True,4000,"[665.4730027963572, 161.38436495879066, 4.066228517165637, 0.007754019419532687, 1.141669777982024e-05, 1.6092448484883448e-08]",False
COBYLA,Griewank,50,9,51,3.748172994200161e-09,6311,3.1861324310302734,True,4000,"[581.8789790849589, 134.71091555211112, 2.653776508735414, 0.004377018881657313, 1.002807745442702e-05, 2.4605161019763955e-08]",False
COBYLA,Griewank,100,0,42,2.428157008793619e-09,15990,45.35427474975586,True,9000,"[2272.924267110299, 1312.7259956355742, 646.3184846145089, 242.19224299219525, 50.88278758963429, 2.0590259089658414, 0.2063672576161436, 0.023222288171715677, 0.0038734875462819174, 0.00041545661099728903, 3.869997484184928e-05, 7.06869269961885e-06, 8.80412025949795e-07, 1.4776450840692235e-07, 2.807598675769185e-08]",False
COBYLA,Griewank,100,1,43,4.096328942715388e-09,15983,45.14001989364624,True,9000,"[2187.6312346611485, 1270.82912433391, 629.4879356563574, 236.55440803425833, 49.525312910803265, 1.930726632412274, 0.21348045850176878, 0.03247445008171257, 0.003380307543891403, 0.0005297555088341621, 5.4653364537027294e-05, 5.805089240862316e-06, 1.0515914827813333e-06, 1.0691524232608884e-07, 2.136310028877375e-08]",False
COBYLA,Griewank,100,2,44,5.482647780219452e-09,17048,47.52317667007446,True,10000,"[2394.7490220839823, 1472.135583490119, 790.2718049126539, 344.0477564924843, 99.43268886775928, 10.087023374298047, 0.6142370626088045, 0.1116578699300772, 0.019410833263707183, 0.0023288460509169884, 0.0002389017621124978, 4.315414335731571e-05, 8.19544662178373e-06, 1.4153622427404144e-06, 1.5935927111243586e-07, 3.459483954859621e-08, 5.548978387892589e-09]",False
COBYLA,Griewank,100,3,45,2.223591311079076e-09,16685,47.49284839630127,True,9000,"[2286.0543580822996, 1365.5023152109618, 704.3043271207653, 285.568705223564, 67.57404470423813, 3.3273431238393365, 0.18287522128130584, 0.030958909034383697, 0.003746694334875178, 0.0007408984675727481, 0.00012533074576126513, 1.4147844479173166e-05, 2.603934152856091e-06, 2.977980902985067e-07, 4.024595556817445e-08, 8.651760974309752e-09]",False
COBYLA,Griewank,100,4,46,2.065524862260304e-09,16917,47.803852796554565,True,9000,"[2227.8724904921983, 1324.4412881404896, 682.4181713589046, 275.71902885343115, 63.95793168246616, 3.0163633170235644, 0.1498293948592403, 0.018811210063192862, 0.003440086599923342, 0.0005068495155214903, 7.443630762471454e-05, 1.223025035601566e-05, 2.6841277024347576e-06, 4.574059045969747e-07, 6.702750665610324e-08, 9.171196690971328e-09]",False
COBYLA,Griewank,100,6,48,0.007396042659690072,16337,43.155762910842896,True,10000,"[2181.244237851705, 1382.780782142504, 768.3043465297535, 346.8210622430313, 106.03598423686215, 11.505206905372715, 0.3965658503043601, 0.060830789755672576, 0.016083215362352576, 0.008252087060938051, 0.0074990343184422326, 0.007408403208786329, 0.007398692354120828, 0.00739644455892885, 0.007396099111346421, 0.007396045408732177]",False
COBYLA,Griewank,100,7,49,2.2973350999322406e-09,16006,41.95833134651184,True,9000,"[2264.9781846030573, 1364.0667576134067, 705.6020818861699, 282.1531167218415, 66.30948049688082, 3.478099325395712, 0.4516289608899918, 0.07854064543667572, 0.007579485431877142, 0.0008564951299340207, 7.045629356061678e-05, 4.411441980600728e-06, 1.0528749841975937e-06, 1.6653301004865284e-07, 2.1498993918456222e-08, 2.2973350999322406e-09]",False
COBYLA,Griewank,100,9,51,2.367433582506351e-09,16043,41.44625902175903,True,9000,"[1942.566633993587, 1114.4741336629095, 539.1277796593158, 193.7542152764809, 34.30970767776408, 1.1770423594284276, 0.10639549708344243, 0.012252304985031937, 0.002052547332030419, 0.0003451283213888878, 4.1962136163586905e-05, 4.758886996469869e-06, 6.252468537359945e-07, 7.745250940605075e-08, 1.4451228880218991e-08, 2.3804602733434876e-09]",False
COBYLA,Griewank,100,8,50,4.119109275890764e-09,15911,42.640602111816406,True,9000,"[2039.2801491624214, 1170.220730233636, 562.3814308519555, 196.32452348101765, 33.115881375717926, 1.114769613901965, 0.12748105066265814, 0.020431202648733104, 0.0019673951430179137, 0.00030443880931196876, 3.773889158964483e-05, 7.379063096335514e-06, 9.051843640195401e-07, 1.5278870046930848e-07, 2.0796302346859363e-08]",False
COBYLA,Griewank,100,5,47,2.757601036407209e-09,16890,45.48240661621094,True,9000,"[2106.380604448041, 1297.893318250149, 686.1103319653694, 282.0077680569765, 71.16097108503135, 4.805071266447167, 0.2964119757207194, 0.046524012999774045, 0.008794549934337703, 0.0021708149405541555, 0.00018396159813816038, 2.9417645782681134e-05, 4.262762191009628e-06, 7.245392177335219e-07, 1.0997429611414589e-07, 1.3488824501806107e-08]",False
COBYLA,Rosenbrock,100,7,49,81.27701353169813,64978,300.0056071281433,False,64000,"[802553.4105762556, 567.9538825516465, 103.08643317733787, 97.44096351906053, 96.98335247632184, 96.59044114570975, 96.18197415266111, 95.70769248547091, 95.25690847101914, 94.82176846030379, 94.42747048457144, 94.11507072369055, 93.77635375117386, 93.4615553501239, 93.11798735463994, 92.79846536158969, 92.52663398083949, 92.22880133455645, 91.91639509227814, 91.58433137449943, 91.3047273386621, 91.04734711505337, 90.78322487186631, 90.54309845338365, 90.25375506706739, 89.98169135796914, 89.75662405429901, 89.52164919992538, 89.2800619086136, 89.0576445161035, 88.8121035129396, 88.58169729541977, 88.3550520758971, 88.13943517486861, 87.9014697351267, 87.68121030288918, 87.46728579217779, 87.23223606245053, 86.98722187661386, 86.75294654687015, 86.54990074412167, 86.33355050669623, 86.1120117432094, 85.88451648824368, 85.66756941188173, 85.43900487972095, 85.19509802302834, 84.97036750970047, 84.73530795160494, 84.5313940284592, 84.30784734250624, 84.09638242317642, 83.88983503597964, 83.66999751104298, 83.46339339521464, 83.24767789564905, 83.02976047775122, 82.79552616740712, 82.56075988165148, 82.33056507064471, 82.1101293530931, 81.88699824608344, 81.70097663051975, 81.47603753816598]",True
COBYLA,Rosenbrock,100,8,50,73.53165859034846,105495,300.00310707092285,False,105000,"[545950.078286948, 376.2467486860199, 105.57978078723593, 97.86484942225087, 97.43883805266712, 97.099354677716, 96.62645538003946, 96.188090551178, 95.82317671801992, 95.36733564465344, 94.97440723032805, 94.59663883977991, 94.22488979510665, 93.8726488852799, 93.51421096524062, 93.20164216915924, 92.88335628228145, 92.53923099223223, 92.24603528689646, 91.96299081201266, 91.66125244470878, 91.38550844400422, 91.11610483390912, 90.84569057164987, 90.51809542165054, 90.257825458433, 90.01575077472538, 89.77093010510734, 89.5171639843829, 89.29727382787767, 89.06810334926787, 88.83652396452314, 88.56237639575545, 88.34947816425887, 88.0865174078679, 87.85772888771194, 87.62839938395939, 87.39617086625368, 87.18064862257671, 86.95432054365469, 86.72559057685004, 86.49965499913878, 86.270842809444, 86.03907104413032, 85.80776481406083, 85.56231898649779, 85.34374165127915, 85.13480444840721, 84.92680421187048, 84.70082763208794, 84.48139190689422, 84.27487245561771, 84.05473491419201, 83.81767397069432, 83.60388911966065, 83.37004880420837, 83.15076003730836, 82.92913532585935, 82.7122889938345, 82.49219194632327, 82.26517790401574, 82.0540153507634, 81.82842112469896, 81.6174262667727, 81.40145849588993, 81.20485180153227, 80.98739512179063, 80.7797651486852, 80.57828371420806, 80.37841215562399, 80.19283503737016, 80.00885142746854, 79.80871655576523, 79.59135971988093, 79.38952980908385, 79.15674298478963, 78.96283770827577, 78.74785484588101, 78.55050839320506, 78.34614795916808, 78.15069806315056, 77.95765451083189, 77.73344933428, 77.54251054754833, 77.35097594359793, 77.14616289718104, 76.94978843717766, 76.75736720649466, 76.53785059191831, 76.34900899023545, 76.1607196177626, 75.97834118326942, 75.79265179055905, 75.62518666247814, 75.44670556741274, 75.27749494721587, 75.08790145646604, 74.9140104028528, 74.72257981561823, 74.544741354435, 74.34416498945816, 74.18121526594646, 74.012078207763, 73.80188489610988, 73.61924612030165]",True
COBYLA,Rosenbrock,100,9,51,77.13698355476458,105661,300.00225710868835,False,105000,"[146803.00072854373, 3187.0223236981565, 2491.4521145404556, 2232.2147456385583, 2107.6312964774597, 2012.7331267982695, 1928.4591171172456, 1842.8971290276872, 1765.8912745061793, 1699.1379418072297, 1633.7095404574345, 1580.2882198830803, 1519.6992656723287, 1458.141323654614, 1395.8051250506207, 1317.3055416099412, 1234.6130121248843, 1141.1362424275692, 1050.4670675703799, 967.8334618254552, 879.1842124160504, 784.1811761583591, 636.8831847354595, 516.8298671657057, 333.3650686492515, 96.9438019476362, 96.17088907738686, 95.68258948838452, 95.22517273160146, 94.80661858719186, 94.36873456854234, 94.01090334826921, 93.7009754663201, 93.37037639182371, 93.08611670193285, 92.80388955106493, 92.49371304222056, 92.2238451648165, 91.93458486464382, 91.62841947062284, 91.30925658325145, 91.07852575279155, 90.83198274142217, 90.56957248115835, 90.31701638741684, 90.05501927129163, 89.79067296611757, 89.54146493496735, 89.30280418953663, 89.06697336824982, 88.83816367442674, 88.61455791834167, 88.3682451123814, 88.13666641180774, 87.90545541581525, 87.67047214863115, 87.45489808478709, 87.2095679741527, 86.97710737035291, 86.74151869021088, 86.52626273332497, 86.29722894922085, 86.08611895368185, 85.86276764565032, 85.63056501019545, 85.40583575228827, 85.16336445258344, 84.95387545395138, 84.74092042872648, 84.53069303999719, 84.30766832982242, 84.08897225496946, 83.88021000075406, 83.66458496597546, 83.46126517653306, 83.2388563933494, 83.02054488221077, 82.8072703329468, 82.59546374202135, 82.35974650161062, 82.15242300229627, 81.94189230901212, 81.72157194986336, 81.52659181762942, 81.29969945759869, 81.08603305896303, 80.89049143820182, 80.66056973873181, 80.45208458813099, 80.27692011846767, 80.056842252689, 79.85531040010706, 79.66558059426897, 79.45947117607385, 79.25819903198169, 79.07015838634574, 78.86081391597388, 78.64996171275482, 78.47201173002317, 78.26207306785506, 78.04455489318842, 77.82559177487563, 77.6310504414378, 77.43509761633987, 77.23789708921237]",True
