algorithm,function,dimension,run_id,evaluation,fitness
COBYLA,Sphere,30,1,1000,0.00014052667188390632
COBYLA,Sphere,30,0,1000,0.00044645619110817255
COBYLA,Sphere,30,2,1000,0.0001508014877719886
COBYLA,Sphere,30,3,1000,0.00017205669458932146
COBYLA,Sphere,30,5,1000,0.00013288654014339635
COBYLA,Sphere,30,4,1000,2.3230560629400918e-05
COBYLA,Sphere,30,6,1000,7.786838749903994e-05
COBYLA,Sphere,30,7,1000,2.9679155013515826e-05
COBYLA,Sphere,30,9,1000,2.9760265643824595e-05
COBYLA,Sphere,30,8,1000,0.00012156416430060148
COBYLA,Sphere,50,3,1000,3.408526974063579
COBYLA,Sphere,50,3,2000,1.3275563074789092e-05
COBYLA,Sphere,50,0,1000,20.140619548985672
COBYLA,Sphere,50,0,2000,3.100553170289434e-05
COBYLA,Sphere,50,6,1000,1.7706518058066802
COBYLA,Sphere,50,6,2000,7.203247996974866e-07
COBYLA,Sphere,50,2,1000,30.048519006739067
COBYLA,Sphere,50,2,2000,4.4351319155019005e-05
COBYLA,Sphere,50,1,1000,44.89926238707617
COBYLA,Sphere,50,1,2000,1.3101494364650298e-05
COBYLA,Sphere,50,5,1000,3.284687990426717
COBYLA,Sphere,50,5,2000,1.3765221650929574e-05
COBYLA,Sphere,50,4,1000,12.517085526854455
COBYLA,Sphere,50,4,2000,1.3327407451337028e-05
COBYLA,Sphere,50,7,1000,2.090649239697081
COBYLA,Sphere,50,7,2000,1.0326627626888507e-05
COBYLA,Sphere,50,9,1000,0.6842214483814433
COBYLA,Sphere,50,9,2000,7.098860083188085e-07
COBYLA,Sphere,50,8,1000,3.5689186588083217
COBYLA,Sphere,50,8,2000,8.350976749619165e-06
COBYLA,Sphere,100,3,1000,55187.279461811115
COBYLA,Sphere,100,3,2000,7.591280337342499
COBYLA,Sphere,100,3,3000,0.08989670646952909
COBYLA,Sphere,100,3,4000,0.0003352511507568873
COBYLA,Sphere,100,3,5000,1.3628516544254052e-06
COBYLA,Sphere,100,4,1000,48380.50651291398
COBYLA,Sphere,100,4,2000,6.625812860572506
COBYLA,Sphere,100,4,3000,0.0755529507796214
COBYLA,Sphere,100,4,4000,0.0003720986537184938
COBYLA,Sphere,100,4,5000,6.930106095587556e-06
COBYLA,Sphere,100,4,6000,4.9642023209507934e-08
COBYLA,Sphere,100,2,1000,47312.90308023284
COBYLA,Sphere,100,2,2000,4.459447534330251
COBYLA,Sphere,100,2,3000,0.024972054893147994
COBYLA,Sphere,100,2,4000,0.0003801737457720274
COBYLA,Sphere,100,2,5000,3.7659998154100265e-06
COBYLA,Sphere,100,2,6000,5.807688444032978e-08
COBYLA,Sphere,100,0,1000,66582.29033374095
COBYLA,Sphere,100,0,2000,11.539574393916892
COBYLA,Sphere,100,0,3000,0.16703740564126573
COBYLA,Sphere,100,0,4000,0.0003089715669230471
COBYLA,Sphere,100,0,5000,3.4218936259299323e-06
COBYLA,Sphere,100,1,1000,55752.21446780583
COBYLA,Sphere,100,1,2000,6.510545294360662
COBYLA,Sphere,100,1,3000,0.04919679099237122
COBYLA,Sphere,100,1,4000,0.0015137464125705043
COBYLA,Sphere,100,1,5000,1.7577208760700354e-05
COBYLA,Sphere,100,1,6000,6.932012686577126e-08
COBYLA,Sphere,100,5,1000,69741.70136073783
COBYLA,Sphere,100,5,2000,156.48937764230692
COBYLA,Sphere,100,5,3000,0.09909498686023384
COBYLA,Sphere,100,5,4000,0.0012201697793514283
COBYLA,Sphere,100,5,5000,6.547067558815772e-06
COBYLA,Sphere,100,5,6000,1.7560121310060646e-07
COBYLA,Sphere,100,6,1000,62598.031674118
COBYLA,Sphere,100,6,2000,24.386339697034632
COBYLA,Sphere,100,6,3000,0.09826477918131271
COBYLA,Sphere,100,6,4000,0.001609108398559036
COBYLA,Sphere,100,6,5000,6.435200341697443e-06
COBYLA,Sphere,100,6,6000,6.222165760714416e-08
COBYLA,Sphere,100,7,1000,49584.28150475929
COBYLA,Sphere,100,7,2000,6.056095709806033
COBYLA,Sphere,100,7,3000,0.020292862383251734
COBYLA,Sphere,100,7,4000,0.0005957261722985288
COBYLA,Sphere,100,7,5000,3.86058326613172e-06
COBYLA,Sphere,100,7,6000,9.401998283547643e-08
COBYLA,Rastrigin,50,0,1000,215.911351938724
COBYLA,Rastrigin,50,1,1000,411.91839144029655
COBYLA,Rastrigin,50,2,1000,285.5606730738643
COBYLA,Rastrigin,50,3,1000,202.97397387179439
COBYLA,Rastrigin,50,4,1000,365.1770194924661
COBYLA,Rastrigin,50,6,1000,297.50004017456484
COBYLA,Rastrigin,50,5,1000,219.8933405224044
COBYLA,Rastrigin,50,7,1000,253.72163616951352
COBYLA,Rastrigin,50,8,1000,268.64609148895903
COBYLA,Rastrigin,50,9,1000,184.07062486975883
COBYLA,Rastrigin,100,2,1000,706.9651230068523
COBYLA,Rastrigin,100,2,2000,657.9441252401905
COBYLA,Rastrigin,100,2,3000,657.6654383635785
COBYLA,Rastrigin,100,0,1000,650.4624455825289
COBYLA,Rastrigin,100,0,2000,595.1491698421048
COBYLA,Rastrigin,100,0,3000,594.9838540993933
COBYLA,Rastrigin,100,0,4000,594.9826577948147
COBYLA,Rastrigin,100,3,1000,571.8159772922791
COBYLA,Rastrigin,100,3,2000,523.5843819405334
COBYLA,Rastrigin,100,3,3000,523.3477180602922
COBYLA,Rastrigin,100,3,4000,523.3462844951765
COBYLA,Rastrigin,100,1,1000,722.7714363321952
COBYLA,Rastrigin,100,1,2000,661.8742752676608
COBYLA,Rastrigin,100,1,3000,661.6455249959324
COBYLA,Rastrigin,100,1,4000,661.6441309574852
COBYLA,Rastrigin,100,5,1000,607.1822752790313
COBYLA,Rastrigin,100,5,2000,548.5303766421056
COBYLA,Rastrigin,100,5,3000,548.2209544264434
COBYLA,Rastrigin,100,5,4000,548.2196311558582
COBYLA,Sphere,100,9,1000,37441.57669203041
COBYLA,Sphere,100,9,2000,3.5510783308209386
COBYLA,Sphere,100,9,3000,0.018957146226162725
COBYLA,Sphere,100,9,4000,0.00030801593457478255
COBYLA,Sphere,100,9,5000,3.6494357881549256e-07
COBYLA,Rastrigin,100,4,1000,716.9776220603585
COBYLA,Rastrigin,100,4,2000,644.6490156287891
COBYLA,Rastrigin,100,4,3000,643.7511057716922
COBYLA,Rastrigin,100,4,4000,643.735469166072
COBYLA,Rosenbrock,10,1,1000,1259.03944846784
COBYLA,Rosenbrock,10,1,2000,727.4353812446965
COBYLA,Rosenbrock,10,1,3000,40.22934629465243
COBYLA,Rosenbrock,10,1,4000,9.507428921066687
COBYLA,Rosenbrock,10,1,5000,9.138618861808274
COBYLA,Rosenbrock,10,1,6000,8.466585998447147
COBYLA,Rosenbrock,10,1,7000,7.665076688535711
COBYLA,Rosenbrock,10,1,8000,6.804229173637479
COBYLA,Rosenbrock,10,1,9000,5.903671980031957
COBYLA,Rosenbrock,10,1,10000,5.18136009806396
COBYLA,Rosenbrock,10,1,11000,4.695297014240316
COBYLA,Rosenbrock,10,1,12000,4.425487805632017
COBYLA,Rosenbrock,10,1,13000,4.270928858519499
COBYLA,Rosenbrock,10,1,14000,4.18475471128133
COBYLA,Rosenbrock,10,1,15000,4.131944043887787
COBYLA,Rosenbrock,10,1,16000,4.094332789213021
COBYLA,Rosenbrock,10,1,17000,4.069071668266739
COBYLA,Rosenbrock,10,1,18000,4.052128940400161
COBYLA,Rosenbrock,10,1,19000,4.038931983044765
COBYLA,Rosenbrock,10,1,20000,4.02823049521758
COBYLA,Rosenbrock,10,1,21000,4.020053269202185
COBYLA,Rosenbrock,10,1,22000,4.013681086712052
COBYLA,Rosenbrock,10,1,23000,4.008490904814748
COBYLA,Sphere,100,8,1000,46939.15929103554
COBYLA,Sphere,100,8,2000,5.207499213282609
COBYLA,Sphere,100,8,3000,0.2169447096304855
COBYLA,Sphere,100,8,4000,0.0016414370151745556
COBYLA,Sphere,100,8,5000,5.9966315833539106e-05
COBYLA,Sphere,100,8,6000,1.3535912377621168e-06
COBYLA,Rosenbrock,10,2,1000,331.7258102500584
COBYLA,Rosenbrock,10,2,2000,318.07465543141416
COBYLA,Rosenbrock,10,2,3000,302.62404889631193
COBYLA,Rosenbrock,10,2,4000,282.8336082031443
COBYLA,Rosenbrock,10,2,5000,259.1583263236546
COBYLA,Rosenbrock,10,2,6000,225.44387224859665
COBYLA,Rosenbrock,10,2,7000,185.00134403398212
COBYLA,Rosenbrock,10,2,8000,132.49950069634906
COBYLA,Rosenbrock,10,2,9000,58.89374526580184
COBYLA,Rosenbrock,10,2,10000,4.703800430467978
COBYLA,Rosenbrock,10,2,11000,3.1514904674486814
COBYLA,Rosenbrock,10,2,12000,1.7725203023883078
COBYLA,Rosenbrock,10,2,13000,0.8537709911146982
COBYLA,Rosenbrock,10,2,14000,0.47546250875893326
COBYLA,Rosenbrock,10,2,15000,0.30893554074405105
COBYLA,Rosenbrock,10,2,16000,0.21157992985280835
COBYLA,Rosenbrock,10,2,17000,0.15310335051941373
COBYLA,Rosenbrock,10,2,18000,0.11319938855159142
COBYLA,Rosenbrock,10,2,19000,0.08582853423780687
COBYLA,Rosenbrock,10,2,20000,0.06498554841890562
COBYLA,Rosenbrock,10,2,21000,0.05147826655537081
COBYLA,Rosenbrock,10,2,22000,0.04155317395718047
COBYLA,Rosenbrock,10,2,23000,0.03385167456262623
COBYLA,Rosenbrock,10,2,24000,0.027279984674250628
COBYLA,Rosenbrock,10,2,25000,0.022042020687942143
COBYLA,Rosenbrock,10,2,26000,0.017799599829805807
COBYLA,Rosenbrock,10,3,1000,109.40126663000964
COBYLA,Rosenbrock,10,3,2000,5.732028763971549
COBYLA,Rosenbrock,10,3,3000,3.9647240600148463
COBYLA,Rosenbrock,10,3,4000,2.50697495216583
COBYLA,Rosenbrock,10,3,5000,1.4286643730912618
COBYLA,Rosenbrock,10,3,6000,0.7726865888665273
COBYLA,Rosenbrock,10,3,7000,0.4353289549011433
COBYLA,Rosenbrock,10,3,8000,0.27878368639402623
COBYLA,Rosenbrock,10,3,9000,0.18960240610088816
COBYLA,Rosenbrock,10,3,10000,0.13689725117085155
COBYLA,Rosenbrock,10,3,11000,0.10223775352949253
COBYLA,Rosenbrock,10,3,12000,0.08037200239167908
COBYLA,Rosenbrock,10,3,13000,0.06429526636501257
COBYLA,Rosenbrock,10,3,14000,0.05172377648074601
COBYLA,Rosenbrock,10,3,15000,0.04148705475982595
COBYLA,Rosenbrock,10,3,16000,0.033681049595083556
COBYLA,Rosenbrock,10,3,17000,0.027055665843585267
COBYLA,Rosenbrock,10,3,18000,0.021891030365318566
COBYLA,Rosenbrock,10,3,19000,0.01763661810183354
COBYLA,Rosenbrock,10,0,1000,186.08751197925113
COBYLA,Rosenbrock,10,0,2000,185.23717363493185
COBYLA,Rosenbrock,10,0,3000,184.42887624910577
COBYLA,Rosenbrock,10,0,4000,183.4298633168758
COBYLA,Rosenbrock,10,0,5000,182.61008927544
COBYLA,Rosenbrock,10,0,6000,181.77416133742767
COBYLA,Rosenbrock,10,0,7000,180.91766576854076
COBYLA,Rosenbrock,10,0,8000,179.95572636204142
COBYLA,Rosenbrock,10,0,9000,179.01969085671558
COBYLA,Rosenbrock,10,0,10000,177.97399044204235
COBYLA,Rosenbrock,10,0,11000,176.8548691033551
COBYLA,Rosenbrock,10,0,12000,175.87354851346913
COBYLA,Rosenbrock,10,0,13000,174.7970502263444
COBYLA,Rosenbrock,10,0,14000,173.8517628183936
COBYLA,Rosenbrock,10,0,15000,172.8120334181895
COBYLA,Rosenbrock,10,0,16000,171.79508531196788
COBYLA,Rosenbrock,10,0,17000,170.29535288953844
COBYLA,Rosenbrock,10,0,18000,169.14609750537537
COBYLA,Rosenbrock,10,0,19000,167.9741913257777
COBYLA,Rosenbrock,10,0,20000,166.63899259835932
COBYLA,Rosenbrock,10,0,21000,165.49147851175027
COBYLA,Rosenbrock,10,0,22000,164.0832297039417
COBYLA,Rosenbrock,10,0,23000,162.13725257228083
COBYLA,Rosenbrock,10,0,24000,160.65593350698245
COBYLA,Rosenbrock,10,0,25000,159.0485434655727
COBYLA,Rosenbrock,10,0,26000,157.594468928919
COBYLA,Rosenbrock,10,0,27000,155.7837249090215
COBYLA,Rosenbrock,10,0,28000,153.1587776555
COBYLA,Rosenbrock,10,0,29000,151.19087747402656
COBYLA,Rosenbrock,10,0,30000,149.3012889157657
COBYLA,Rosenbrock,10,0,31000,146.2596907291172
COBYLA,Rosenbrock,10,0,32000,142.96709892075725
COBYLA,Rosenbrock,10,0,33000,139.53203428688815
COBYLA,Rosenbrock,10,0,34000,135.860867498646
COBYLA,Rosenbrock,10,0,35000,132.19060399945928
COBYLA,Rosenbrock,10,0,36000,128.1989621937249
COBYLA,Rosenbrock,10,0,37000,124.24635330959404
COBYLA,Rosenbrock,10,0,38000,119.12023370328126
COBYLA,Rosenbrock,10,0,39000,114.00005674524624
COBYLA,Rosenbrock,10,0,40000,108.2843857208829
COBYLA,Rosenbrock,10,0,41000,102.21089142263396
COBYLA,Rosenbrock,10,0,42000,94.57990144592468
COBYLA,Rosenbrock,10,0,43000,85.7995284146247
COBYLA,Rosenbrock,10,0,44000,75.01880680919889
COBYLA,Rosenbrock,10,0,45000,61.00141711342564
COBYLA,Rosenbrock,10,0,46000,41.04691666428799
COBYLA,Rosenbrock,10,0,47000,18.078529445421964
COBYLA,Rosenbrock,10,0,48000,8.227093753595485
COBYLA,Rosenbrock,10,0,49000,7.4024710915333625
COBYLA,Rosenbrock,10,0,50000,6.56040153212202
COBYLA,Rosenbrock,10,0,51000,5.722254607306526
COBYLA,Rosenbrock,10,0,52000,5.046504614850428
COBYLA,Rosenbrock,10,0,53000,4.611388735361562
COBYLA,Rosenbrock,10,0,54000,4.3713859391917635
COBYLA,Rosenbrock,10,0,55000,4.240701292789324
COBYLA,Rosenbrock,10,0,56000,4.161451959724022
COBYLA,Rosenbrock,10,0,57000,4.115391054815598
COBYLA,Rosenbrock,10,0,58000,4.082992929224863
COBYLA,Rosenbrock,10,0,59000,4.058609334995687
COBYLA,Rosenbrock,10,0,60000,4.044334372532528
COBYLA,Rosenbrock,10,0,61000,4.032781272608041
COBYLA,Rosenbrock,10,0,62000,4.024052205110371
COBYLA,Rosenbrock,10,0,63000,4.016533454183854
COBYLA,Rosenbrock,10,0,64000,4.010767987022242
COBYLA,Rosenbrock,10,4,1000,6.861758301543965
COBYLA,Rosenbrock,10,4,2000,4.441253290233885
COBYLA,Rosenbrock,10,4,3000,2.8534898099679538
COBYLA,Rosenbrock,10,4,4000,1.5220540097493664
COBYLA,Rosenbrock,10,4,5000,0.7954784163513942
COBYLA,Rosenbrock,10,4,6000,0.44966007386084583
COBYLA,Rosenbrock,10,4,7000,0.2928740764671195
COBYLA,Rosenbrock,10,4,8000,0.19735817987057108
COBYLA,Rosenbrock,10,4,9000,0.144240387079585
COBYLA,Rosenbrock,10,4,10000,0.10815112050956335
COBYLA,Rosenbrock,10,4,11000,0.08119314685060051
COBYLA,Rosenbrock,10,4,12000,0.0625043466782671
COBYLA,Rosenbrock,10,4,13000,0.04990680203363393
COBYLA,Rosenbrock,10,4,14000,0.04026835748244183
COBYLA,Rosenbrock,10,4,15000,0.03249023245476668
COBYLA,Rosenbrock,10,4,16000,0.0263200764887586
COBYLA,Rosenbrock,10,4,17000,0.021135814208610604
COBYLA,Rosenbrock,10,4,18000,0.01704289338837566
COBYLA,Rosenbrock,10,4,19000,0.013771695073072254
COBYLA,Rosenbrock,10,5,1000,9.356080920422965
COBYLA,Rosenbrock,10,5,2000,8.674819645058252
COBYLA,Rosenbrock,10,5,3000,7.743089609075849
COBYLA,Rosenbrock,10,5,4000,6.686026298747974
COBYLA,Rosenbrock,10,5,5000,5.64719878498933
COBYLA,Rosenbrock,10,5,6000,4.83038807363193
COBYLA,Rosenbrock,10,5,7000,4.437185308209731
COBYLA,Rosenbrock,10,5,8000,4.278158403467983
COBYLA,Rosenbrock,10,5,9000,4.191012822186777
COBYLA,Rosenbrock,10,5,10000,4.135402399139688
COBYLA,Rosenbrock,10,5,11000,4.097037381681029
COBYLA,Rosenbrock,10,5,12000,4.0722831749171515
COBYLA,Rosenbrock,10,5,13000,4.055212516411056
COBYLA,Rosenbrock,10,5,14000,4.042011541960422
COBYLA,Rosenbrock,10,5,15000,4.030880997644003
COBYLA,Rosenbrock,10,5,16000,4.022343483249549
COBYLA,Rosenbrock,10,5,17000,4.015390922534267
COBYLA,Rosenbrock,10,5,18000,4.009722170678834
COBYLA,Rosenbrock,10,6,1000,6.12389445660093
COBYLA,Rosenbrock,10,6,2000,4.254936070783293
COBYLA,Rosenbrock,10,6,3000,2.741828141050997
COBYLA,Rosenbrock,10,6,4000,1.648896626357764
COBYLA,Rosenbrock,10,6,5000,0.8593137629534922
COBYLA,Rosenbrock,10,6,6000,0.5086816330448463
COBYLA,Rosenbrock,10,6,7000,0.3174195538002461
COBYLA,Rosenbrock,10,6,8000,0.21597780763989227
COBYLA,Rosenbrock,10,6,9000,0.15326291090851973
COBYLA,Rosenbrock,10,6,10000,0.11369968739082384
COBYLA,Rosenbrock,10,6,11000,0.08655246985292095
COBYLA,Rosenbrock,10,6,12000,0.06563849644194548
COBYLA,Rosenbrock,10,6,13000,0.05241043153488986
COBYLA,Rosenbrock,10,6,14000,0.041808607031471844
COBYLA,Rosenbrock,10,6,15000,0.03335373130881401
COBYLA,Rosenbrock,10,6,16000,0.026773322483174808
COBYLA,Rosenbrock,10,6,17000,0.02183500430158123
COBYLA,Rosenbrock,10,6,18000,0.01771062071652985
COBYLA,Rosenbrock,10,9,1000,4.822816974709948
COBYLA,Rosenbrock,10,9,2000,3.3668359103877807
COBYLA,Rosenbrock,10,9,3000,1.960515519490765
COBYLA,Rosenbrock,10,9,4000,0.966802666883859
COBYLA,Rosenbrock,10,9,5000,0.5164708209887781
COBYLA,Rosenbrock,10,9,6000,0.32041071474674987
COBYLA,Rosenbrock,10,9,7000,0.2251319275991599
COBYLA,Rosenbrock,10,9,8000,0.16443416967861763
COBYLA,Rosenbrock,10,9,9000,0.1261896187803395
COBYLA,Rosenbrock,10,9,10000,0.09838806867327012
COBYLA,Rosenbrock,10,9,11000,0.07858429027059144
COBYLA,Rosenbrock,10,9,12000,0.06242505647809394
COBYLA,Rosenbrock,10,9,13000,0.05027906548931558
COBYLA,Rosenbrock,10,9,14000,0.040323753390275455
COBYLA,Rosenbrock,10,9,15000,0.032480023421831414
COBYLA,Rosenbrock,10,9,16000,0.026220152348473476
COBYLA,Rosenbrock,10,8,1000,9.31000803275422
COBYLA,Rosenbrock,10,8,2000,8.663731417580095
COBYLA,Rosenbrock,10,8,3000,7.694848599941874
COBYLA,Rosenbrock,10,8,4000,6.7027571378887325
COBYLA,Rosenbrock,10,8,5000,5.666223346993525
COBYLA,Rosenbrock,10,8,6000,4.861924424833854
COBYLA,Rosenbrock,10,8,7000,4.477921662530701
COBYLA,Rosenbrock,10,8,8000,4.295211229883442
COBYLA,Rosenbrock,10,8,9000,4.190382813541414
COBYLA,Rosenbrock,10,8,10000,4.135934504280072
COBYLA,Rosenbrock,10,8,11000,4.098418767689786
COBYLA,Rosenbrock,10,8,12000,4.071067086785556
COBYLA,Rosenbrock,10,8,13000,4.05123047062741
COBYLA,Rosenbrock,10,8,14000,4.038428508076541
COBYLA,Rosenbrock,10,8,15000,4.028103389678635
COBYLA,Rosenbrock,10,8,16000,4.020188725066473
COBYLA,Rosenbrock,10,7,1000,554.8351055258121
COBYLA,Rosenbrock,10,7,2000,510.3740920639983
COBYLA,Rosenbrock,10,7,3000,507.1095372892005
COBYLA,Rosenbrock,10,7,4000,503.20053962529033
COBYLA,Rosenbrock,10,7,5000,500.3486114591679
COBYLA,Rosenbrock,10,7,6000,496.7380640576644
COBYLA,Rosenbrock,10,7,7000,493.82606981515556
COBYLA,Rosenbrock,10,7,8000,490.4899086472836
COBYLA,Rosenbrock,10,7,9000,486.83190973725596
COBYLA,Rosenbrock,10,7,10000,482.584286073265
COBYLA,Rosenbrock,10,7,11000,476.9308476896522
COBYLA,Rosenbrock,10,7,12000,472.81796661045263
COBYLA,Rosenbrock,10,7,13000,468.04083049634625
COBYLA,Rosenbrock,10,7,14000,462.9016887627465
COBYLA,Rosenbrock,10,7,15000,459.02908649669905
COBYLA,Rosenbrock,10,7,16000,453.9944923061969
COBYLA,Rosenbrock,10,7,17000,448.0938184697241
COBYLA,Rosenbrock,10,7,18000,442.23791001809315
COBYLA,Rosenbrock,10,7,19000,437.0471011454718
COBYLA,Rosenbrock,10,7,20000,432.3411239226183
COBYLA,Rosenbrock,10,7,21000,426.2011054806323
COBYLA,Rosenbrock,10,7,22000,420.03945660612885
COBYLA,Rosenbrock,10,7,23000,415.09592195948136
COBYLA,Rosenbrock,10,7,24000,409.2889814564441
COBYLA,Rosenbrock,10,7,25000,403.40907907997325
COBYLA,Rosenbrock,10,7,26000,398.1953763682291
COBYLA,Rosenbrock,10,7,27000,393.67111485710757
COBYLA,Rosenbrock,10,7,28000,387.90689569661384
COBYLA,Rosenbrock,10,7,29000,382.6388311244618
COBYLA,Rosenbrock,10,7,30000,376.15522179019223
COBYLA,Rosenbrock,10,7,31000,370.00201712204574
COBYLA,Rosenbrock,10,7,32000,363.49408640721265
COBYLA,Rosenbrock,10,7,33000,356.7071843531447
COBYLA,Rosenbrock,10,7,34000,350.2502822468824
COBYLA,Rosenbrock,10,7,35000,343.6120851750052
COBYLA,Rosenbrock,10,7,36000,336.81646348121916
COBYLA,Rosenbrock,10,7,37000,329.6070676858645
COBYLA,Rosenbrock,10,7,38000,322.47203563735013
COBYLA,Rosenbrock,10,7,39000,314.8390363833542
COBYLA,Rosenbrock,10,7,40000,306.99686220222867
COBYLA,Rosenbrock,10,7,41000,299.1029671914232
COBYLA,Rosenbrock,10,7,42000,291.3589549857815
COBYLA,Rosenbrock,10,7,43000,283.2037129386294
COBYLA,Rosenbrock,10,7,44000,274.81030335319844
COBYLA,Rosenbrock,10,7,45000,266.16228801693336
COBYLA,Rosenbrock,10,7,46000,257.1413192361584
COBYLA,Rosenbrock,10,7,47000,247.92400648941424
COBYLA,Rosenbrock,10,7,48000,238.55333927692217
COBYLA,Rosenbrock,10,7,49000,228.69764560982006
COBYLA,Rosenbrock,10,7,50000,218.766396724794
COBYLA,Rosenbrock,10,7,51000,208.13403311983527
COBYLA,Rosenbrock,10,7,52000,196.98130373463204
COBYLA,Rosenbrock,10,7,53000,185.4416104811673
COBYLA,Rosenbrock,10,7,54000,173.60930461111613
COBYLA,Rosenbrock,10,7,55000,161.76407870850386
COBYLA,Rosenbrock,10,7,56000,149.9070861708941
COBYLA,Rosenbrock,10,7,57000,132.65212106469858
COBYLA,Rosenbrock,10,7,58000,116.69638245277191
COBYLA,Rosenbrock,10,7,59000,98.91712091602378
COBYLA,Rosenbrock,10,7,60000,80.47787377109562
COBYLA,Rosenbrock,10,7,61000,60.9745857540995
COBYLA,Rosenbrock,10,7,62000,41.429630255805556
COBYLA,Rosenbrock,10,7,63000,11.740011384318565
COBYLA,Rosenbrock,10,7,64000,3.440081064509185
COBYLA,Rosenbrock,10,7,65000,2.485898789171152
COBYLA,Rosenbrock,10,7,66000,1.5288297435417737
COBYLA,Rosenbrock,10,7,67000,0.88572960367691
COBYLA,Rosenbrock,10,7,68000,0.5294141945035717
COBYLA,Rosenbrock,10,7,69000,0.3349151918392713
COBYLA,Rosenbrock,10,7,70000,0.2253901220111197
COBYLA,Rosenbrock,10,7,71000,0.16433545413950457
COBYLA,Rosenbrock,10,7,72000,0.12152030461122432
COBYLA,Rosenbrock,10,7,73000,0.09058281353948736
COBYLA,Rosenbrock,10,7,74000,0.07088085361130422
COBYLA,Rosenbrock,10,7,75000,0.05668405337952206
COBYLA,Rosenbrock,10,7,76000,0.045446008861891596
COBYLA,Rosenbrock,10,7,77000,0.03691735775358098
COBYLA,Rosenbrock,10,7,78000,0.029612615664608453
COBYLA,Rosenbrock,10,7,79000,0.0238796063346994
COBYLA,Rosenbrock,10,7,80000,0.019428696060706685
COBYLA,Rastrigin,100,9,1000,574.0448705291411
COBYLA,Rastrigin,100,9,2000,560.2078323159437
COBYLA,Rastrigin,100,9,3000,560.1596495628787
COBYLA,Rastrigin,100,6,1000,616.8355607078289
COBYLA,Rastrigin,100,6,2000,597.5978647060831
COBYLA,Rastrigin,100,6,3000,596.9735552707787
COBYLA,Rastrigin,100,6,4000,596.9723223324215
COBYLA,Rastrigin,100,7,1000,602.0275838669863
COBYLA,Rastrigin,100,7,2000,534.0523033772361
COBYLA,Rastrigin,100,7,3000,533.3114863592168
COBYLA,Rastrigin,100,7,4000,533.2959942735039
COBYLA,Rastrigin,100,8,1000,640.8461848562014
COBYLA,Rastrigin,100,8,2000,557.3466857400426
COBYLA,Rastrigin,100,8,3000,556.195525498666
COBYLA,Rastrigin,100,8,4000,556.1797334862299
COBYLA,Rosenbrock,30,0,1000,28.502967977520782
COBYLA,Rosenbrock,30,0,2000,26.64620402662535
COBYLA,Rosenbrock,30,0,3000,25.33981365261991
COBYLA,Rosenbrock,30,0,4000,24.3145593798891
COBYLA,Rosenbrock,30,0,5000,23.57321952100662
COBYLA,Rosenbrock,30,0,6000,22.844064516928213
COBYLA,Rosenbrock,30,0,7000,22.199050565046722
COBYLA,Rosenbrock,30,0,8000,21.63707701532521
COBYLA,Rosenbrock,30,0,9000,21.08249542300599
COBYLA,Rosenbrock,30,0,10000,20.551973655210062
COBYLA,Rosenbrock,30,0,11000,20.045118563606643
COBYLA,Rosenbrock,30,0,12000,19.53532487638451
COBYLA,Rosenbrock,30,0,13000,19.028727791379303
COBYLA,Rosenbrock,30,0,14000,18.522267014941608
COBYLA,Rosenbrock,30,0,15000,18.003620552830135
COBYLA,Rosenbrock,30,0,16000,17.4905848243396
COBYLA,Rosenbrock,30,0,17000,17.000589622330633
COBYLA,Rosenbrock,30,0,18000,16.484142434139404
COBYLA,Rosenbrock,30,0,19000,15.99657479753541
COBYLA,Rosenbrock,30,0,20000,15.493105320752175
COBYLA,Rosenbrock,30,0,21000,15.0021161105017
COBYLA,Rosenbrock,30,0,22000,14.541333606778377
COBYLA,Rosenbrock,30,0,23000,14.063712265936857
COBYLA,Rosenbrock,30,0,24000,13.576327288281181
COBYLA,Rosenbrock,30,0,25000,13.105570298651255
COBYLA,Rosenbrock,30,0,26000,12.642568272759688
COBYLA,Rosenbrock,30,0,27000,12.163978445397914
COBYLA,Rosenbrock,30,0,28000,11.70078231229067
COBYLA,Rosenbrock,30,0,29000,11.242816904855127
COBYLA,Rosenbrock,30,0,30000,10.805064804686157
COBYLA,Rosenbrock,30,0,31000,10.382276990674804
COBYLA,Rosenbrock,30,0,32000,9.92675697612683
COBYLA,Rosenbrock,30,0,33000,9.493090690021308
COBYLA,Rosenbrock,30,0,34000,9.040762735381481
COBYLA,Rosenbrock,30,0,35000,8.578442956703972
COBYLA,Rosenbrock,30,0,36000,8.153700432603205
COBYLA,Rosenbrock,30,0,37000,7.694519799683485
COBYLA,Rosenbrock,30,0,38000,7.270616635569445
COBYLA,Rosenbrock,30,0,39000,6.8270655064481724
COBYLA,Rosenbrock,30,0,40000,6.404019275439047
COBYLA,Rosenbrock,30,0,41000,5.978721748439079
COBYLA,Rosenbrock,30,0,42000,5.582202793355918
COBYLA,Rosenbrock,30,0,43000,5.175800759461381
COBYLA,Rosenbrock,30,0,44000,4.786718409950125
COBYLA,Rosenbrock,30,0,45000,4.402887567411189
COBYLA,Rosenbrock,30,0,46000,3.980522081021839
COBYLA,Rosenbrock,30,0,47000,3.6022603500747916
COBYLA,Rosenbrock,30,0,48000,3.2156645256233323
COBYLA,Rosenbrock,30,0,49000,2.834309710720065
COBYLA,Rosenbrock,30,0,50000,2.459911310598426
COBYLA,Rosenbrock,30,0,51000,2.0820290324419677
COBYLA,Rosenbrock,30,0,52000,1.722637538334399
COBYLA,Rosenbrock,30,0,53000,1.3997456765005123
COBYLA,Rosenbrock,30,0,54000,1.1402892872265225
COBYLA,Rosenbrock,30,0,55000,0.9236888627286637
COBYLA,Rosenbrock,30,0,56000,0.7466222218536644
COBYLA,Rosenbrock,30,0,57000,0.6059895696050942
COBYLA,Rosenbrock,30,0,58000,0.5043821644652249
COBYLA,Rosenbrock,30,0,59000,0.4302326008503292
COBYLA,Rosenbrock,30,0,60000,0.3699454244414367
COBYLA,Rosenbrock,30,0,61000,0.3183734419704658
COBYLA,Rosenbrock,30,0,62000,0.2750766627162825
COBYLA,Rosenbrock,30,0,63000,0.2394430387104522
COBYLA,Rosenbrock,30,0,64000,0.20995334704934
COBYLA,Rosenbrock,30,0,65000,0.1856522546015007
COBYLA,Rosenbrock,30,0,66000,0.1668371791259598
COBYLA,Rosenbrock,30,0,67000,0.15008339065856952
COBYLA,Rosenbrock,30,0,68000,0.13483044806677036
COBYLA,Rosenbrock,30,0,69000,0.12126846149393655
COBYLA,Rosenbrock,30,0,70000,0.10917469816042688
COBYLA,Rosenbrock,30,0,71000,0.09833307488762566
COBYLA,Rosenbrock,30,0,72000,0.08915903108345709
COBYLA,Rosenbrock,30,0,73000,0.08091896869424993
COBYLA,Rosenbrock,30,0,74000,0.07345062505272519
COBYLA,Rosenbrock,30,0,75000,0.06781210413561164
COBYLA,Rosenbrock,30,0,76000,0.06273921386577576
COBYLA,Rosenbrock,30,0,77000,0.05794407066678902
COBYLA,Rosenbrock,30,0,78000,0.05362447507445155
COBYLA,Rosenbrock,30,0,79000,0.04951184974557913
COBYLA,Rosenbrock,30,0,80000,0.04594677883220831
COBYLA,Rosenbrock,30,0,81000,0.04251039200219863
COBYLA,Rosenbrock,30,0,82000,0.039410254363928
COBYLA,Rosenbrock,30,0,83000,0.03647514870903435
COBYLA,Rosenbrock,30,0,84000,0.03376114756529007
COBYLA,Rosenbrock,30,0,85000,0.031194485016631333
COBYLA,Rosenbrock,30,0,86000,0.02887430216488732
COBYLA,Rosenbrock,30,0,87000,0.02675686422101714
COBYLA,Rosenbrock,30,0,88000,0.024775111385640685
COBYLA,Rosenbrock,30,0,89000,0.023024889826161448
COBYLA,Rosenbrock,30,0,90000,0.021311895421839224
COBYLA,Rosenbrock,30,0,91000,0.019763303313588804
COBYLA,Rosenbrock,30,0,92000,0.018235772952320498
COBYLA,Rosenbrock,30,0,93000,0.016897791699157807
COBYLA,Rosenbrock,30,0,94000,0.015560148666700274
COBYLA,Rosenbrock,30,0,95000,0.014384994293844572
COBYLA,Rosenbrock,30,0,96000,0.013399544958162996
COBYLA,Rosenbrock,30,2,1000,28.347923890330925
COBYLA,Rosenbrock,30,2,2000,26.672951473152025
COBYLA,Rosenbrock,30,2,3000,25.42356858782049
COBYLA,Rosenbrock,30,2,4000,24.58429559404197
COBYLA,Rosenbrock,30,2,5000,23.766980496009396
COBYLA,Rosenbrock,30,2,6000,23.04214109310343
COBYLA,Rosenbrock,30,2,7000,22.32693116350505
COBYLA,Rosenbrock,30,2,8000,21.67803065444392
COBYLA,Rosenbrock,30,2,9000,20.996527081487866
COBYLA,Rosenbrock,30,2,10000,20.398243939546116
COBYLA,Rosenbrock,30,2,11000,19.807542030437105
COBYLA,Rosenbrock,30,2,12000,19.280059067354255
COBYLA,Rosenbrock,30,2,13000,18.797061336172987
COBYLA,Rosenbrock,30,2,14000,18.29911940746728
COBYLA,Rosenbrock,30,2,15000,17.79094032401298
COBYLA,Rosenbrock,30,2,16000,17.314988512938044
COBYLA,Rosenbrock,30,2,17000,16.83204720731971
COBYLA,Rosenbrock,30,2,18000,16.337438284345946
COBYLA,Rosenbrock,30,2,19000,15.860950335781526
COBYLA,Rosenbrock,30,2,20000,15.373548877255754
COBYLA,Rosenbrock,30,2,21000,14.873107281651338
COBYLA,Rosenbrock,30,2,22000,14.379146290754301
COBYLA,Rosenbrock,30,2,23000,13.912295083526464
COBYLA,Rosenbrock,30,2,24000,13.443896627224442
COBYLA,Rosenbrock,30,2,25000,12.954993449739415
COBYLA,Rosenbrock,30,2,26000,12.486777627281388
COBYLA,Rosenbrock,30,2,27000,12.025768008360124
COBYLA,Rosenbrock,30,2,28000,11.529455408773137
COBYLA,Rosenbrock,30,2,29000,11.086579502808418
COBYLA,Rosenbrock,30,2,30000,10.634968075581893
COBYLA,Rosenbrock,30,2,31000,10.181356343230538
COBYLA,Rosenbrock,30,2,32000,9.752988667259055
COBYLA,Rosenbrock,30,2,33000,9.306539318615298
COBYLA,Rosenbrock,30,2,34000,8.871333045708498
COBYLA,Rosenbrock,30,2,35000,8.410152240405223
COBYLA,Rosenbrock,30,2,36000,7.975223835647622
COBYLA,Rosenbrock,30,2,37000,7.556912020140929
COBYLA,Rosenbrock,30,2,38000,7.119761370155723
COBYLA,Rosenbrock,30,2,39000,6.691455479752907
COBYLA,Rosenbrock,30,2,40000,6.263022756728093
COBYLA,Rosenbrock,30,2,41000,5.859789669137596
COBYLA,Rosenbrock,30,2,42000,5.460687454869539
COBYLA,Rosenbrock,30,2,43000,5.061307246232655
COBYLA,Rosenbrock,30,2,44000,4.662893844551899
COBYLA,Rosenbrock,30,2,45000,4.26288417545228
COBYLA,Rosenbrock,30,2,46000,3.8537619241257746
COBYLA,Rosenbrock,30,2,47000,3.469705680797233
COBYLA,Rosenbrock,30,2,48000,3.07782216557414
COBYLA,Rosenbrock,30,2,49000,2.6768835586910473
COBYLA,Rosenbrock,30,2,50000,2.287153459062643
COBYLA,Rosenbrock,30,2,51000,1.91221651893789
COBYLA,Rosenbrock,30,2,52000,1.5603204693911192
COBYLA,Rosenbrock,30,2,53000,1.2372916395370006
COBYLA,Rosenbrock,30,2,54000,0.990448291220716
COBYLA,Rosenbrock,30,2,55000,0.7928683247163679
COBYLA,Rosenbrock,30,2,56000,0.644089569828604
COBYLA,Rosenbrock,30,2,57000,0.527017463781235
COBYLA,Rosenbrock,30,2,58000,0.43925506600160946
COBYLA,Rosenbrock,30,2,59000,0.37347626003282663
COBYLA,Rosenbrock,30,2,60000,0.3224992210528807
COBYLA,Rosenbrock,30,2,61000,0.2800523233415465
COBYLA,Rosenbrock,30,2,62000,0.2439945242921437
COBYLA,Rosenbrock,30,2,63000,0.2131181085982302
COBYLA,Rosenbrock,30,2,64000,0.1897495283344076
COBYLA,Rosenbrock,30,2,65000,0.16990676181557912
COBYLA,Rosenbrock,30,2,66000,0.15270883665191567
COBYLA,Rosenbrock,30,2,67000,0.1374507548702933
COBYLA,Rosenbrock,30,2,68000,0.12407112154746874
COBYLA,Rosenbrock,30,2,69000,0.11127593089650087
COBYLA,Rosenbrock,30,2,70000,0.10065675046908554
COBYLA,Rosenbrock,30,2,71000,0.0910815238972694
COBYLA,Rosenbrock,30,2,72000,0.08256335025082956
COBYLA,Rosenbrock,30,2,73000,0.07474574751686688
COBYLA,Rosenbrock,30,2,74000,0.06801366566876813
COBYLA,Rosenbrock,30,2,75000,0.06174175436759013
COBYLA,Rosenbrock,30,2,76000,0.05710017787120254
COBYLA,Rosenbrock,30,2,77000,0.05285696163600312
COBYLA,Rosenbrock,30,2,78000,0.048909050601805074
COBYLA,Rosenbrock,30,2,79000,0.04512501742900321
COBYLA,Rosenbrock,30,2,80000,0.04179451598414514
COBYLA,Rosenbrock,30,2,81000,0.03875911588531814
COBYLA,Rosenbrock,30,2,82000,0.03601899672568668
COBYLA,Rosenbrock,30,2,83000,0.0334176866660339
COBYLA,Rosenbrock,30,2,84000,0.030899146918301715
COBYLA,Rosenbrock,30,2,85000,0.028609329696258318
COBYLA,Rosenbrock,30,2,86000,0.026388682142475882
COBYLA,Rosenbrock,30,2,87000,0.024453944620413132
COBYLA,Rosenbrock,30,2,88000,0.022593356595105096
COBYLA,Rosenbrock,30,2,89000,0.02095637631894223
COBYLA,Rosenbrock,30,2,90000,0.01939252245260218
COBYLA,Rosenbrock,30,2,91000,0.017977081102474073
COBYLA,Rosenbrock,30,2,92000,0.01660036079527616
COBYLA,Rosenbrock,30,2,93000,0.01545733703436577
COBYLA,Rosenbrock,30,1,1000,29.0831015147774
COBYLA,Rosenbrock,30,1,2000,27.339751236685284
COBYLA,Rosenbrock,30,1,3000,25.869915704418705
COBYLA,Rosenbrock,30,1,4000,24.880706106371044
COBYLA,Rosenbrock,30,1,5000,24.10292015900983
COBYLA,Rosenbrock,30,1,6000,23.358654725068035
COBYLA,Rosenbrock,30,1,7000,22.72721865986957
COBYLA,Rosenbrock,30,1,8000,22.14163425242392
COBYLA,Rosenbrock,30,1,9000,21.605303369056628
COBYLA,Rosenbrock,30,1,10000,21.05359138232015
COBYLA,Rosenbrock,30,1,11000,20.520336893744307
COBYLA,Rosenbrock,30,1,12000,20.005612162002034
COBYLA,Rosenbrock,30,1,13000,19.465979298187307
COBYLA,Rosenbrock,30,1,14000,18.95238854050651
COBYLA,Rosenbrock,30,1,15000,18.449408989880187
COBYLA,Rosenbrock,30,1,16000,17.963825598597353
COBYLA,Rosenbrock,30,1,17000,17.483584372808522
COBYLA,Rosenbrock,30,1,18000,16.992800911722103
COBYLA,Rosenbrock,30,1,19000,16.527496870932453
COBYLA,Rosenbrock,30,1,20000,16.046329676262715
COBYLA,Rosenbrock,30,1,21000,15.560312233218598
COBYLA,Rosenbrock,30,1,22000,15.082671196103398
COBYLA,Rosenbrock,30,1,23000,14.63628984340502
COBYLA,Rosenbrock,30,1,24000,14.175274926530319
COBYLA,Rosenbrock,30,1,25000,13.708942585269888
COBYLA,Rosenbrock,30,1,26000,13.239068928255348
COBYLA,Rosenbrock,30,1,27000,12.760980541062546
COBYLA,Rosenbrock,30,1,28000,12.289968008525042
COBYLA,Rosenbrock,30,1,29000,11.826466710602434
COBYLA,Rosenbrock,30,1,30000,11.38479971871114
COBYLA,Rosenbrock,30,1,31000,10.942899151786797
COBYLA,Rosenbrock,30,1,32000,10.470018228164436
COBYLA,Rosenbrock,30,1,33000,10.01389598241699
COBYLA,Rosenbrock,30,1,34000,9.55616767750341
COBYLA,Rosenbrock,30,1,35000,9.116308956771805
COBYLA,Rosenbrock,30,1,36000,8.687716748858083
COBYLA,Rosenbrock,30,1,37000,8.248776221909601
COBYLA,Rosenbrock,30,1,38000,7.822714503895503
COBYLA,Rosenbrock,30,1,39000,7.395303466530812
COBYLA,Rosenbrock,30,1,40000,6.979892324302323
COBYLA,Rosenbrock,30,1,41000,6.547646217200617
COBYLA,Rosenbrock,30,1,42000,6.139334464647581
COBYLA,Rosenbrock,30,1,43000,5.718715755554979
COBYLA,Rosenbrock,30,1,44000,5.29367421743814
COBYLA,Rosenbrock,30,1,45000,4.878396035667882
COBYLA,Rosenbrock,30,1,46000,4.4551361176351465
COBYLA,Rosenbrock,30,1,47000,4.017561156435634
COBYLA,Rosenbrock,30,1,48000,3.6226180974496853
COBYLA,Rosenbrock,30,1,49000,3.234076426670737
COBYLA,Rosenbrock,30,1,50000,2.8485874132914977
COBYLA,Rosenbrock,30,1,51000,2.4692781471296588
COBYLA,Rosenbrock,30,1,52000,2.0904274742355704
COBYLA,Rosenbrock,30,1,53000,1.690739281231766
COBYLA,Rosenbrock,30,1,54000,1.3785053455212999
COBYLA,Rosenbrock,30,1,55000,1.1182770102540691
COBYLA,Rosenbrock,30,1,56000,0.8972999866060933
COBYLA,Rosenbrock,30,1,57000,0.7231509887523908
COBYLA,Rosenbrock,30,1,58000,0.5909586787432934
COBYLA,Rosenbrock,30,1,59000,0.48659616536883443
COBYLA,Rosenbrock,30,1,60000,0.4132293079516188
COBYLA,Rosenbrock,30,1,61000,0.3553292442912802
COBYLA,Rosenbrock,30,1,62000,0.3056069715760054
COBYLA,Rosenbrock,30,1,63000,0.2657640274235307
COBYLA,Rosenbrock,30,1,64000,0.23182401988777035
COBYLA,Rosenbrock,30,1,65000,0.2032460879952624
COBYLA,Rosenbrock,30,1,66000,0.18071110380462707
COBYLA,Rosenbrock,30,1,67000,0.16166173048275745
COBYLA,Rosenbrock,30,1,68000,0.14476356649636257
COBYLA,Rosenbrock,30,1,69000,0.13049118104075394
COBYLA,Rosenbrock,30,1,70000,0.11748887604376544
COBYLA,Rosenbrock,30,1,71000,0.10597239533863483
COBYLA,Rosenbrock,30,1,72000,0.09597435522518245
COBYLA,Rosenbrock,30,1,73000,0.0864519024200121
COBYLA,Rosenbrock,30,1,74000,0.07841115446755063
COBYLA,Rosenbrock,30,1,75000,0.07101121953466921
COBYLA,Rosenbrock,30,1,76000,0.06467933702337701
COBYLA,Rosenbrock,30,1,77000,0.05917036447697925
COBYLA,Rosenbrock,30,1,78000,0.054563082143172674
COBYLA,Rosenbrock,30,1,79000,0.05054218011602771
COBYLA,Rosenbrock,30,1,80000,0.046809963258646864
COBYLA,Rosenbrock,30,1,81000,0.04325518075968252
COBYLA,Rosenbrock,30,1,82000,0.040037085853392634
COBYLA,Rosenbrock,30,1,83000,0.037095693679366146
COBYLA,Rosenbrock,30,1,84000,0.03433915810559668
COBYLA,Rosenbrock,30,1,85000,0.031804659348073375
COBYLA,Rosenbrock,30,1,86000,0.02942644286146358
COBYLA,Rosenbrock,30,1,87000,0.027263772594867522
COBYLA,Rosenbrock,30,1,88000,0.02519697053305215
COBYLA,Rosenbrock,30,1,89000,0.02338529652822416
COBYLA,Rosenbrock,30,1,90000,0.021584637343244794
COBYLA,Rosenbrock,30,1,91000,0.01996815306960388
COBYLA,Rosenbrock,30,1,92000,0.01852052817066547
COBYLA,Rosenbrock,30,1,93000,0.017124598404130446
COBYLA,Rosenbrock,30,1,94000,0.015898683871417407
COBYLA,Rosenbrock,30,1,95000,0.014802516848786897
COBYLA,Rosenbrock,30,1,96000,0.013759422747137923
COBYLA,Rosenbrock,30,5,1000,27.439277130380784
COBYLA,Rosenbrock,30,5,2000,26.10256710668517
COBYLA,Rosenbrock,30,5,3000,25.245239563042375
COBYLA,Rosenbrock,30,5,4000,24.466542234849825
COBYLA,Rosenbrock,30,5,5000,23.729486812538184
COBYLA,Rosenbrock,30,5,6000,22.98879306870012
COBYLA,Rosenbrock,30,5,7000,22.303459425925
COBYLA,Rosenbrock,30,5,8000,21.57264842176901
COBYLA,Rosenbrock,30,5,9000,20.979498532466373
COBYLA,Rosenbrock,30,5,10000,20.443055843902776
COBYLA,Rosenbrock,30,5,11000,19.919554866329218
COBYLA,Rosenbrock,30,5,12000,19.419565653823714
COBYLA,Rosenbrock,30,5,13000,18.921048727238837
COBYLA,Rosenbrock,30,5,14000,18.444501422212337
COBYLA,Rosenbrock,30,5,15000,17.92735844829938
COBYLA,Rosenbrock,30,5,16000,17.448227728771098
COBYLA,Rosenbrock,30,5,17000,16.947871264529972
COBYLA,Rosenbrock,30,5,18000,16.462064164415455
COBYLA,Rosenbrock,30,5,19000,15.960436558993917
COBYLA,Rosenbrock,30,5,20000,15.494433592316286
COBYLA,Rosenbrock,30,5,21000,15.012694131805345
COBYLA,Rosenbrock,30,5,22000,14.528367167260472
COBYLA,Rosenbrock,30,5,23000,14.058141352647135
COBYLA,Rosenbrock,30,5,24000,13.60837514056845
COBYLA,Rosenbrock,30,5,25000,13.16070702026487
COBYLA,Rosenbrock,30,5,26000,12.712363667213138
COBYLA,Rosenbrock,30,5,27000,12.260985085415935
COBYLA,Rosenbrock,30,5,28000,11.79859370594079
COBYLA,Rosenbrock,30,5,29000,11.33489096154485
COBYLA,Rosenbrock,30,5,30000,10.866442507715746
COBYLA,Rosenbrock,30,5,31000,10.381840132386998
COBYLA,Rosenbrock,30,5,32000,9.925635673719656
COBYLA,Rosenbrock,30,5,33000,9.497935685963437
COBYLA,Rosenbrock,30,5,34000,9.067463950999795
COBYLA,Rosenbrock,30,5,35000,8.618558712095043
COBYLA,Rosenbrock,30,5,36000,8.191395228751087
COBYLA,Rosenbrock,30,5,37000,7.749557878096985
COBYLA,Rosenbrock,30,5,38000,7.313334693716621
COBYLA,Rosenbrock,30,5,39000,6.880363175234095
COBYLA,Rosenbrock,30,5,40000,6.451777759902081
COBYLA,Rosenbrock,30,5,41000,6.028196063797606
COBYLA,Rosenbrock,30,5,42000,5.612330919670441
COBYLA,Rosenbrock,30,5,43000,5.197619348025651
COBYLA,Rosenbrock,30,5,44000,4.765575178567078
COBYLA,Rosenbrock,30,5,45000,4.372640885388033
COBYLA,Rosenbrock,30,5,46000,3.992756677029288
COBYLA,Rosenbrock,30,5,47000,3.582877599442445
COBYLA,Rosenbrock,30,5,48000,3.1759947335182117
COBYLA,Rosenbrock,30,5,49000,2.82921207874404
COBYLA,Rosenbrock,30,5,50000,2.4927393439241587
COBYLA,Rosenbrock,30,5,51000,2.1658595023438716
COBYLA,Rosenbrock,30,5,52000,1.8368965677758298
COBYLA,Rosenbrock,30,5,53000,1.5253342154700245
COBYLA,Rosenbrock,30,5,54000,1.241149079338789
COBYLA,Rosenbrock,30,5,55000,1.0095754906407932
COBYLA,Rosenbrock,30,5,56000,0.8156101454385906
COBYLA,Rosenbrock,30,5,57000,0.6587390133289381
COBYLA,Rosenbrock,30,5,58000,0.5409026240551749
COBYLA,Rosenbrock,30,5,59000,0.44668130137266543
COBYLA,Rosenbrock,30,5,60000,0.3825150176004375
COBYLA,Rosenbrock,30,5,61000,0.3296388383983032
COBYLA,Rosenbrock,30,5,62000,0.2858059677681006
COBYLA,Rosenbrock,30,5,63000,0.24789750483180967
COBYLA,Rosenbrock,30,5,64000,0.21716246833816258
COBYLA,Rosenbrock,30,5,65000,0.19256766970109668
COBYLA,Rosenbrock,30,5,66000,0.17270837428522953
COBYLA,Rosenbrock,30,5,67000,0.15370798464686528
COBYLA,Rosenbrock,30,5,68000,0.13781153064721008
COBYLA,Rosenbrock,30,5,69000,0.12391039822005703
COBYLA,Rosenbrock,30,5,70000,0.11176696951176349
COBYLA,Rosenbrock,30,5,71000,0.10083082247248709
COBYLA,Rosenbrock,30,5,72000,0.09144136638120497
COBYLA,Rosenbrock,30,5,73000,0.08293787134313917
COBYLA,Rosenbrock,30,5,74000,0.07521500438567827
COBYLA,Rosenbrock,30,5,75000,0.06878348069598023
COBYLA,Rosenbrock,30,5,76000,0.06273227095100008
COBYLA,Rosenbrock,30,5,77000,0.05764365306552583
COBYLA,Rosenbrock,30,5,78000,0.05282222033250679
COBYLA,Rosenbrock,30,5,79000,0.04882679655599394
COBYLA,Rosenbrock,30,5,80000,0.04520175821646006
COBYLA,Rosenbrock,30,5,81000,0.04187941426095827
COBYLA,Rosenbrock,30,5,82000,0.03871302452360577
COBYLA,Rosenbrock,30,5,83000,0.03582256192882914
COBYLA,Rosenbrock,30,5,84000,0.03310527682067607
COBYLA,Rosenbrock,30,5,85000,0.030557457891436608
COBYLA,Rosenbrock,30,5,86000,0.02820087490456779
COBYLA,Rosenbrock,30,5,87000,0.026066098671951834
COBYLA,Rosenbrock,30,5,88000,0.024115059383918648
COBYLA,Rosenbrock,30,5,89000,0.022264805376097804
COBYLA,Rosenbrock,30,5,90000,0.02051888079314992
COBYLA,Rosenbrock,30,5,91000,0.018985810187726035
COBYLA,Rosenbrock,30,3,1000,27.934316040451538
COBYLA,Rosenbrock,30,3,2000,26.22337831114574
COBYLA,Rosenbrock,30,3,3000,24.9797908630097
COBYLA,Rosenbrock,30,3,4000,24.174378293918153
COBYLA,Rosenbrock,30,3,5000,23.424330242654122
COBYLA,Rosenbrock,30,3,6000,22.72694177008816
COBYLA,Rosenbrock,30,3,7000,22.18884965448689
COBYLA,Rosenbrock,30,3,8000,21.637689035614223
COBYLA,Rosenbrock,30,3,9000,21.10317259932539
COBYLA,Rosenbrock,30,3,10000,20.5892464805467
COBYLA,Rosenbrock,30,3,11000,20.048753946850724
COBYLA,Rosenbrock,30,3,12000,19.53948430474745
COBYLA,Rosenbrock,30,3,13000,19.015929603364487
COBYLA,Rosenbrock,30,3,14000,18.543487197058255
COBYLA,Rosenbrock,30,3,15000,18.048243090489525
COBYLA,Rosenbrock,30,3,16000,17.544075059657175
COBYLA,Rosenbrock,30,3,17000,17.032896082680193
COBYLA,Rosenbrock,30,3,18000,16.521304529851808
COBYLA,Rosenbrock,30,3,19000,16.048733976132123
COBYLA,Rosenbrock,30,3,20000,15.561238593348618
COBYLA,Rosenbrock,30,3,21000,15.104889688678956
COBYLA,Rosenbrock,30,3,22000,14.614292665110744
COBYLA,Rosenbrock,30,3,23000,14.134496698847464
COBYLA,Rosenbrock,30,3,24000,13.658214141607658
COBYLA,Rosenbrock,30,3,25000,13.175387585282124
COBYLA,Rosenbrock,30,3,26000,12.699609406892222
COBYLA,Rosenbrock,30,3,27000,12.204359781174059
COBYLA,Rosenbrock,30,3,28000,11.736587184744966
COBYLA,Rosenbrock,30,3,29000,11.26466156732651
COBYLA,Rosenbrock,30,3,30000,10.80051142459599
COBYLA,Rosenbrock,30,3,31000,10.362575298379928
COBYLA,Rosenbrock,30,3,32000,9.899387788044404
COBYLA,Rosenbrock,30,3,33000,9.447601886080935
COBYLA,Rosenbrock,30,3,34000,9.025584755514336
COBYLA,Rosenbrock,30,3,35000,8.578141591238369
COBYLA,Rosenbrock,30,3,36000,8.13537145492346
COBYLA,Rosenbrock,30,3,37000,7.684863190080657
COBYLA,Rosenbrock,30,3,38000,7.281541945342791
COBYLA,Rosenbrock,30,3,39000,6.861705117646181
COBYLA,Rosenbrock,30,3,40000,6.47718424148258
COBYLA,Rosenbrock,30,3,41000,6.055533014644068
COBYLA,Rosenbrock,30,3,42000,5.667209299362376
COBYLA,Rosenbrock,30,3,43000,5.257806702446086
COBYLA,Rosenbrock,30,3,44000,4.843155960034465
COBYLA,Rosenbrock,30,3,45000,4.42128811761803
COBYLA,Rosenbrock,30,3,46000,4.053497575629266
COBYLA,Rosenbrock,30,3,47000,3.652637149049869
COBYLA,Rosenbrock,30,3,48000,3.264015796472823
COBYLA,Rosenbrock,30,3,49000,2.8896173577829485
COBYLA,Rosenbrock,30,3,50000,2.522687306563877
COBYLA,Rosenbrock,30,3,51000,2.139375515173188
COBYLA,Rosenbrock,30,3,52000,1.782244428096891
COBYLA,Rosenbrock,30,3,53000,1.4485972760934431
COBYLA,Rosenbrock,30,3,54000,1.1740793764812718
COBYLA,Rosenbrock,30,3,55000,0.9471287762412017
COBYLA,Rosenbrock,30,3,56000,0.7711923428087779
COBYLA,Rosenbrock,30,3,57000,0.6234582968394344
COBYLA,Rosenbrock,30,3,58000,0.51808153007232
COBYLA,Rosenbrock,30,3,59000,0.4357008877361599
COBYLA,Rosenbrock,30,3,60000,0.37192172049774097
COBYLA,Rosenbrock,30,3,61000,0.32095074513201327
COBYLA,Rosenbrock,30,3,62000,0.27687188212798025
COBYLA,Rosenbrock,30,3,63000,0.24185496570670462
COBYLA,Rosenbrock,30,3,64000,0.21231949184582388
COBYLA,Rosenbrock,30,3,65000,0.1891908257898429
COBYLA,Rosenbrock,30,3,66000,0.1694259915167005
COBYLA,Rosenbrock,30,3,67000,0.15204817762419032
COBYLA,Rosenbrock,30,3,68000,0.136723682453965
COBYLA,Rosenbrock,30,3,69000,0.1231507450480964
COBYLA,Rosenbrock,30,3,70000,0.11118838120302171
COBYLA,Rosenbrock,30,3,71000,0.10040593524519913
COBYLA,Rosenbrock,30,3,72000,0.09106598428733922
COBYLA,Rosenbrock,30,3,73000,0.08223034837890694
COBYLA,Rosenbrock,30,3,74000,0.07442477760561203
COBYLA,Rosenbrock,30,3,75000,0.06790584123971381
COBYLA,Rosenbrock,30,3,76000,0.06189463340554614
COBYLA,Rosenbrock,30,3,77000,0.057205704411653846
COBYLA,Rosenbrock,30,3,78000,0.052931137356590496
COBYLA,Rosenbrock,30,3,79000,0.048975064240182546
COBYLA,Rosenbrock,30,3,80000,0.04545803407760979
COBYLA,Rosenbrock,30,3,81000,0.042007650179265166
COBYLA,Rosenbrock,30,3,82000,0.03883818715212824
COBYLA,Rosenbrock,30,3,83000,0.03601279074278564
COBYLA,Rosenbrock,30,3,84000,0.03335868345981616
COBYLA,Rosenbrock,30,3,85000,0.03097203356610896
COBYLA,Rosenbrock,30,3,86000,0.028754997142305644
COBYLA,Rosenbrock,30,3,87000,0.026647484851952723
COBYLA,Rosenbrock,30,3,88000,0.024589900057849064
COBYLA,Rosenbrock,30,3,89000,0.022786410921379854
COBYLA,Rosenbrock,30,3,90000,0.021080466902814628
COBYLA,Rosenbrock,30,3,91000,0.01953690151300564
COBYLA,Rosenbrock,30,3,92000,0.018130022164965093
COBYLA,Rosenbrock,30,3,93000,0.01675745912077138
COBYLA,Rosenbrock,30,3,94000,0.015487800401905337
COBYLA,Rosenbrock,30,4,1000,27.880488252296733
COBYLA,Rosenbrock,30,4,2000,26.126705460450644
COBYLA,Rosenbrock,30,4,3000,25.199115841886247
COBYLA,Rosenbrock,30,4,4000,24.36837751489173
COBYLA,Rosenbrock,30,4,5000,23.6514944606066
COBYLA,Rosenbrock,30,4,6000,22.966753900559855
COBYLA,Rosenbrock,30,4,7000,22.233644524688767
COBYLA,Rosenbrock,30,4,8000,21.569171317944466
COBYLA,Rosenbrock,30,4,9000,20.915966230199654
COBYLA,Rosenbrock,30,4,10000,20.281279379576038
COBYLA,Rosenbrock,30,4,11000,19.636060063163818
COBYLA,Rosenbrock,30,4,12000,19.131526393012315
COBYLA,Rosenbrock,30,4,13000,18.628056824059755
COBYLA,Rosenbrock,30,4,14000,18.122271211908604
COBYLA,Rosenbrock,30,4,15000,17.629620897524287
COBYLA,Rosenbrock,30,4,16000,17.133674923466835
COBYLA,Rosenbrock,30,4,17000,16.6561250970627
COBYLA,Rosenbrock,30,4,18000,16.19420993946321
COBYLA,Rosenbrock,30,4,19000,15.72108041071112
COBYLA,Rosenbrock,30,4,20000,15.24136086901737
COBYLA,Rosenbrock,30,4,21000,14.75666807545181
COBYLA,Rosenbrock,30,4,22000,14.288151986421523
COBYLA,Rosenbrock,30,4,23000,13.795793186449723
COBYLA,Rosenbrock,30,4,24000,13.3305073273236
COBYLA,Rosenbrock,30,4,25000,12.859518939491599
COBYLA,Rosenbrock,30,4,26000,12.399288431109941
COBYLA,Rosenbrock,30,4,27000,11.916465383269365
COBYLA,Rosenbrock,30,4,28000,11.45499990883832
COBYLA,Rosenbrock,30,4,29000,11.011952824213896
COBYLA,Rosenbrock,30,4,30000,10.549139477412643
COBYLA,Rosenbrock,30,4,31000,10.119033196032653
COBYLA,Rosenbrock,30,4,32000,9.687833988362009
COBYLA,Rosenbrock,30,4,33000,9.227652448391147
COBYLA,Rosenbrock,30,4,34000,8.787337942076062
COBYLA,Rosenbrock,30,4,35000,8.35424847121473
COBYLA,Rosenbrock,30,4,36000,7.921744098170098
COBYLA,Rosenbrock,30,4,37000,7.477407212044236
COBYLA,Rosenbrock,30,4,38000,7.061434449704791
COBYLA,Rosenbrock,30,4,39000,6.6306559296151235
COBYLA,Rosenbrock,30,4,40000,6.210655219650092
COBYLA,Rosenbrock,30,4,41000,5.779766700340751
COBYLA,Rosenbrock,30,4,42000,5.364029114687774
COBYLA,Rosenbrock,30,4,43000,4.9788999132855265
COBYLA,Rosenbrock,30,4,44000,4.583016095225863
COBYLA,Rosenbrock,30,4,45000,4.1716537636089255
COBYLA,Rosenbrock,30,4,46000,3.739311991353706
COBYLA,Rosenbrock,30,4,47000,3.3320557710820013
COBYLA,Rosenbrock,30,4,48000,2.9402754129492115
COBYLA,Rosenbrock,30,4,49000,2.5685196446260834
COBYLA,Rosenbrock,30,4,50000,2.175178256638493
COBYLA,Rosenbrock,30,4,51000,1.8155270909467183
COBYLA,Rosenbrock,30,4,52000,1.4891941689471406
COBYLA,Rosenbrock,30,4,53000,1.197919693642549
COBYLA,Rosenbrock,30,4,54000,0.9652715500886129
COBYLA,Rosenbrock,30,4,55000,0.7730722886696721
COBYLA,Rosenbrock,30,4,56000,0.6278025869581703
COBYLA,Rosenbrock,30,4,57000,0.5143560843375955
COBYLA,Rosenbrock,30,4,58000,0.4347587941953349
COBYLA,Rosenbrock,30,4,59000,0.3699936664174841
COBYLA,Rosenbrock,30,4,60000,0.31679052768426125
COBYLA,Rosenbrock,30,4,61000,0.2740154412952335
COBYLA,Rosenbrock,30,4,62000,0.23883789255408103
COBYLA,Rosenbrock,30,4,63000,0.2101069060747969
COBYLA,Rosenbrock,30,4,64000,0.18653706261494238
COBYLA,Rosenbrock,30,4,65000,0.1653769843246689
COBYLA,Rosenbrock,30,4,66000,0.14790229395290216
COBYLA,Rosenbrock,30,4,67000,0.1332561336282178
COBYLA,Rosenbrock,30,4,68000,0.12008823030140292
COBYLA,Rosenbrock,30,4,69000,0.10862262272304124
COBYLA,Rosenbrock,30,4,70000,0.09807583314234479
COBYLA,Rosenbrock,30,4,71000,0.08861122507342327
COBYLA,Rosenbrock,30,4,72000,0.08011104397670535
COBYLA,Rosenbrock,30,4,73000,0.07306197665008368
COBYLA,Rosenbrock,30,4,74000,0.06660913870008275
COBYLA,Rosenbrock,30,4,75000,0.060663683845599115
COBYLA,Rosenbrock,30,4,76000,0.05585305403511623
COBYLA,Rosenbrock,30,4,77000,0.05164691790022191
COBYLA,Rosenbrock,30,4,78000,0.04779756459145608
COBYLA,Rosenbrock,30,4,79000,0.044237458623593504
COBYLA,Rosenbrock,30,4,80000,0.04086305807359389
COBYLA,Rosenbrock,30,4,81000,0.03789809092827764
COBYLA,Rosenbrock,30,4,82000,0.035075585681889364
COBYLA,Rosenbrock,30,4,83000,0.03255948167764436
COBYLA,Rosenbrock,30,4,84000,0.03010149038327295
COBYLA,Rosenbrock,30,4,85000,0.02777763142433517
COBYLA,Rosenbrock,30,4,86000,0.02567968756715778
COBYLA,Rosenbrock,30,4,87000,0.023719334148205942
COBYLA,Rosenbrock,30,4,88000,0.021971000706717786
COBYLA,Rosenbrock,30,4,89000,0.020351889036022152
COBYLA,Rosenbrock,30,4,90000,0.018837912254674287
COBYLA,Rosenbrock,30,4,91000,0.017438769023609975
COBYLA,Rosenbrock,30,4,92000,0.016222749418203966
COBYLA,Rosenbrock,30,4,93000,0.01503312269883988
COBYLA,Rosenbrock,30,4,94000,0.014006920271084373
COBYLA,Rosenbrock,30,4,95000,0.013002961975681022
COBYLA,Rosenbrock,30,4,96000,0.012096381205191718
COBYLA,Rosenbrock,30,6,1000,26.869428819651635
COBYLA,Rosenbrock,30,6,2000,25.723161599828803
COBYLA,Rosenbrock,30,6,3000,24.89910355831621
COBYLA,Rosenbrock,30,6,4000,24.087677379180533
COBYLA,Rosenbrock,30,6,5000,23.29551547726416
COBYLA,Rosenbrock,30,6,6000,22.544004934637197
COBYLA,Rosenbrock,30,6,7000,21.87661565429046
COBYLA,Rosenbrock,30,6,8000,21.33881926869457
COBYLA,Rosenbrock,30,6,9000,20.7989440213505
COBYLA,Rosenbrock,30,6,10000,20.298502812110055
COBYLA,Rosenbrock,30,6,11000,19.780093825446833
COBYLA,Rosenbrock,30,6,12000,19.25870307321509
COBYLA,Rosenbrock,30,6,13000,18.74971330200036
COBYLA,Rosenbrock,30,6,14000,18.24524969330141
COBYLA,Rosenbrock,30,6,15000,17.782090022666043
COBYLA,Rosenbrock,30,6,16000,17.28595149377582
COBYLA,Rosenbrock,30,6,17000,16.798766203836085
COBYLA,Rosenbrock,30,6,18000,16.316217779070886
COBYLA,Rosenbrock,30,6,19000,15.821768079754149
COBYLA,Rosenbrock,30,6,20000,15.34052842912377
COBYLA,Rosenbrock,30,6,21000,14.86917849261072
COBYLA,Rosenbrock,30,6,22000,14.387471153225029
COBYLA,Rosenbrock,30,6,23000,13.91582332418734
COBYLA,Rosenbrock,30,6,24000,13.45082375878945
COBYLA,Rosenbrock,30,6,25000,12.993556039861353
COBYLA,Rosenbrock,30,6,26000,12.521175444495556
COBYLA,Rosenbrock,30,6,27000,12.075512559555163
COBYLA,Rosenbrock,30,6,28000,11.615680648703973
COBYLA,Rosenbrock,30,6,29000,11.152681963912185
COBYLA,Rosenbrock,30,6,30000,10.683864648327628
COBYLA,Rosenbrock,30,6,31000,10.202123752505738
COBYLA,Rosenbrock,30,6,32000,9.775442824926943
COBYLA,Rosenbrock,30,6,33000,9.32386586303813
COBYLA,Rosenbrock,30,6,34000,8.896961436464357
COBYLA,Rosenbrock,30,6,35000,8.477873617405146
COBYLA,Rosenbrock,30,6,36000,8.02226365285648
COBYLA,Rosenbrock,30,6,37000,7.58551755495673
COBYLA,Rosenbrock,30,6,38000,7.13364930309609
COBYLA,Rosenbrock,30,6,39000,6.717647827404662
COBYLA,Rosenbrock,30,6,40000,6.311519638194054
COBYLA,Rosenbrock,30,6,41000,5.897537776361197
COBYLA,Rosenbrock,30,6,42000,5.479053772224176
COBYLA,Rosenbrock,30,6,43000,5.101732189471475
COBYLA,Rosenbrock,30,6,44000,4.687037418935455
COBYLA,Rosenbrock,30,6,45000,4.282888243190814
COBYLA,Rosenbrock,30,6,46000,3.905444178926789
COBYLA,Rosenbrock,30,6,47000,3.507257618459651
COBYLA,Rosenbrock,30,6,48000,3.0807925294645937
COBYLA,Rosenbrock,30,6,49000,2.682484757605499
COBYLA,Rosenbrock,30,6,50000,2.2949103273085116
COBYLA,Rosenbrock,30,6,51000,1.9210150753704056
COBYLA,Rosenbrock,30,6,52000,1.5833727244578522
COBYLA,Rosenbrock,30,6,53000,1.2969252717528967
COBYLA,Rosenbrock,30,6,54000,1.0399066584202257
COBYLA,Rosenbrock,30,6,55000,0.8339776285219294
COBYLA,Rosenbrock,30,6,56000,0.6730709825032126
COBYLA,Rosenbrock,30,6,57000,0.5613752386444286
COBYLA,Rosenbrock,30,6,58000,0.46505842289350824
COBYLA,Rosenbrock,30,6,59000,0.3952873691242778
COBYLA,Rosenbrock,30,6,60000,0.3403370737371054
COBYLA,Rosenbrock,30,6,61000,0.2939859446760471
COBYLA,Rosenbrock,30,6,62000,0.2562243394271514
COBYLA,Rosenbrock,30,6,63000,0.2222732967438868
COBYLA,Rosenbrock,30,6,64000,0.19741417656659527
COBYLA,Rosenbrock,30,6,65000,0.17440305848945814
COBYLA,Rosenbrock,30,6,66000,0.15534455376727738
COBYLA,Rosenbrock,30,6,67000,0.1395020010521148
COBYLA,Rosenbrock,30,6,68000,0.12506494588063855
COBYLA,Rosenbrock,30,6,69000,0.11342644441436331
COBYLA,Rosenbrock,30,6,70000,0.10277680294618392
COBYLA,Rosenbrock,30,6,71000,0.09344085234497418
COBYLA,Rosenbrock,30,6,72000,0.08445584274025222
COBYLA,Rosenbrock,30,6,73000,0.0769006902311406
COBYLA,Rosenbrock,30,6,74000,0.06966152327097709
COBYLA,Rosenbrock,30,6,75000,0.06324599105825901
COBYLA,Rosenbrock,30,6,76000,0.05787099560008112
COBYLA,Rosenbrock,30,6,77000,0.053440246290052985
COBYLA,Rosenbrock,30,6,78000,0.04937330191093932
COBYLA,Rosenbrock,30,6,79000,0.04557450073949214
COBYLA,Rosenbrock,30,6,80000,0.042296954778735345
COBYLA,Rosenbrock,30,6,81000,0.039196428273006595
COBYLA,Rosenbrock,30,6,82000,0.03628564896277557
COBYLA,Rosenbrock,30,6,83000,0.03352273917435393
COBYLA,Rosenbrock,30,6,84000,0.030979976864412513
COBYLA,Rosenbrock,30,6,85000,0.028660842258229915
COBYLA,Rosenbrock,30,6,86000,0.026510950681581075
COBYLA,Rosenbrock,30,6,87000,0.02454313186709766
COBYLA,Rosenbrock,30,6,88000,0.022770554387192863
COBYLA,Rosenbrock,30,6,89000,0.021049344042171222
COBYLA,Rosenbrock,30,6,90000,0.01957219649520906
COBYLA,Rosenbrock,30,6,91000,0.018096944590303594
COBYLA,Rosenbrock,30,6,92000,0.016687780251742754
COBYLA,Rosenbrock,30,6,93000,0.01552846512703887
COBYLA,Rosenbrock,30,6,94000,0.014368600387056571
COBYLA,Rosenbrock,30,6,95000,0.013330835019465763
COBYLA,Rosenbrock,30,7,1000,29.469744493235563
COBYLA,Rosenbrock,30,7,2000,29.401908392443286
COBYLA,Rosenbrock,30,7,3000,29.396719584720714
COBYLA,Rosenbrock,30,7,4000,29.384344463356094
COBYLA,Rosenbrock,30,7,5000,29.359673509480203
COBYLA,Rosenbrock,30,7,6000,29.317524905708453
COBYLA,Rosenbrock,30,7,7000,29.250787961222805
COBYLA,Rosenbrock,30,7,8000,29.152098517334814
COBYLA,Rosenbrock,30,7,9000,29.016019286689318
COBYLA,Rosenbrock,30,7,10000,28.821072349832335
COBYLA,Rosenbrock,30,7,11000,28.615519389276166
COBYLA,Rosenbrock,30,7,12000,28.397189213651515
COBYLA,Rosenbrock,30,7,13000,28.114160560939226
COBYLA,Rosenbrock,30,7,14000,27.731335084530034
COBYLA,Rosenbrock,30,7,15000,27.364385258136178
COBYLA,Rosenbrock,30,7,16000,27.021656568081728
COBYLA,Rosenbrock,30,7,17000,26.714423855643606
COBYLA,Rosenbrock,30,7,18000,26.39808362335848
COBYLA,Rosenbrock,30,7,19000,26.08117445312004
COBYLA,Rosenbrock,30,7,20000,25.76420631325703
COBYLA,Rosenbrock,30,7,21000,25.43451726632172
COBYLA,Rosenbrock,30,7,22000,25.10483562628489
COBYLA,Rosenbrock,30,7,23000,24.804926625732442
COBYLA,Rosenbrock,30,7,24000,24.463486800498806
COBYLA,Rosenbrock,30,7,25000,24.123228893284303
COBYLA,Rosenbrock,30,7,26000,23.76299217939134
COBYLA,Rosenbrock,30,7,27000,23.410905674508168
COBYLA,Rosenbrock,30,7,28000,23.08016909381618
COBYLA,Rosenbrock,30,7,29000,22.776962695305166
COBYLA,Rosenbrock,30,7,30000,22.4564198785553
COBYLA,Rosenbrock,30,7,31000,22.116972729497956
COBYLA,Rosenbrock,30,7,32000,21.818309831538183
COBYLA,Rosenbrock,30,7,33000,21.509197946047554
COBYLA,Rosenbrock,30,7,34000,21.206526020480933
COBYLA,Rosenbrock,30,7,35000,20.906650959110795
COBYLA,Rosenbrock,30,7,36000,20.572542344968216
COBYLA,Rosenbrock,30,7,37000,20.274695296654357
COBYLA,Rosenbrock,30,7,38000,19.978298434969723
COBYLA,Rosenbrock,30,7,39000,19.65131515759973
COBYLA,Rosenbrock,30,7,40000,19.368716396549154
COBYLA,Rosenbrock,30,7,41000,19.072789858327813
COBYLA,Rosenbrock,30,7,42000,18.777094864772916
COBYLA,Rosenbrock,30,7,43000,18.482097832619466
COBYLA,Rosenbrock,30,7,44000,18.178795047939364
COBYLA,Rosenbrock,30,7,45000,17.870408190660896
COBYLA,Rosenbrock,30,7,46000,17.575747596102218
COBYLA,Rosenbrock,30,7,47000,17.28341623293492
COBYLA,Rosenbrock,30,7,48000,16.984629794068848
COBYLA,Rosenbrock,30,7,49000,16.696527961597297
COBYLA,Rosenbrock,30,7,50000,16.40476166619696
COBYLA,Rosenbrock,30,7,51000,16.101852907739705
COBYLA,Rosenbrock,30,7,52000,15.831071321556415
COBYLA,Rosenbrock,30,7,53000,15.54687118489542
COBYLA,Rosenbrock,30,7,54000,15.257169297818626
COBYLA,Rosenbrock,30,7,55000,14.948057806996209
COBYLA,Rosenbrock,30,7,56000,14.668843706859805
COBYLA,Rosenbrock,30,7,57000,14.394941125380177
COBYLA,Rosenbrock,30,7,58000,14.101247131614398
COBYLA,Rosenbrock,30,7,59000,13.813819842037386
COBYLA,Rosenbrock,30,7,60000,13.524199555589101
COBYLA,Rosenbrock,30,7,61000,13.251039163182963
COBYLA,Rosenbrock,30,7,62000,12.977832478935944
COBYLA,Rosenbrock,30,7,63000,12.698771161379778
COBYLA,Rosenbrock,30,7,64000,12.419525726784833
COBYLA,Rosenbrock,30,7,65000,12.146773398866443
COBYLA,Rosenbrock,30,7,66000,11.876080925610088
COBYLA,Rosenbrock,30,7,67000,11.595047231993458
COBYLA,Rosenbrock,30,7,68000,11.333673330503826
COBYLA,Rosenbrock,30,7,69000,11.063555093678644
COBYLA,Rosenbrock,30,7,70000,10.790833151954361
COBYLA,Rosenbrock,30,7,71000,10.525722747288333
COBYLA,Rosenbrock,30,7,72000,10.258096746852587
COBYLA,Rosenbrock,30,7,73000,9.99432753723422
COBYLA,Rosenbrock,30,7,74000,9.731143013850613
COBYLA,Rosenbrock,30,7,75000,9.455329805650694
COBYLA,Rosenbrock,30,7,76000,9.172548760802893
COBYLA,Rosenbrock,30,7,77000,8.891160161839418
COBYLA,Rosenbrock,30,7,78000,8.62152911734619
COBYLA,Rosenbrock,30,7,79000,8.350068756910506
COBYLA,Rosenbrock,30,7,80000,8.090262771196649
COBYLA,Rosenbrock,30,7,81000,7.825537243022783
COBYLA,Rosenbrock,30,7,82000,7.559801517890083
COBYLA,Rosenbrock,30,7,83000,7.294700066027525
COBYLA,Rosenbrock,30,7,84000,7.027289701493814
COBYLA,Rosenbrock,30,7,85000,6.761377321015861
COBYLA,Rosenbrock,30,7,86000,6.500443247489711
COBYLA,Rosenbrock,30,7,87000,6.239478564216556
COBYLA,Rosenbrock,30,7,88000,5.989176595368021
COBYLA,Rosenbrock,30,7,89000,5.744089595350712
COBYLA,Rosenbrock,30,7,90000,5.507104832150347
COBYLA,Rosenbrock,30,7,91000,5.2974249811244665
COBYLA,Rosenbrock,30,7,92000,5.102809370427262
COBYLA,Rosenbrock,30,7,93000,4.934104573424283
COBYLA,Rosenbrock,30,7,94000,4.793278089437354
COBYLA,Rosenbrock,30,7,95000,4.67744759278999
COBYLA,Rosenbrock,30,7,96000,4.57964153511745
COBYLA,Rosenbrock,30,7,97000,4.4988975538416085
COBYLA,Rosenbrock,30,7,98000,4.431582289169022
COBYLA,Rosenbrock,30,7,99000,4.375428916940204
COBYLA,Rosenbrock,30,7,100000,4.328817864110547
COBYLA,Rosenbrock,30,7,101000,4.289600486258764
COBYLA,Rosenbrock,30,7,102000,4.255106287663258
COBYLA,Rosenbrock,30,7,103000,4.226008617196536
COBYLA,Rosenbrock,30,7,104000,4.200323671831439
COBYLA,Rosenbrock,30,7,105000,4.177836286628153
COBYLA,Rosenbrock,30,7,106000,4.157424713417929
COBYLA,Rosenbrock,30,7,107000,4.139683297212657
COBYLA,Rosenbrock,30,7,108000,4.124359118986927
COBYLA,Rosenbrock,30,7,109000,4.110635668785846
COBYLA,Rosenbrock,30,7,110000,4.098470519530319
COBYLA,Rosenbrock,30,7,111000,4.0877791684279225
COBYLA,Rosenbrock,30,7,112000,4.077877085101473
COBYLA,Rosenbrock,30,7,113000,4.069370286808161
COBYLA,Rosenbrock,30,7,114000,4.061992792616357
COBYLA,Rosenbrock,30,7,115000,4.0553078792970325
COBYLA,Rosenbrock,30,7,116000,4.049783665902054
COBYLA,Rosenbrock,30,7,117000,4.044362974255658
COBYLA,Rosenbrock,30,7,118000,4.039841822404085
COBYLA,Rosenbrock,30,7,119000,4.035896600284216
COBYLA,Rosenbrock,30,7,120000,4.03215356404958
COBYLA,Rosenbrock,30,7,121000,4.028716803655763
COBYLA,Rosenbrock,30,7,122000,4.025622912341463
COBYLA,Rosenbrock,30,7,123000,4.022758795734093
COBYLA,Rosenbrock,30,7,124000,4.020075810948435
COBYLA,Rosenbrock,30,7,125000,4.017637890996395
COBYLA,Rosenbrock,30,7,126000,4.0154040739408785
COBYLA,Rosenbrock,30,7,127000,4.013249264101376
COBYLA,Rosenbrock,30,7,128000,4.011233377934272
COBYLA,Rosenbrock,30,7,129000,4.009285890184392
COBYLA,Rosenbrock,30,7,130000,4.007568558659601
COBYLA,Rosenbrock,30,7,131000,4.0059143039240945
COBYLA,Rosenbrock,30,7,132000,4.004494710198953
COBYLA,Rosenbrock,30,7,133000,4.00323595961394
COBYLA,Rosenbrock,30,7,134000,4.002091112037307
COBYLA,Rosenbrock,30,7,135000,4.000992720263068
COBYLA,Rosenbrock,30,7,136000,3.9999806618840106
COBYLA,Rosenbrock,30,7,137000,3.99903444438539
COBYLA,Rosenbrock,30,9,1000,27.191595782815412
COBYLA,Rosenbrock,30,9,2000,25.883455900138276
COBYLA,Rosenbrock,30,9,3000,24.936469715117777
COBYLA,Rosenbrock,30,9,4000,24.071955656847805
COBYLA,Rosenbrock,30,9,5000,23.321054182080005
COBYLA,Rosenbrock,30,9,6000,22.59185841864892
COBYLA,Rosenbrock,30,9,7000,21.89632867626656
COBYLA,Rosenbrock,30,9,8000,21.265602854521223
COBYLA,Rosenbrock,30,9,9000,20.63588155171278
COBYLA,Rosenbrock,30,9,10000,20.128216808855775
COBYLA,Rosenbrock,30,9,11000,19.58833591213043
COBYLA,Rosenbrock,30,9,12000,19.081121900198
COBYLA,Rosenbrock,30,9,13000,18.58776512550897
COBYLA,Rosenbrock,30,9,14000,18.085469439353208
COBYLA,Rosenbrock,30,9,15000,17.591063633520676
COBYLA,Rosenbrock,30,9,16000,17.10660655887148
COBYLA,Rosenbrock,30,9,17000,16.63286583414967
COBYLA,Rosenbrock,30,9,18000,16.125218635019383
COBYLA,Rosenbrock,30,9,19000,15.624247792226896
COBYLA,Rosenbrock,30,9,20000,15.159118224986498
COBYLA,Rosenbrock,30,9,21000,14.649247050805622
COBYLA,Rosenbrock,30,9,22000,14.184488086646919
COBYLA,Rosenbrock,30,9,23000,13.706290530242718
COBYLA,Rosenbrock,30,9,24000,13.229351512712398
COBYLA,Rosenbrock,30,9,25000,12.75057720775807
COBYLA,Rosenbrock,30,9,26000,12.295783630151572
COBYLA,Rosenbrock,30,9,27000,11.83302442076414
COBYLA,Rosenbrock,30,9,28000,11.367158698690144
COBYLA,Rosenbrock,30,9,29000,10.93924257626286
COBYLA,Rosenbrock,30,9,30000,10.506214313782444
COBYLA,Rosenbrock,30,9,31000,10.041887041472128
COBYLA,Rosenbrock,30,9,32000,9.606419149861177
COBYLA,Rosenbrock,30,9,33000,9.161292858805787
COBYLA,Rosenbrock,30,9,34000,8.740973689741894
COBYLA,Rosenbrock,30,9,35000,8.30992583859292
COBYLA,Rosenbrock,30,9,36000,7.8778310442361175
COBYLA,Rosenbrock,30,9,37000,7.43274340087213
COBYLA,Rosenbrock,30,9,38000,6.978344231212503
COBYLA,Rosenbrock,30,9,39000,6.568697573243872
COBYLA,Rosenbrock,30,9,40000,6.148370785895185
COBYLA,Rosenbrock,30,9,41000,5.731237783760372
COBYLA,Rosenbrock,30,9,42000,5.351008222957448
COBYLA,Rosenbrock,30,9,43000,4.959007907071484
COBYLA,Rosenbrock,30,9,44000,4.552817492810706
COBYLA,Rosenbrock,30,9,45000,4.136574226807518
COBYLA,Rosenbrock,30,9,46000,3.7340975353226638
COBYLA,Rosenbrock,30,9,47000,3.355111806100978
COBYLA,Rosenbrock,30,9,48000,2.9661646813718896
COBYLA,Rosenbrock,30,9,49000,2.595957570019574
COBYLA,Rosenbrock,30,9,50000,2.2227973717366045
COBYLA,Rosenbrock,30,9,51000,1.8346732757596724
COBYLA,Rosenbrock,30,9,52000,1.4907976186988128
COBYLA,Rosenbrock,30,9,53000,1.2045051689376072
COBYLA,Rosenbrock,30,9,54000,0.9780940817265226
COBYLA,Rosenbrock,30,9,55000,0.7889447730569472
COBYLA,Rosenbrock,30,9,56000,0.6449843022383401
COBYLA,Rosenbrock,30,9,57000,0.5285739797580646
COBYLA,Rosenbrock,30,9,58000,0.44415643466218746
COBYLA,Rosenbrock,30,9,59000,0.38055080288058835
COBYLA,Rosenbrock,30,9,60000,0.32880959280604394
COBYLA,Rosenbrock,30,9,61000,0.28469730226661893
COBYLA,Rosenbrock,30,9,62000,0.2474500857865433
COBYLA,Rosenbrock,30,9,63000,0.2164182415408504
COBYLA,Rosenbrock,30,9,64000,0.1906390628413564
COBYLA,Rosenbrock,30,9,65000,0.16980392247854573
COBYLA,Rosenbrock,30,9,66000,0.15221842049670176
COBYLA,Rosenbrock,30,9,67000,0.1363111228627325
COBYLA,Rosenbrock,30,9,68000,0.12273835804590416
COBYLA,Rosenbrock,30,9,69000,0.11070028174212514
COBYLA,Rosenbrock,30,9,70000,0.09947516792123777
COBYLA,Rosenbrock,30,9,71000,0.08969656943706311
COBYLA,Rosenbrock,30,9,72000,0.08131085192933075
COBYLA,Rosenbrock,30,9,73000,0.07369521955768087
COBYLA,Rosenbrock,30,9,74000,0.06781300636362458
COBYLA,Rosenbrock,30,9,75000,0.06268970887972429
COBYLA,Rosenbrock,30,9,76000,0.057966698339162945
COBYLA,Rosenbrock,30,9,77000,0.05359089703206864
COBYLA,Rosenbrock,30,9,78000,0.049699879967917956
COBYLA,Rosenbrock,30,9,79000,0.04587987499835765
COBYLA,Rosenbrock,30,9,80000,0.04238138711892324
COBYLA,Rosenbrock,30,9,81000,0.03927290403591722
COBYLA,Rosenbrock,30,9,82000,0.03627908334247834
COBYLA,Rosenbrock,30,9,83000,0.03366809248954353
COBYLA,Rosenbrock,30,9,84000,0.031107969080062622
COBYLA,Rosenbrock,30,9,85000,0.028800057363792715
COBYLA,Rosenbrock,30,9,86000,0.026688996257324814
COBYLA,Rosenbrock,30,9,87000,0.02468278425448695
COBYLA,Rosenbrock,30,9,88000,0.0228490883496072
COBYLA,Rosenbrock,30,9,89000,0.021106298242882786
COBYLA,Rosenbrock,30,9,90000,0.019581921380794585
COBYLA,Rosenbrock,30,9,91000,0.01811513415018484
COBYLA,Rosenbrock,30,9,92000,0.01672866061631345
COBYLA,Rosenbrock,30,9,93000,0.015538272701887188
COBYLA,Rosenbrock,30,9,94000,0.01436172635704463
COBYLA,Rosenbrock,30,8,1000,2987.807013249921
COBYLA,Rosenbrock,30,8,2000,2775.7150090386613
COBYLA,Rosenbrock,30,8,3000,2628.8016589431813
COBYLA,Rosenbrock,30,8,4000,2505.411871819339
COBYLA,Rosenbrock,30,8,5000,2415.348712968826
COBYLA,Rosenbrock,30,8,6000,2318.7025719509966
COBYLA,Rosenbrock,30,8,7000,2224.8107126205296
COBYLA,Rosenbrock,30,8,8000,2121.698686889857
COBYLA,Rosenbrock,30,8,9000,1979.8005864143704
COBYLA,Rosenbrock,30,8,10000,1868.9687578527405
COBYLA,Rosenbrock,30,8,11000,1759.2124058551753
COBYLA,Rosenbrock,30,8,12000,1632.8910082267555
COBYLA,Rosenbrock,30,8,13000,1510.011412959632
COBYLA,Rosenbrock,30,8,14000,1380.1233515397532
COBYLA,Rosenbrock,30,8,15000,1234.4888941183092
COBYLA,Rosenbrock,30,8,16000,1084.2708438760603
COBYLA,Rosenbrock,30,8,17000,931.9492725686389
COBYLA,Rosenbrock,30,8,18000,710.022884827408
COBYLA,Rosenbrock,30,8,19000,480.28859057029615
COBYLA,Rosenbrock,30,8,20000,83.14614195286913
COBYLA,Rosenbrock,30,8,21000,25.013416688612786
COBYLA,Rosenbrock,30,8,22000,24.218861078888953
COBYLA,Rosenbrock,30,8,23000,23.489242623195317
COBYLA,Rosenbrock,30,8,24000,22.80588117922588
COBYLA,Rosenbrock,30,8,25000,22.06656905564061
COBYLA,Rosenbrock,30,8,26000,21.502038556699176
COBYLA,Rosenbrock,30,8,27000,20.95788159249622
COBYLA,Rosenbrock,30,8,28000,20.431173243798685
COBYLA,Rosenbrock,30,8,29000,19.92207130209532
COBYLA,Rosenbrock,30,8,30000,19.4275769390746
COBYLA,Rosenbrock,30,8,31000,18.93716336202439
COBYLA,Rosenbrock,30,8,32000,18.416154253439508
COBYLA,Rosenbrock,30,8,33000,17.927617120525007
COBYLA,Rosenbrock,30,8,34000,17.427887628495366
COBYLA,Rosenbrock,30,8,35000,16.949205462772547
COBYLA,Rosenbrock,30,8,36000,16.471359596062758
COBYLA,Rosenbrock,30,8,37000,15.981071431376066
COBYLA,Rosenbrock,30,8,38000,15.487803389803357
COBYLA,Rosenbrock,30,8,39000,15.019022120597807
COBYLA,Rosenbrock,30,8,40000,14.539034828908049
COBYLA,Rosenbrock,30,8,41000,14.070630325926476
COBYLA,Rosenbrock,30,8,42000,13.609974218715244
COBYLA,Rosenbrock,30,8,43000,13.142491718360056
COBYLA,Rosenbrock,30,8,44000,12.669723189986668
COBYLA,Rosenbrock,30,8,45000,12.181317116129321
COBYLA,Rosenbrock,30,8,46000,11.71377755273917
COBYLA,Rosenbrock,30,8,47000,11.240161437714246
COBYLA,Rosenbrock,30,8,48000,10.790451617936661
COBYLA,Rosenbrock,30,8,49000,10.347684841091725
COBYLA,Rosenbrock,30,8,50000,9.923596070455115
COBYLA,Rosenbrock,30,8,51000,9.482965537366658
COBYLA,Rosenbrock,30,8,52000,9.032163015008425
COBYLA,Rosenbrock,30,8,53000,8.591555054355501
COBYLA,Rosenbrock,30,8,54000,8.168911262622283
COBYLA,Rosenbrock,30,8,55000,7.736001864150406
COBYLA,Rosenbrock,30,8,56000,7.306124474136759
COBYLA,Rosenbrock,30,8,57000,6.891504910725223
COBYLA,Rosenbrock,30,8,58000,6.450594837778216
COBYLA,Rosenbrock,30,8,59000,6.028192010873834
COBYLA,Rosenbrock,30,8,60000,5.617622237738083
COBYLA,Rosenbrock,30,8,61000,5.192527234103394
COBYLA,Rosenbrock,30,8,62000,4.780417748346872
COBYLA,Rosenbrock,30,8,63000,4.377937087902984
COBYLA,Rosenbrock,30,8,64000,3.969733521979116
COBYLA,Rosenbrock,30,8,65000,3.5664615794059777
COBYLA,Rosenbrock,30,8,66000,3.17955919177504
COBYLA,Rosenbrock,30,8,67000,2.7737722505437143
COBYLA,Rosenbrock,30,8,68000,2.3875067076589787
COBYLA,Rosenbrock,30,8,69000,2.005781240472968
COBYLA,Rosenbrock,30,8,70000,1.5861522182466186
COBYLA,Rosenbrock,30,8,71000,1.3014152947657518
COBYLA,Rosenbrock,30,8,72000,1.0457906629369056
COBYLA,Rosenbrock,30,8,73000,0.8417534444795776
COBYLA,Rosenbrock,30,8,74000,0.681545016687571
COBYLA,Rosenbrock,30,8,75000,0.561835535880897
COBYLA,Rosenbrock,30,8,76000,0.4646955660569735
COBYLA,Rosenbrock,30,8,77000,0.39556287113763094
COBYLA,Rosenbrock,30,8,78000,0.34025074826832913
COBYLA,Rosenbrock,30,8,79000,0.29400854832914297
COBYLA,Rosenbrock,30,8,80000,0.2552228321048825
COBYLA,Rosenbrock,30,8,81000,0.22444452744645205
COBYLA,Rosenbrock,30,8,82000,0.19765539315382918
COBYLA,Rosenbrock,30,8,83000,0.17632072892341735
COBYLA,Rosenbrock,30,8,84000,0.15855260933150392
COBYLA,Rosenbrock,30,8,85000,0.14253951622109126
COBYLA,Rosenbrock,30,8,86000,0.12784071101409544
COBYLA,Rosenbrock,30,8,87000,0.11520842752978233
COBYLA,Rosenbrock,30,8,88000,0.10390330095982855
COBYLA,Rosenbrock,30,8,89000,0.0941245653255906
COBYLA,Rosenbrock,30,8,90000,0.08529462362902153
COBYLA,Rosenbrock,30,8,91000,0.0774519480288618
COBYLA,Rosenbrock,30,8,92000,0.07027519785492874
COBYLA,Rosenbrock,30,8,93000,0.06451196310458371
COBYLA,Rosenbrock,30,8,94000,0.05963769626646606
COBYLA,Rosenbrock,30,8,95000,0.055132092798722665
COBYLA,Rosenbrock,30,8,96000,0.050962464277755304
COBYLA,Rosenbrock,30,8,97000,0.04721116736139498
COBYLA,Rosenbrock,30,8,98000,0.043677491555476726
COBYLA,Rosenbrock,30,8,99000,0.04039316376556362
COBYLA,Rosenbrock,30,8,100000,0.0374934123341399
COBYLA,Rosenbrock,30,8,101000,0.034703308936513765
COBYLA,Rosenbrock,30,8,102000,0.03209244496045718
COBYLA,Rosenbrock,30,8,103000,0.029709845247380864
COBYLA,Rosenbrock,30,8,104000,0.02748254842732547
COBYLA,Rosenbrock,30,8,105000,0.025463546353144007
COBYLA,Rosenbrock,30,8,106000,0.02366896919348374
COBYLA,Rosenbrock,30,8,107000,0.021952177280432878
COBYLA,Rosenbrock,30,8,108000,0.02038302642804954
COBYLA,Rosenbrock,30,8,109000,0.018894912186177514
COBYLA,Rosenbrock,30,8,110000,0.017457373107289804
COBYLA,Rosenbrock,30,8,111000,0.016221774802039783
COBYLA,Rosenbrock,30,8,112000,0.015028374683863517
COBYLA,Rosenbrock,30,8,113000,0.013952905900173621
COBYLA,Rosenbrock,30,8,114000,0.01298394353703716
COBYLA,Rosenbrock,30,8,115000,0.012108709964325247
COBYLA,Rosenbrock,30,8,116000,0.011261208105453752
COBYLA,Rosenbrock,50,1,1000,3931.8771085744143
COBYLA,Rosenbrock,50,1,2000,3167.425655863106
COBYLA,Rosenbrock,50,1,3000,2957.352110682757
COBYLA,Rosenbrock,50,1,4000,2838.970919047972
COBYLA,Rosenbrock,50,1,5000,2768.958886014648
COBYLA,Rosenbrock,50,1,6000,2700.9021159009017
COBYLA,Rosenbrock,50,1,7000,2637.6647582217965
COBYLA,Rosenbrock,50,1,8000,2571.1659929547395
COBYLA,Rosenbrock,50,1,9000,2502.589685215918
COBYLA,Rosenbrock,50,1,10000,2428.9433925343433
COBYLA,Rosenbrock,50,1,11000,2357.847190815299
COBYLA,Rosenbrock,50,1,12000,2287.5898017572126
COBYLA,Rosenbrock,50,1,13000,2219.1907872405136
COBYLA,Rosenbrock,50,1,14000,2128.8048238238216
COBYLA,Rosenbrock,50,1,15000,2029.73556141841
COBYLA,Rosenbrock,50,1,16000,1945.8792443986592
COBYLA,Rosenbrock,50,1,17000,1860.490551299573
COBYLA,Rosenbrock,50,1,18000,1782.1060840537752
COBYLA,Rosenbrock,50,1,19000,1681.1102223967875
COBYLA,Rosenbrock,50,1,20000,1590.9036147764614
COBYLA,Rosenbrock,50,1,21000,1499.3453263795873
COBYLA,Rosenbrock,50,1,22000,1395.260663753548
COBYLA,Rosenbrock,50,1,23000,1291.8445100861159
COBYLA,Rosenbrock,50,1,24000,1177.5654276544076
COBYLA,Rosenbrock,50,1,25000,1044.3477726884662
COBYLA,Rosenbrock,50,1,26000,910.8644495920922
COBYLA,Rosenbrock,50,1,27000,769.0224419349191
COBYLA,Rosenbrock,50,1,28000,590.1221265202762
COBYLA,Rosenbrock,50,1,29000,365.314540862956
COBYLA,Rosenbrock,50,1,30000,101.47744900667833
COBYLA,Rosenbrock,50,1,31000,99.0792604959396
COBYLA,Rosenbrock,50,1,32000,98.6517166067483
COBYLA,Rosenbrock,50,1,33000,98.20488632254097
COBYLA,Rosenbrock,50,1,34000,97.61577230970582
COBYLA,Rosenbrock,50,1,35000,96.7849841448654
COBYLA,Rosenbrock,50,1,36000,96.35456807634759
COBYLA,Rosenbrock,50,1,37000,96.03307311799112
COBYLA,Rosenbrock,50,1,38000,95.69034833183379
COBYLA,Rosenbrock,50,1,39000,95.2878236233617
COBYLA,Rosenbrock,50,1,40000,94.69422369673809
COBYLA,Rosenbrock,50,1,41000,94.2774516419632
COBYLA,Rosenbrock,50,1,42000,93.97358626965998
COBYLA,Rosenbrock,50,1,43000,93.62650888822752
COBYLA,Rosenbrock,50,1,44000,93.25159344942799
COBYLA,Rosenbrock,50,1,45000,92.76612573820614
COBYLA,Rosenbrock,50,1,46000,92.11477351576892
COBYLA,Rosenbrock,50,1,47000,91.5693748583535
COBYLA,Rosenbrock,50,1,48000,91.20441238637095
COBYLA,Rosenbrock,50,1,49000,90.83514834644005
COBYLA,Rosenbrock,50,1,50000,90.46723715524273
COBYLA,Rosenbrock,50,1,51000,90.03990357790778
COBYLA,Rosenbrock,50,1,52000,89.42974081282202
COBYLA,Rosenbrock,50,1,53000,88.81918358239854
COBYLA,Rosenbrock,50,1,54000,88.44214067986837
COBYLA,Rosenbrock,50,1,55000,88.07798350253294
COBYLA,Rosenbrock,50,1,56000,87.7469323668754
COBYLA,Rosenbrock,50,1,57000,87.36582484623527
COBYLA,Rosenbrock,50,1,58000,86.85488129202501
COBYLA,Rosenbrock,50,1,59000,86.20902087168975
COBYLA,Rosenbrock,50,1,60000,85.7290952342972
COBYLA,Rosenbrock,50,1,61000,85.39114598007868
COBYLA,Rosenbrock,50,1,62000,85.0422361226164
COBYLA,Rosenbrock,50,1,63000,84.6926833434199
COBYLA,Rosenbrock,50,1,64000,84.21806195428549
COBYLA,Rosenbrock,50,1,65000,83.57802401375491
COBYLA,Rosenbrock,50,1,66000,83.05534404730804
COBYLA,Rosenbrock,50,1,67000,82.68772392350334
COBYLA,Rosenbrock,50,1,68000,82.35137753299398
COBYLA,Rosenbrock,50,1,69000,82.03278200324014
COBYLA,Rosenbrock,50,1,70000,81.64168727744374
COBYLA,Rosenbrock,50,1,71000,81.16573307566271
COBYLA,Rosenbrock,50,1,72000,80.52801982761036
COBYLA,Rosenbrock,50,1,73000,80.06829742968979
COBYLA,Rosenbrock,50,1,74000,79.74586658598402
COBYLA,Rosenbrock,50,1,75000,79.4161963154009
COBYLA,Rosenbrock,50,1,76000,79.06733757852375
COBYLA,Rosenbrock,50,1,77000,78.64314846268572
COBYLA,Rosenbrock,50,1,78000,78.04660109377066
COBYLA,Rosenbrock,50,1,79000,77.5168538497784
COBYLA,Rosenbrock,50,1,80000,77.16987602847227
COBYLA,Rosenbrock,50,1,81000,76.87568248778472
COBYLA,Rosenbrock,50,1,82000,76.55669874227505
COBYLA,Rosenbrock,50,1,83000,76.21990952400698
COBYLA,Rosenbrock,50,1,84000,75.79503272977338
COBYLA,Rosenbrock,50,1,85000,75.21177358773926
COBYLA,Rosenbrock,50,1,86000,74.67042294229428
COBYLA,Rosenbrock,50,1,87000,74.36127225255339
COBYLA,Rosenbrock,50,1,88000,74.08641476601385
COBYLA,Rosenbrock,50,1,89000,73.80372599319337
COBYLA,Rosenbrock,50,1,90000,73.47258989474048
COBYLA,Rosenbrock,50,1,91000,72.96399448126209
COBYLA,Rosenbrock,50,1,92000,72.37211972676275
COBYLA,Rosenbrock,50,1,93000,71.94437012483493
COBYLA,Rosenbrock,50,1,94000,71.66314083158622
COBYLA,Rosenbrock,50,1,95000,71.38802916140841
COBYLA,Rosenbrock,50,1,96000,71.1095129591682
COBYLA,Rosenbrock,50,1,97000,70.82734632090286
COBYLA,Rosenbrock,50,1,98000,70.45838608554146
COBYLA,Rosenbrock,50,1,99000,69.8941966191495
COBYLA,Rosenbrock,50,1,100000,69.34484132572653
COBYLA,Rosenbrock,50,1,101000,69.02517041954472
COBYLA,Rosenbrock,50,1,102000,68.77990411250458
COBYLA,Rosenbrock,50,1,103000,68.53305513577047
COBYLA,Rosenbrock,50,1,104000,68.27343208396125
COBYLA,Rosenbrock,50,1,105000,67.98155981286621
COBYLA,Rosenbrock,50,1,106000,67.61830270153327
COBYLA,Rosenbrock,50,1,107000,67.07039034899181
COBYLA,Rosenbrock,50,1,108000,66.27166496376239
COBYLA,Rosenbrock,50,1,109000,62.83915810237925
COBYLA,Rosenbrock,50,1,110000,11.849979852780065
COBYLA,Rosenbrock,50,1,111000,0.006660025641713025
COBYLA,Rosenbrock,50,0,1000,418.0022990357241
COBYLA,Rosenbrock,50,0,2000,48.18964429862897
COBYLA,Rosenbrock,50,0,3000,47.76372206950188
COBYLA,Rosenbrock,50,0,4000,47.39172052732065
COBYLA,Rosenbrock,50,0,5000,46.9840886838925
COBYLA,Rosenbrock,50,0,6000,46.53563811790009
COBYLA,Rosenbrock,50,0,7000,46.13480608090062
COBYLA,Rosenbrock,50,0,8000,45.70304780045239
COBYLA,Rosenbrock,50,0,9000,45.278771616606775
COBYLA,Rosenbrock,50,0,10000,44.86636299002515
COBYLA,Rosenbrock,50,0,11000,44.476634444907035
COBYLA,Rosenbrock,50,0,12000,44.03416870716947
COBYLA,Rosenbrock,50,0,13000,43.6285495576911
COBYLA,Rosenbrock,50,0,14000,43.23274069371669
COBYLA,Rosenbrock,50,0,15000,42.81445677289008
COBYLA,Rosenbrock,50,0,16000,42.407110671946775
COBYLA,Rosenbrock,50,0,17000,41.9826986519862
COBYLA,Rosenbrock,50,0,18000,41.58506976364793
COBYLA,Rosenbrock,50,0,19000,41.16304049224367
COBYLA,Rosenbrock,50,0,20000,40.75743029542024
COBYLA,Rosenbrock,50,0,21000,40.37773787218941
COBYLA,Rosenbrock,50,0,22000,40.00397124240974
COBYLA,Rosenbrock,50,0,23000,39.598498888252735
COBYLA,Rosenbrock,50,0,24000,39.21903215446181
COBYLA,Rosenbrock,50,0,25000,38.82356100919398
COBYLA,Rosenbrock,50,0,26000,38.47911581957471
COBYLA,Rosenbrock,50,0,27000,38.099370953348085
COBYLA,Rosenbrock,50,0,28000,37.72823748935404
COBYLA,Rosenbrock,50,0,29000,37.36557863131926
COBYLA,Rosenbrock,50,0,30000,37.01150577548254
COBYLA,Rosenbrock,50,0,31000,36.68895651808194
COBYLA,Rosenbrock,50,0,32000,36.37302523367667
COBYLA,Rosenbrock,50,0,33000,36.070002836738155
COBYLA,Rosenbrock,50,0,34000,35.76186740002995
COBYLA,Rosenbrock,50,0,35000,35.45168040796732
COBYLA,Rosenbrock,50,0,36000,35.151141511520954
COBYLA,Rosenbrock,50,0,37000,34.849499444427956
COBYLA,Rosenbrock,50,0,38000,34.5565464855462
COBYLA,Rosenbrock,50,0,39000,34.25660035136664
COBYLA,Rosenbrock,50,0,40000,33.970054291272504
COBYLA,Rosenbrock,50,0,41000,33.63931815186032
COBYLA,Rosenbrock,50,0,42000,33.33858627294205
COBYLA,Rosenbrock,50,0,43000,33.04705632078075
COBYLA,Rosenbrock,50,0,44000,32.750937676944176
COBYLA,Rosenbrock,50,0,45000,32.452996548670995
COBYLA,Rosenbrock,50,0,46000,32.15609090544574
COBYLA,Rosenbrock,50,0,47000,31.843291967954595
COBYLA,Rosenbrock,50,0,48000,31.545777831396077
COBYLA,Rosenbrock,50,0,49000,31.27470760893388
COBYLA,Rosenbrock,50,0,50000,30.957967688612317
COBYLA,Rosenbrock,50,0,51000,30.672746837386462
COBYLA,Rosenbrock,50,0,52000,30.383531394684944
COBYLA,Rosenbrock,50,0,53000,30.08177878909391
COBYLA,Rosenbrock,50,0,54000,29.787128035483452
COBYLA,Rosenbrock,50,0,55000,29.480780085109387
COBYLA,Rosenbrock,50,0,56000,29.191381880664373
COBYLA,Rosenbrock,50,0,57000,28.90762437336916
COBYLA,Rosenbrock,50,0,58000,28.6348875432897
COBYLA,Rosenbrock,50,0,59000,28.363044219130256
COBYLA,Rosenbrock,50,0,60000,28.059510970572067
COBYLA,Rosenbrock,50,0,61000,27.803397725610445
COBYLA,Rosenbrock,50,0,62000,27.508504919908226
COBYLA,Rosenbrock,50,0,63000,27.23242150254204
COBYLA,Rosenbrock,50,0,64000,26.948193484733647
COBYLA,Rosenbrock,50,0,65000,26.67998500743277
COBYLA,Rosenbrock,50,0,66000,26.40583075748009
COBYLA,Rosenbrock,50,0,67000,26.11439688589964
COBYLA,Rosenbrock,50,0,68000,25.816429974413033
COBYLA,Rosenbrock,50,0,69000,25.53351496273676
COBYLA,Rosenbrock,50,0,70000,25.265511636572914
COBYLA,Rosenbrock,50,0,71000,24.990693959503975
COBYLA,Rosenbrock,50,0,72000,24.726883116454616
COBYLA,Rosenbrock,50,0,73000,24.447634553270323
COBYLA,Rosenbrock,50,0,74000,24.1643829279401
COBYLA,Rosenbrock,50,0,75000,23.90604874182525
COBYLA,Rosenbrock,50,0,76000,23.6362009984379
COBYLA,Rosenbrock,50,0,77000,23.376849953191464
COBYLA,Rosenbrock,50,0,78000,23.110213700886963
COBYLA,Rosenbrock,50,0,79000,22.860798392014644
COBYLA,Rosenbrock,50,0,80000,22.57814295174677
COBYLA,Rosenbrock,50,0,81000,22.303919179693715
COBYLA,Rosenbrock,50,0,82000,22.021090524432324
COBYLA,Rosenbrock,50,0,83000,21.769378083178914
COBYLA,Rosenbrock,50,0,84000,21.492579836554167
COBYLA,Rosenbrock,50,0,85000,21.22121163248046
COBYLA,Rosenbrock,50,0,86000,20.944060056532717
COBYLA,Rosenbrock,50,0,87000,20.67902550071307
COBYLA,Rosenbrock,50,0,88000,20.4279017709
COBYLA,Rosenbrock,50,0,89000,20.1767006229516
COBYLA,Rosenbrock,50,0,90000,19.91830477388349
COBYLA,Rosenbrock,50,0,91000,19.652363219049064
COBYLA,Rosenbrock,50,0,92000,19.41595895685008
COBYLA,Rosenbrock,50,0,93000,19.16888175344163
COBYLA,Rosenbrock,50,0,94000,18.921341331265715
COBYLA,Rosenbrock,50,0,95000,18.679065864103556
COBYLA,Rosenbrock,50,0,96000,18.445873223377173
COBYLA,Rosenbrock,50,0,97000,18.21617227318728
COBYLA,Rosenbrock,50,0,98000,17.97374685524573
COBYLA,Rosenbrock,50,0,99000,17.733261411936223
COBYLA,Rosenbrock,50,0,100000,17.497148264250143
COBYLA,Rosenbrock,50,0,101000,17.249870742984697
COBYLA,Rosenbrock,50,0,102000,17.000277427950486
COBYLA,Rosenbrock,50,0,103000,16.732458367380733
COBYLA,Rosenbrock,50,0,104000,16.483694937360564
COBYLA,Rosenbrock,50,0,105000,16.266316878279127
COBYLA,Rosenbrock,50,0,106000,16.03833660751057
COBYLA,Rosenbrock,50,0,107000,15.81105820105733
COBYLA,Rosenbrock,50,0,108000,15.55403303807922
COBYLA,Rosenbrock,50,0,109000,15.302899386842805
COBYLA,Rosenbrock,50,0,110000,15.04833398866817
COBYLA,Rosenbrock,50,0,111000,14.806167925535549
COBYLA,Rosenbrock,50,0,112000,14.575388859774744
COBYLA,Rosenbrock,50,0,113000,14.35105584643286
COBYLA,Rosenbrock,50,0,114000,14.108056191856736
COBYLA,Rosenbrock,50,0,115000,13.890068443907591
COBYLA,Rosenbrock,50,0,116000,13.65848222477633
COBYLA,Rosenbrock,50,0,117000,13.4370008361523
COBYLA,Rosenbrock,50,0,118000,13.224347024643436
COBYLA,Rosenbrock,50,0,119000,12.993857044049031
COBYLA,Rosenbrock,50,0,120000,12.764340555836046
COBYLA,Rosenbrock,50,0,121000,12.544391352007768
COBYLA,Rosenbrock,50,0,122000,12.307708881279744
COBYLA,Rosenbrock,50,0,123000,12.089185300323466
COBYLA,Rosenbrock,50,0,124000,11.872560863615176
COBYLA,Rosenbrock,50,0,125000,11.653670145901526
COBYLA,Rosenbrock,50,0,126000,11.44874365435017
COBYLA,Rosenbrock,50,0,127000,11.23420993263258
COBYLA,Rosenbrock,50,0,128000,11.028938610255427
COBYLA,Rosenbrock,50,0,129000,10.82262399595235
COBYLA,Rosenbrock,50,0,130000,10.599965722002654
COBYLA,Rosenbrock,50,0,131000,10.37477483978207
COBYLA,Rosenbrock,50,0,132000,10.164041110495702
COBYLA,Rosenbrock,50,0,133000,9.957523536935694
COBYLA,Rosenbrock,50,0,134000,9.753121766047109
COBYLA,Rosenbrock,50,0,135000,9.530454871289214
COBYLA,Rosenbrock,50,0,136000,9.326559724867987
COBYLA,Rosenbrock,50,0,137000,9.12279635773776
COBYLA,Rosenbrock,50,0,138000,8.90796715979002
COBYLA,Rosenbrock,50,0,139000,8.701238468165894
COBYLA,Rosenbrock,50,0,140000,8.489754370110148
COBYLA,Rosenbrock,50,0,141000,8.283726430940899
COBYLA,Rosenbrock,50,0,142000,8.063332694293637
COBYLA,Rosenbrock,50,0,143000,7.844946757105855
COBYLA,Rosenbrock,50,0,144000,7.646015151949998
COBYLA,Rosenbrock,50,0,145000,7.442387752062677
COBYLA,Rosenbrock,50,0,146000,7.266937978130197
COBYLA,Rosenbrock,50,0,147000,7.055872742070118
COBYLA,Rosenbrock,50,0,148000,6.860762636019085
COBYLA,Rosenbrock,50,0,149000,6.662861062711574
COBYLA,Rosenbrock,50,0,150000,6.470025510807537
COBYLA,Rosenbrock,50,0,151000,6.260730058598321
COBYLA,Rosenbrock,50,0,152000,6.054443160034551
COBYLA,Rosenbrock,50,0,153000,5.8444366093640925
COBYLA,Rosenbrock,50,0,154000,5.634971916143018
COBYLA,Rosenbrock,50,0,155000,5.440471201395504
COBYLA,Rosenbrock,50,0,156000,5.263345952286214
COBYLA,Rosenbrock,50,0,157000,5.104679969213592
COBYLA,Rosenbrock,50,0,158000,4.962323643557307
COBYLA,Rosenbrock,50,0,159000,4.8413470741177465
COBYLA,Rosenbrock,50,0,160000,4.744757068076801
COBYLA,Rosenbrock,50,0,161000,4.659726603783408
COBYLA,Rosenbrock,50,0,162000,4.587403699742382
COBYLA,Rosenbrock,50,0,163000,4.530889360116939
COBYLA,Rosenbrock,50,0,164000,4.47926353813738
COBYLA,Rosenbrock,50,0,165000,4.436853476756106
COBYLA,Rosenbrock,50,0,166000,4.3973256205270745
COBYLA,Rosenbrock,50,0,167000,4.358933984610593
COBYLA,Rosenbrock,50,0,168000,4.324804983333902
COBYLA,Rosenbrock,50,0,169000,4.296429552066782
COBYLA,Rosenbrock,50,0,170000,4.271418866694555
COBYLA,Rosenbrock,50,0,171000,4.250963518222036
COBYLA,Rosenbrock,50,0,172000,4.234070351202582
COBYLA,Rosenbrock,50,0,173000,4.215838074202715
COBYLA,Rosenbrock,50,0,174000,4.200195114300015
COBYLA,Rosenbrock,50,0,175000,4.185023822506715
COBYLA,Rosenbrock,50,0,176000,4.172082358632188
COBYLA,Rosenbrock,50,0,177000,4.161201914911715
COBYLA,Rosenbrock,50,0,178000,4.150591199313255
COBYLA,Rosenbrock,50,0,179000,4.141007481098498
COBYLA,Rosenbrock,50,0,180000,4.130905625703975
COBYLA,Rosenbrock,50,0,181000,4.121547526650407
COBYLA,Rosenbrock,50,0,182000,4.113187692130383
COBYLA,Rosenbrock,50,0,183000,4.105469452071407
COBYLA,Rosenbrock,50,0,184000,4.098202715584149
COBYLA,Rosenbrock,50,0,185000,4.091874275415253
COBYLA,Rosenbrock,50,0,186000,4.085591390797303
COBYLA,Rosenbrock,50,0,187000,4.0802968418263355
COBYLA,Rosenbrock,50,0,188000,4.074703227055969
COBYLA,Rosenbrock,50,0,189000,4.070164386762232
COBYLA,Rosenbrock,50,0,190000,4.066194234955121
COBYLA,Rosenbrock,50,0,191000,4.06191696733685
COBYLA,Rosenbrock,50,0,192000,4.057990426408936
COBYLA,Rosenbrock,50,0,193000,4.054796097460207
COBYLA,Rosenbrock,50,0,194000,4.051531941358926
COBYLA,Rosenbrock,50,0,195000,4.048669772014599
COBYLA,Rosenbrock,50,0,196000,4.0458477501783765
COBYLA,Rosenbrock,50,0,197000,4.043186761253198
COBYLA,Rosenbrock,50,0,198000,4.040840429294737
COBYLA,Rosenbrock,50,0,199000,4.03823005253369
COBYLA,Rosenbrock,50,0,200000,4.035706044668454
COBYLA,Rosenbrock,50,0,201000,4.033382354492635
COBYLA,Rosenbrock,50,0,202000,4.031165963628216
COBYLA,Rosenbrock,50,0,203000,4.028952232282851
COBYLA,Rosenbrock,50,0,204000,4.026966181496443
COBYLA,Rosenbrock,50,0,205000,4.024950847280788
COBYLA,Rosenbrock,50,0,206000,4.023019543706709
COBYLA,Rosenbrock,50,0,207000,4.021207059040161
COBYLA,Rosenbrock,50,0,208000,4.0195165294414545
COBYLA,Rosenbrock,50,0,209000,4.017950969221764
COBYLA,Rosenbrock,50,0,210000,4.016502266054481
COBYLA,Rosenbrock,50,0,211000,4.015040060328904
COBYLA,Rosenbrock,50,0,212000,4.0137583613564125
COBYLA,Rosenbrock,50,0,213000,4.012520460887928
COBYLA,Rosenbrock,50,0,214000,4.011332153057989
COBYLA,Rosenbrock,50,0,215000,4.01018257278729
COBYLA,Rosenbrock,50,0,216000,4.009063319189595
COBYLA,Rosenbrock,50,0,217000,4.008084451647278
COBYLA,Rosenbrock,50,0,218000,4.007235160865401
COBYLA,Rosenbrock,50,0,219000,4.006438371875094
COBYLA,Rosenbrock,50,0,220000,4.005612218414704
COBYLA,Rosenbrock,50,0,221000,4.004859279327944
COBYLA,Rosenbrock,50,0,222000,4.004126276929374
COBYLA,Rosenbrock,50,0,223000,4.0034138497523815
COBYLA,Rosenbrock,50,0,224000,4.002706994913652
COBYLA,Rosenbrock,50,0,225000,4.002070273126153
COBYLA,Rosenbrock,50,0,226000,4.001459873518132
COBYLA,Rosenbrock,50,0,227000,4.000910363076552
COBYLA,Rosenbrock,50,0,228000,4.000388964656129
COBYLA,Rosenbrock,50,4,1000,72.8455387731387
COBYLA,Rosenbrock,50,4,2000,45.37134862676423
COBYLA,Rosenbrock,50,4,3000,44.64861500702183
COBYLA,Rosenbrock,50,4,4000,44.029187301275705
COBYLA,Rosenbrock,50,4,5000,43.513974996537385
COBYLA,Rosenbrock,50,4,6000,43.0187539106561
COBYLA,Rosenbrock,50,4,7000,42.56084408085141
COBYLA,Rosenbrock,50,4,8000,42.075958960501836
COBYLA,Rosenbrock,50,4,9000,41.589656999267376
COBYLA,Rosenbrock,50,4,10000,41.15552353548508
COBYLA,Rosenbrock,50,4,11000,40.72958461746631
COBYLA,Rosenbrock,50,4,12000,40.285131838740305
COBYLA,Rosenbrock,50,4,13000,39.84615072493418
COBYLA,Rosenbrock,50,4,14000,39.41364704255196
COBYLA,Rosenbrock,50,4,15000,39.00196772981939
COBYLA,Rosenbrock,50,4,16000,38.60948680358072
COBYLA,Rosenbrock,50,4,17000,38.195309174144725
COBYLA,Rosenbrock,50,4,18000,37.79640882412711
COBYLA,Rosenbrock,50,4,19000,37.38244890116926
COBYLA,Rosenbrock,50,4,20000,36.97055406522573
COBYLA,Rosenbrock,50,4,21000,36.63041510003341
COBYLA,Rosenbrock,50,4,22000,36.22746594682348
COBYLA,Rosenbrock,50,4,23000,35.83325345710661
COBYLA,Rosenbrock,50,4,24000,35.460037504179645
COBYLA,Rosenbrock,50,4,25000,35.054767914898484
COBYLA,Rosenbrock,50,4,26000,34.73468612921091
COBYLA,Rosenbrock,50,4,27000,34.420372414249606
COBYLA,Rosenbrock,50,4,28000,34.12481468568134
COBYLA,Rosenbrock,50,4,29000,33.805856345474574
COBYLA,Rosenbrock,50,4,30000,33.50744092776825
COBYLA,Rosenbrock,50,4,31000,33.22739573535427
COBYLA,Rosenbrock,50,4,32000,32.907703451995054
COBYLA,Rosenbrock,50,4,33000,32.602668798325944
COBYLA,Rosenbrock,50,4,34000,32.27832423963798
COBYLA,Rosenbrock,50,4,35000,31.983708763452142
COBYLA,Rosenbrock,50,4,36000,31.67103870741746
COBYLA,Rosenbrock,50,4,37000,31.36772507902812
COBYLA,Rosenbrock,50,4,38000,31.06615973712413
COBYLA,Rosenbrock,50,4,39000,30.772990184462152
COBYLA,Rosenbrock,50,4,40000,30.44269165775309
COBYLA,Rosenbrock,50,4,41000,30.13936304342005
COBYLA,Rosenbrock,50,4,42000,29.81860999091853
COBYLA,Rosenbrock,50,4,43000,29.52469666831662
COBYLA,Rosenbrock,50,4,44000,29.241982244816473
COBYLA,Rosenbrock,50,4,45000,28.93449100311857
COBYLA,Rosenbrock,50,4,46000,28.633498707808865
COBYLA,Rosenbrock,50,4,47000,28.33863076708978
COBYLA,Rosenbrock,50,4,48000,28.046080832052773
COBYLA,Rosenbrock,50,4,49000,27.76127686711332
COBYLA,Rosenbrock,50,4,50000,27.44924939949749
COBYLA,Rosenbrock,50,4,51000,27.147695643338547
COBYLA,Rosenbrock,50,4,52000,26.854322155525935
COBYLA,Rosenbrock,50,4,53000,26.551516849499553
COBYLA,Rosenbrock,50,4,54000,26.236709947531658
COBYLA,Rosenbrock,50,4,55000,25.943564878281403
COBYLA,Rosenbrock,50,4,56000,25.6310563366593
COBYLA,Rosenbrock,50,4,57000,25.341655802378916
COBYLA,Rosenbrock,50,4,58000,25.040453459095353
COBYLA,Rosenbrock,50,4,59000,24.750827182596556
COBYLA,Rosenbrock,50,4,60000,24.455848382196656
COBYLA,Rosenbrock,50,4,61000,24.17265844178065
COBYLA,Rosenbrock,50,4,62000,23.87006668461737
COBYLA,Rosenbrock,50,4,63000,23.586761573352398
COBYLA,Rosenbrock,50,4,64000,23.309697586892845
COBYLA,Rosenbrock,50,4,65000,23.027111922009986
COBYLA,Rosenbrock,50,4,66000,22.769597129872707
COBYLA,Rosenbrock,50,4,67000,22.492745116658217
COBYLA,Rosenbrock,50,4,68000,22.19607434058345
COBYLA,Rosenbrock,50,4,69000,21.913328454489232
COBYLA,Rosenbrock,50,4,70000,21.62593556033368
COBYLA,Rosenbrock,50,4,71000,21.344253749420158
COBYLA,Rosenbrock,50,4,72000,21.08183743051604
COBYLA,Rosenbrock,50,4,73000,20.805594639972988
COBYLA,Rosenbrock,50,4,74000,20.52088941380526
COBYLA,Rosenbrock,50,4,75000,20.2550131239746
COBYLA,Rosenbrock,50,4,76000,19.976047819030263
COBYLA,Rosenbrock,50,4,77000,19.688239672780835
COBYLA,Rosenbrock,50,4,78000,19.41455521121125
COBYLA,Rosenbrock,50,4,79000,19.134706777408184
COBYLA,Rosenbrock,50,4,80000,18.86885589343724
COBYLA,Rosenbrock,50,4,81000,18.61545477119104
COBYLA,Rosenbrock,50,4,82000,18.354316136951976
COBYLA,Rosenbrock,50,4,83000,18.099273144363313
COBYLA,Rosenbrock,50,4,84000,17.829524131660115
COBYLA,Rosenbrock,50,4,85000,17.552165211605427
COBYLA,Rosenbrock,50,4,86000,17.277506340696775
COBYLA,Rosenbrock,50,4,87000,17.01713722266797
COBYLA,Rosenbrock,50,4,88000,16.748009639467636
COBYLA,Rosenbrock,50,4,89000,16.476109119974073
COBYLA,Rosenbrock,50,4,90000,16.21770487651292
COBYLA,Rosenbrock,50,4,91000,15.958780558473892
COBYLA,Rosenbrock,50,4,92000,15.69390271784263
COBYLA,Rosenbrock,50,4,93000,15.424555231303653
COBYLA,Rosenbrock,50,4,94000,15.180182679058952
COBYLA,Rosenbrock,50,4,95000,14.938585386755033
COBYLA,Rosenbrock,50,4,96000,14.665796407897524
COBYLA,Rosenbrock,50,4,97000,14.425532090226781
COBYLA,Rosenbrock,50,4,98000,14.160069934231696
COBYLA,Rosenbrock,50,4,99000,13.910171436366767
COBYLA,Rosenbrock,50,4,100000,13.663209951877155
COBYLA,Rosenbrock,50,4,101000,13.434183490095254
COBYLA,Rosenbrock,50,4,102000,13.192874810382001
COBYLA,Rosenbrock,50,4,103000,12.959475804115574
COBYLA,Rosenbrock,50,4,104000,12.704377767750103
COBYLA,Rosenbrock,50,4,105000,12.47351625716951
COBYLA,Rosenbrock,50,4,106000,12.211387496844834
COBYLA,Rosenbrock,50,4,107000,11.962425538229525
COBYLA,Rosenbrock,50,4,108000,11.708323668596215
COBYLA,Rosenbrock,50,4,109000,11.46024420958077
COBYLA,Rosenbrock,50,4,110000,11.222060411608691
COBYLA,Rosenbrock,50,4,111000,11.001709148154802
COBYLA,Rosenbrock,50,4,112000,10.75355173701344
COBYLA,Rosenbrock,50,4,113000,10.524844854193471
COBYLA,Rosenbrock,50,4,114000,10.30112154967566
COBYLA,Rosenbrock,50,4,115000,10.087829719806358
COBYLA,Rosenbrock,50,4,116000,9.84092551248364
COBYLA,Rosenbrock,50,4,117000,9.595063883340124
COBYLA,Rosenbrock,50,4,118000,9.375151454798614
COBYLA,Rosenbrock,50,4,119000,9.133518457184767
COBYLA,Rosenbrock,50,4,120000,8.90863711153285
COBYLA,Rosenbrock,50,4,121000,8.70943744734342
COBYLA,Rosenbrock,50,4,122000,8.507959396692673
COBYLA,Rosenbrock,50,4,123000,8.263667552403987
COBYLA,Rosenbrock,50,4,124000,8.04418244215022
COBYLA,Rosenbrock,50,4,125000,7.836005074465406
COBYLA,Rosenbrock,50,4,126000,7.612058695251056
COBYLA,Rosenbrock,50,4,127000,7.3826953165889675
COBYLA,Rosenbrock,50,4,128000,7.14752748261349
COBYLA,Rosenbrock,50,4,129000,6.930905286673667
COBYLA,Rosenbrock,50,4,130000,6.720677527463685
COBYLA,Rosenbrock,50,4,131000,6.485131041135153
COBYLA,Rosenbrock,50,4,132000,6.267670975496355
COBYLA,Rosenbrock,50,4,133000,6.048690102734638
COBYLA,Rosenbrock,50,4,134000,5.8525563164090375
COBYLA,Rosenbrock,50,4,135000,5.638916602139563
COBYLA,Rosenbrock,50,4,136000,5.425103396378472
COBYLA,Rosenbrock,50,4,137000,5.2230998451228166
COBYLA,Rosenbrock,50,4,138000,5.020122504662037
COBYLA,Rosenbrock,50,4,139000,4.802922518800894
COBYLA,Rosenbrock,50,4,140000,4.596410681248445
COBYLA,Rosenbrock,50,4,141000,4.385532474120473
COBYLA,Rosenbrock,50,4,142000,4.17634712690555
COBYLA,Rosenbrock,50,4,143000,3.9847022385288833
COBYLA,Rosenbrock,50,4,144000,3.760323339572407
COBYLA,Rosenbrock,50,4,145000,3.5541113355094014
COBYLA,Rosenbrock,50,4,146000,3.359107520485672
COBYLA,Rosenbrock,50,4,147000,3.1508061782658254
COBYLA,Rosenbrock,50,4,148000,2.957207563884723
COBYLA,Rosenbrock,50,4,149000,2.765439233918953
COBYLA,Rosenbrock,50,4,150000,2.579337018969623
COBYLA,Rosenbrock,50,4,151000,2.3511820935058156
COBYLA,Rosenbrock,50,4,152000,2.156425728134262
COBYLA,Rosenbrock,50,4,153000,1.9529141306778324
COBYLA,Rosenbrock,50,4,154000,1.7638124708051213
COBYLA,Rosenbrock,50,4,155000,1.5932616089535305
COBYLA,Rosenbrock,50,4,156000,1.4189463667956073
COBYLA,Rosenbrock,50,4,157000,1.2505549833749867
COBYLA,Rosenbrock,50,4,158000,1.0978592738734623
COBYLA,Rosenbrock,50,4,159000,0.964853058317001
COBYLA,Rosenbrock,50,4,160000,0.8426446872958109
COBYLA,Rosenbrock,50,4,161000,0.7470165019993896
COBYLA,Rosenbrock,50,4,162000,0.6733133388603736
COBYLA,Rosenbrock,50,4,163000,0.6118747608558043
COBYLA,Rosenbrock,50,4,164000,0.5439647776605335
COBYLA,Rosenbrock,50,4,165000,0.4967593550642242
COBYLA,Rosenbrock,50,4,166000,0.4536665149569704
COBYLA,Rosenbrock,50,4,167000,0.41678187259428395
COBYLA,Rosenbrock,50,4,168000,0.3854814037450014
COBYLA,Rosenbrock,50,4,169000,0.3504193174564713
COBYLA,Rosenbrock,50,4,170000,0.32138087897906664
COBYLA,Rosenbrock,50,4,171000,0.2991428710219274
COBYLA,Rosenbrock,50,4,172000,0.2750263010726438
COBYLA,Rosenbrock,50,4,173000,0.25574452621767046
COBYLA,Rosenbrock,50,4,174000,0.23820738668289765
COBYLA,Rosenbrock,50,4,175000,0.22246928540529515
COBYLA,Rosenbrock,50,4,176000,0.2070443559856617
COBYLA,Rosenbrock,50,4,177000,0.1941342181656086
COBYLA,Rosenbrock,50,4,178000,0.1819801759647422
COBYLA,Rosenbrock,50,4,179000,0.17165062968179282
COBYLA,Rosenbrock,50,4,180000,0.16160933973873925
COBYLA,Rosenbrock,50,4,181000,0.1527102699997932
COBYLA,Rosenbrock,50,4,182000,0.14340900459137204
COBYLA,Rosenbrock,50,4,183000,0.13397996040221744
COBYLA,Rosenbrock,50,4,184000,0.125277649320785
COBYLA,Rosenbrock,50,4,185000,0.11765427344881027
COBYLA,Rosenbrock,50,4,186000,0.1110709784417507
COBYLA,Rosenbrock,50,4,187000,0.10444078862323969
COBYLA,Rosenbrock,50,4,188000,0.09847608828507212
COBYLA,Rosenbrock,50,4,189000,0.09322138916754977
COBYLA,Rosenbrock,50,4,190000,0.08814366545679753
COBYLA,Rosenbrock,50,4,191000,0.08378264460166146
COBYLA,Rosenbrock,50,4,192000,0.07981512999421603
COBYLA,Rosenbrock,50,4,193000,0.07598634235719408
COBYLA,Rosenbrock,50,4,194000,0.07218087434805243
COBYLA,Rosenbrock,50,4,195000,0.06850531996288477
COBYLA,Rosenbrock,50,4,196000,0.0652694684978651
COBYLA,Rosenbrock,50,4,197000,0.062218394635262186
COBYLA,Rosenbrock,50,4,198000,0.05939223278116168
COBYLA,Rosenbrock,50,4,199000,0.056474033207560594
COBYLA,Rosenbrock,50,4,200000,0.05420640228974441
COBYLA,Rosenbrock,50,4,201000,0.051991705409200714
COBYLA,Rosenbrock,50,4,202000,0.04955999392883773
COBYLA,Rosenbrock,50,4,203000,0.047131964142967685
COBYLA,Rosenbrock,50,4,204000,0.0449253638340521
COBYLA,Rosenbrock,50,4,205000,0.042761192858693495
COBYLA,Rosenbrock,50,4,206000,0.040719747769552186
COBYLA,Rosenbrock,50,4,207000,0.03878065402241005
COBYLA,Rosenbrock,50,4,208000,0.036887804526911205
COBYLA,Rosenbrock,50,4,209000,0.035159413847782414
COBYLA,Rosenbrock,50,4,210000,0.03347394285502116
COBYLA,Rosenbrock,50,4,211000,0.03183484627877473
COBYLA,Rosenbrock,50,4,212000,0.030413163889277936
COBYLA,Rosenbrock,50,4,213000,0.028903874667237574
COBYLA,Rosenbrock,50,4,214000,0.027600117786801843
COBYLA,Rosenbrock,50,4,215000,0.02631452086832893
COBYLA,Rosenbrock,50,4,216000,0.025174278233711617
COBYLA,Rosenbrock,50,4,217000,0.02404931961846915
COBYLA,Rosenbrock,50,4,218000,0.02292711675632665
COBYLA,Rosenbrock,50,4,219000,0.021887398443235635
COBYLA,Rosenbrock,50,4,220000,0.020999415764603332
COBYLA,Rosenbrock,50,4,221000,0.019984432371100758
COBYLA,Rosenbrock,50,4,222000,0.019108681950521424
COBYLA,Rosenbrock,50,4,223000,0.0184213397065041
COBYLA,Rosenbrock,50,4,224000,0.01764678067911303
COBYLA,Rosenbrock,50,4,225000,0.01690377868022323
COBYLA,Rosenbrock,50,4,226000,0.016295595602825445
COBYLA,Rosenbrock,50,4,227000,0.015668874069521097
COBYLA,Rosenbrock,50,4,228000,0.015097369389541718
COBYLA,Rosenbrock,50,3,1000,223.1387517827713
COBYLA,Rosenbrock,50,3,2000,48.817428888034414
COBYLA,Rosenbrock,50,3,3000,48.17813867010493
COBYLA,Rosenbrock,50,3,4000,46.962798241628285
COBYLA,Rosenbrock,50,3,5000,46.05213347095881
COBYLA,Rosenbrock,50,3,6000,45.26212972428928
COBYLA,Rosenbrock,50,3,7000,44.547955787242586
COBYLA,Rosenbrock,50,3,8000,43.91576564684916
COBYLA,Rosenbrock,50,3,9000,43.29850399126859
COBYLA,Rosenbrock,50,3,10000,42.79298219011077
COBYLA,Rosenbrock,50,3,11000,42.33525291642634
COBYLA,Rosenbrock,50,3,12000,41.861324955802964
COBYLA,Rosenbrock,50,3,13000,41.437028697069984
COBYLA,Rosenbrock,50,3,14000,41.00266155813329
COBYLA,Rosenbrock,50,3,15000,40.598621397553494
COBYLA,Rosenbrock,50,3,16000,40.16836096138596
COBYLA,Rosenbrock,50,3,17000,39.7747802411734
COBYLA,Rosenbrock,50,3,18000,39.38057930917578
COBYLA,Rosenbrock,50,3,19000,38.96624355754744
COBYLA,Rosenbrock,50,3,20000,38.53948715213492
COBYLA,Rosenbrock,50,3,21000,38.14757444290114
COBYLA,Rosenbrock,50,3,22000,37.7385530076955
COBYLA,Rosenbrock,50,3,23000,37.31061777412276
COBYLA,Rosenbrock,50,3,24000,36.90770187614152
COBYLA,Rosenbrock,50,3,25000,36.51678199207392
COBYLA,Rosenbrock,50,3,26000,36.12144372252025
COBYLA,Rosenbrock,50,3,27000,35.713945110534524
COBYLA,Rosenbrock,50,3,28000,35.35228449299317
COBYLA,Rosenbrock,50,3,29000,34.96523908707323
COBYLA,Rosenbrock,50,3,30000,34.564595219555656
COBYLA,Rosenbrock,50,3,31000,34.20339384328232
COBYLA,Rosenbrock,50,3,32000,33.81797715329148
COBYLA,Rosenbrock,50,3,33000,33.44232112399975
COBYLA,Rosenbrock,50,3,34000,33.07059323098925
COBYLA,Rosenbrock,50,3,35000,32.697336899273935
COBYLA,Rosenbrock,50,3,36000,32.34433776486481
COBYLA,Rosenbrock,50,3,37000,32.047702803560185
COBYLA,Rosenbrock,50,3,38000,31.72550466315299
COBYLA,Rosenbrock,50,3,39000,31.420244810787345
COBYLA,Rosenbrock,50,3,40000,31.10832403724819
COBYLA,Rosenbrock,50,3,41000,30.794623161514206
COBYLA,Rosenbrock,50,3,42000,30.496770362193104
COBYLA,Rosenbrock,50,3,43000,30.186528866100836
COBYLA,Rosenbrock,50,3,44000,29.88174318108648
COBYLA,Rosenbrock,50,3,45000,29.56918304824997
COBYLA,Rosenbrock,50,3,46000,29.261179009872386
COBYLA,Rosenbrock,50,3,47000,28.960412199686356
COBYLA,Rosenbrock,50,3,48000,28.665168313759427
COBYLA,Rosenbrock,50,3,49000,28.375265517728987
COBYLA,Rosenbrock,50,3,50000,28.07348161192798
COBYLA,Rosenbrock,50,3,51000,27.78427542234117
COBYLA,Rosenbrock,50,3,52000,27.495130253042106
COBYLA,Rosenbrock,50,3,53000,27.215109973401482
COBYLA,Rosenbrock,50,3,54000,26.92159825138883
COBYLA,Rosenbrock,50,3,55000,26.64537082147502
COBYLA,Rosenbrock,50,3,56000,26.357570242310317
COBYLA,Rosenbrock,50,3,57000,26.080401303279494
COBYLA,Rosenbrock,50,3,58000,25.778091469499852
COBYLA,Rosenbrock,50,3,59000,25.487394772741233
COBYLA,Rosenbrock,50,3,60000,25.197163029176263
COBYLA,Rosenbrock,50,3,61000,24.916909182514406
COBYLA,Rosenbrock,50,3,62000,24.63651350182941
COBYLA,Rosenbrock,50,3,63000,24.34396053949433
COBYLA,Rosenbrock,50,3,64000,24.053383622798947
COBYLA,Rosenbrock,50,3,65000,23.77195814413288
COBYLA,Rosenbrock,50,3,66000,23.480674086753183
COBYLA,Rosenbrock,50,3,67000,23.200066941913782
COBYLA,Rosenbrock,50,3,68000,22.90842617156854
COBYLA,Rosenbrock,50,3,69000,22.63554458977685
COBYLA,Rosenbrock,50,3,70000,22.382498054078518
COBYLA,Rosenbrock,50,3,71000,22.0909764251066
COBYLA,Rosenbrock,50,3,72000,21.812880558050864
COBYLA,Rosenbrock,50,3,73000,21.53085479705513
COBYLA,Rosenbrock,50,3,74000,21.243254589322383
COBYLA,Rosenbrock,50,3,75000,20.97890117805266
COBYLA,Rosenbrock,50,3,76000,20.71551239940497
COBYLA,Rosenbrock,50,3,77000,20.426402604054854
COBYLA,Rosenbrock,50,3,78000,20.15720646840013
COBYLA,Rosenbrock,50,3,79000,19.886711711891675
COBYLA,Rosenbrock,50,3,80000,19.614685082264195
COBYLA,Rosenbrock,50,3,81000,19.341339232950347
COBYLA,Rosenbrock,50,3,82000,19.089539234499206
COBYLA,Rosenbrock,50,3,83000,18.816353251594396
COBYLA,Rosenbrock,50,3,84000,18.546195253077055
COBYLA,Rosenbrock,50,3,85000,18.267209342545858
COBYLA,Rosenbrock,50,3,86000,17.993136904288367
COBYLA,Rosenbrock,50,3,87000,17.72814028937428
COBYLA,Rosenbrock,50,3,88000,17.47630785185872
COBYLA,Rosenbrock,50,3,89000,17.220429084925406
COBYLA,Rosenbrock,50,3,90000,16.94941740745086
COBYLA,Rosenbrock,50,3,91000,16.708742006153496
COBYLA,Rosenbrock,50,3,92000,16.44280832732364
COBYLA,Rosenbrock,50,3,93000,16.17427883845045
COBYLA,Rosenbrock,50,3,94000,15.928024128393034
COBYLA,Rosenbrock,50,3,95000,15.669612104344312
COBYLA,Rosenbrock,50,3,96000,15.4045670507911
COBYLA,Rosenbrock,50,3,97000,15.156980445406822
COBYLA,Rosenbrock,50,3,98000,14.880811630823901
COBYLA,Rosenbrock,50,3,99000,14.61973881513672
COBYLA,Rosenbrock,50,3,100000,14.3667775818508
COBYLA,Rosenbrock,50,3,101000,14.123150637258767
COBYLA,Rosenbrock,50,3,102000,13.8780495468522
COBYLA,Rosenbrock,50,3,103000,13.646365040103133
COBYLA,Rosenbrock,50,3,104000,13.408637653581284
COBYLA,Rosenbrock,50,3,105000,13.154232591313576
COBYLA,Rosenbrock,50,3,106000,12.918212773280612
COBYLA,Rosenbrock,50,3,107000,12.671471408930714
COBYLA,Rosenbrock,50,3,108000,12.435813949039927
COBYLA,Rosenbrock,50,3,109000,12.215972393320737
COBYLA,Rosenbrock,50,3,110000,11.990062038780719
COBYLA,Rosenbrock,50,3,111000,11.729465038942323
COBYLA,Rosenbrock,50,3,112000,11.49819299156379
COBYLA,Rosenbrock,50,3,113000,11.274489834824355
COBYLA,Rosenbrock,50,3,114000,11.038992534953884
COBYLA,Rosenbrock,50,3,115000,10.802897640021072
COBYLA,Rosenbrock,50,3,116000,10.55937318119068
COBYLA,Rosenbrock,50,3,117000,10.326492199904349
COBYLA,Rosenbrock,50,3,118000,10.088331509068869
COBYLA,Rosenbrock,50,3,119000,9.8449237730487
COBYLA,Rosenbrock,50,3,120000,9.607984566459972
COBYLA,Rosenbrock,50,3,121000,9.363593594096063
COBYLA,Rosenbrock,50,3,122000,9.13510084489709
COBYLA,Rosenbrock,50,3,123000,8.911526863726245
COBYLA,Rosenbrock,50,3,124000,8.673336070314095
COBYLA,Rosenbrock,50,3,125000,8.448871396947712
COBYLA,Rosenbrock,50,3,126000,8.230212631339603
COBYLA,Rosenbrock,50,3,127000,8.007176083752436
COBYLA,Rosenbrock,50,3,128000,7.807670439470215
COBYLA,Rosenbrock,50,3,129000,7.583025622250506
COBYLA,Rosenbrock,50,3,130000,7.371324831589831
COBYLA,Rosenbrock,50,3,131000,7.137199245664526
COBYLA,Rosenbrock,50,3,132000,6.917105169401127
COBYLA,Rosenbrock,50,3,133000,6.694627004523902
COBYLA,Rosenbrock,50,3,134000,6.486685227843917
COBYLA,Rosenbrock,50,3,135000,6.288638117821669
COBYLA,Rosenbrock,50,3,136000,6.068391639883934
COBYLA,Rosenbrock,50,3,137000,5.841309289697467
COBYLA,Rosenbrock,50,3,138000,5.607901419664428
COBYLA,Rosenbrock,50,3,139000,5.384932184828784
COBYLA,Rosenbrock,50,3,140000,5.191655391490018
COBYLA,Rosenbrock,50,3,141000,4.992390754087625
COBYLA,Rosenbrock,50,3,142000,4.7750793844760695
COBYLA,Rosenbrock,50,3,143000,4.550190230790914
COBYLA,Rosenbrock,50,3,144000,4.343398270722232
COBYLA,Rosenbrock,50,3,145000,4.159963270357757
COBYLA,Rosenbrock,50,3,146000,3.958212021144548
COBYLA,Rosenbrock,50,3,147000,3.741566663463175
COBYLA,Rosenbrock,50,3,148000,3.5345519215511834
COBYLA,Rosenbrock,50,3,149000,3.327525268653466
COBYLA,Rosenbrock,50,3,150000,3.142442502883207
COBYLA,Rosenbrock,50,3,151000,2.9217761290031463
COBYLA,Rosenbrock,50,3,152000,2.7295073670632504
COBYLA,Rosenbrock,50,3,153000,2.5029245467417773
COBYLA,Rosenbrock,50,3,154000,2.310996675073771
COBYLA,Rosenbrock,50,3,155000,2.109720894988361
COBYLA,Rosenbrock,50,3,156000,1.9301712237234776
COBYLA,Rosenbrock,50,3,157000,1.749761463028306
COBYLA,Rosenbrock,50,3,158000,1.5890942035504523
COBYLA,Rosenbrock,50,3,159000,1.4009073651075519
COBYLA,Rosenbrock,50,3,160000,1.2357638441920151
COBYLA,Rosenbrock,50,3,161000,1.0833695112778985
COBYLA,Rosenbrock,50,3,162000,0.9524250550854167
COBYLA,Rosenbrock,50,3,163000,0.8341965898480667
COBYLA,Rosenbrock,50,3,164000,0.7376601287842276
COBYLA,Rosenbrock,50,3,165000,0.6613059478067003
COBYLA,Rosenbrock,50,3,166000,0.594556696523822
COBYLA,Rosenbrock,50,3,167000,0.5411887879520549
COBYLA,Rosenbrock,50,3,168000,0.49680242353096105
COBYLA,Rosenbrock,50,3,169000,0.454005477663013
COBYLA,Rosenbrock,50,3,170000,0.41870741897086317
COBYLA,Rosenbrock,50,3,171000,0.38350669310240065
COBYLA,Rosenbrock,50,3,172000,0.3487489755553963
COBYLA,Rosenbrock,50,3,173000,0.3174541446070267
COBYLA,Rosenbrock,50,3,174000,0.28913610241347376
COBYLA,Rosenbrock,50,3,175000,0.26497914772586195
COBYLA,Rosenbrock,50,3,176000,0.24555247346911924
COBYLA,Rosenbrock,50,3,177000,0.2283259214794786
COBYLA,Rosenbrock,50,3,178000,0.2139848253141899
COBYLA,Rosenbrock,50,3,179000,0.20108566037734613
COBYLA,Rosenbrock,50,3,180000,0.1893705622400598
COBYLA,Rosenbrock,50,3,181000,0.17782959236134296
COBYLA,Rosenbrock,50,3,182000,0.1677745958811732
COBYLA,Rosenbrock,50,3,183000,0.158700168282307
COBYLA,Rosenbrock,50,3,184000,0.14958789296349947
COBYLA,Rosenbrock,50,3,185000,0.14157319098763588
COBYLA,Rosenbrock,50,3,186000,0.13397501619771773
COBYLA,Rosenbrock,50,3,187000,0.12626013079314974
COBYLA,Rosenbrock,50,3,188000,0.11797216193360577
COBYLA,Rosenbrock,50,3,189000,0.11080571480798598
COBYLA,Rosenbrock,50,3,190000,0.1044569790670734
COBYLA,Rosenbrock,50,3,191000,0.09829215252837994
COBYLA,Rosenbrock,50,3,192000,0.09288409944164501
COBYLA,Rosenbrock,50,3,193000,0.0879505424574735
COBYLA,Rosenbrock,50,3,194000,0.08334284175967754
COBYLA,Rosenbrock,50,3,195000,0.07907266314075455
COBYLA,Rosenbrock,50,3,196000,0.07496473611911925
COBYLA,Rosenbrock,50,3,197000,0.07117943303045499
COBYLA,Rosenbrock,50,3,198000,0.06795038899538207
COBYLA,Rosenbrock,50,3,199000,0.06467663847201985
COBYLA,Rosenbrock,50,3,200000,0.06160445121016949
COBYLA,Rosenbrock,50,3,201000,0.058560111164604405
COBYLA,Rosenbrock,50,3,202000,0.0556576104199888
COBYLA,Rosenbrock,50,3,203000,0.05307916420878253
COBYLA,Rosenbrock,50,3,204000,0.05053079039409902
COBYLA,Rosenbrock,50,3,205000,0.04809041900948062
COBYLA,Rosenbrock,50,3,206000,0.04578682591388012
COBYLA,Rosenbrock,50,3,207000,0.04357907271389269
COBYLA,Rosenbrock,50,3,208000,0.04144998112394199
COBYLA,Rosenbrock,50,3,209000,0.039448499968192934
COBYLA,Rosenbrock,50,3,210000,0.03764625771272985
COBYLA,Rosenbrock,50,3,211000,0.035871280378519
COBYLA,Rosenbrock,50,3,212000,0.03416997275874163
COBYLA,Rosenbrock,50,3,213000,0.03256963025689384
COBYLA,Rosenbrock,50,3,214000,0.030973753479841173
COBYLA,Rosenbrock,50,3,215000,0.02958018787664492
COBYLA,Rosenbrock,50,3,216000,0.02815666661394678
COBYLA,Rosenbrock,50,3,217000,0.02680552637379663
COBYLA,Rosenbrock,50,3,218000,0.02552973827463181
COBYLA,Rosenbrock,50,3,219000,0.02437999223338855
COBYLA,Rosenbrock,50,3,220000,0.023358890735324676
COBYLA,Rosenbrock,50,3,221000,0.022237275875183107
COBYLA,Rosenbrock,50,3,222000,0.021260622659360386
COBYLA,Rosenbrock,50,3,223000,0.020296031665340462
COBYLA,Rosenbrock,50,3,224000,0.019401367062533138
COBYLA,Rosenbrock,50,3,225000,0.018585333809175937
COBYLA,Rosenbrock,50,3,226000,0.017804802268029225
COBYLA,Rosenbrock,50,3,227000,0.01700938341317182
COBYLA,Rosenbrock,50,3,228000,0.01636068534714848
COBYLA,Rosenbrock,50,3,229000,0.015727326665513828
COBYLA,Rosenbrock,50,3,230000,0.015071387204673284
COBYLA,Rosenbrock,50,3,231000,0.014444790938798895
COBYLA,Rosenbrock,50,3,232000,0.0139105197337833
COBYLA,Rosenbrock,50,3,233000,0.013375463214439394
COBYLA,Rosenbrock,50,3,234000,0.012893855973682769
COBYLA,Rosenbrock,50,3,235000,0.01239312313801364
COBYLA,Rosenbrock,50,2,1000,173.942313018793
COBYLA,Rosenbrock,50,2,2000,46.316595715259844
COBYLA,Rosenbrock,50,2,3000,45.52981039306183
COBYLA,Rosenbrock,50,2,4000,44.82382792223812
COBYLA,Rosenbrock,50,2,5000,44.18908400652256
COBYLA,Rosenbrock,50,2,6000,43.65923632520801
COBYLA,Rosenbrock,50,2,7000,43.177826494033425
COBYLA,Rosenbrock,50,2,8000,42.723604556821876
COBYLA,Rosenbrock,50,2,9000,42.272088334061024
COBYLA,Rosenbrock,50,2,10000,41.826528364658245
COBYLA,Rosenbrock,50,2,11000,41.36013346212892
COBYLA,Rosenbrock,50,2,12000,40.910654150515825
COBYLA,Rosenbrock,50,2,13000,40.48132720870119
COBYLA,Rosenbrock,50,2,14000,40.06231110204394
COBYLA,Rosenbrock,50,2,15000,39.620068862806704
COBYLA,Rosenbrock,50,2,16000,39.200621392456014
COBYLA,Rosenbrock,50,2,17000,38.80463184388456
COBYLA,Rosenbrock,50,2,18000,38.391465246126124
COBYLA,Rosenbrock,50,2,19000,37.976293309208685
COBYLA,Rosenbrock,50,2,20000,37.58431068960608
COBYLA,Rosenbrock,50,2,21000,37.173692138889905
COBYLA,Rosenbrock,50,2,22000,36.77876065748037
COBYLA,Rosenbrock,50,2,23000,36.39215708841143
COBYLA,Rosenbrock,50,2,24000,36.015370375307924
COBYLA,Rosenbrock,50,2,25000,35.63972442085951
COBYLA,Rosenbrock,50,2,26000,35.23863929960347
COBYLA,Rosenbrock,50,2,27000,34.88052786684325
COBYLA,Rosenbrock,50,2,28000,34.54216056291735
COBYLA,Rosenbrock,50,2,29000,34.223732998716116
COBYLA,Rosenbrock,50,2,30000,33.91890802186847
COBYLA,Rosenbrock,50,2,31000,33.602013747169615
COBYLA,Rosenbrock,50,2,32000,33.266970540153764
COBYLA,Rosenbrock,50,2,33000,32.96367793677593
COBYLA,Rosenbrock,50,2,34000,32.65181073077323
COBYLA,Rosenbrock,50,2,35000,32.33450762022804
COBYLA,Rosenbrock,50,2,36000,32.0253824261201
COBYLA,Rosenbrock,50,2,37000,31.71441068711389
COBYLA,Rosenbrock,50,2,38000,31.40275005027302
COBYLA,Rosenbrock,50,2,39000,31.098198094658198
COBYLA,Rosenbrock,50,2,40000,30.8022602070727
COBYLA,Rosenbrock,50,2,41000,30.4961906232376
COBYLA,Rosenbrock,50,2,42000,30.21067868324141
COBYLA,Rosenbrock,50,2,43000,29.899127872675894
COBYLA,Rosenbrock,50,2,44000,29.595975983360688
COBYLA,Rosenbrock,50,2,45000,29.30349507476162
COBYLA,Rosenbrock,50,2,46000,29.004943574830804
COBYLA,Rosenbrock,50,2,47000,28.693605401843364
COBYLA,Rosenbrock,50,2,48000,28.4036478529984
COBYLA,Rosenbrock,50,2,49000,28.09126041995048
COBYLA,Rosenbrock,50,2,50000,27.794390542638485
COBYLA,Rosenbrock,50,2,51000,27.489809426457768
COBYLA,Rosenbrock,50,2,52000,27.198756307542457
COBYLA,Rosenbrock,50,2,53000,26.91612640688354
COBYLA,Rosenbrock,50,2,54000,26.6078539520149
COBYLA,Rosenbrock,50,2,55000,26.305071139312368
COBYLA,Rosenbrock,50,2,56000,25.99647682923532
COBYLA,Rosenbrock,50,2,57000,25.693809936530826
COBYLA,Rosenbrock,50,2,58000,25.418536414353
COBYLA,Rosenbrock,50,2,59000,25.14971458527114
COBYLA,Rosenbrock,50,2,60000,24.869539600541124
COBYLA,Rosenbrock,50,2,61000,24.56545002150809
COBYLA,Rosenbrock,50,2,62000,24.27159034850816
COBYLA,Rosenbrock,50,2,63000,23.981520788285895
COBYLA,Rosenbrock,50,2,64000,23.712501166728785
COBYLA,Rosenbrock,50,2,65000,23.414146887149034
COBYLA,Rosenbrock,50,2,66000,23.140437919017483
COBYLA,Rosenbrock,50,2,67000,22.858748300088504
COBYLA,Rosenbrock,50,2,68000,22.580893232915198
COBYLA,Rosenbrock,50,2,69000,22.302454253860283
COBYLA,Rosenbrock,50,2,70000,22.01625148286692
COBYLA,Rosenbrock,50,2,71000,21.74668525987058
COBYLA,Rosenbrock,50,2,72000,21.49207746400982
COBYLA,Rosenbrock,50,2,73000,21.22139556598478
COBYLA,Rosenbrock,50,2,74000,20.95083052101285
COBYLA,Rosenbrock,50,2,75000,20.661010435816962
COBYLA,Rosenbrock,50,2,76000,20.382627838291736
COBYLA,Rosenbrock,50,2,77000,20.11528650663318
COBYLA,Rosenbrock,50,2,78000,19.839631675642956
COBYLA,Rosenbrock,50,2,79000,19.547748325012993
COBYLA,Rosenbrock,50,2,80000,19.26726113891303
COBYLA,Rosenbrock,50,2,81000,18.98612040324224
COBYLA,Rosenbrock,50,2,82000,18.715963265464126
COBYLA,Rosenbrock,50,2,83000,18.446805515219708
COBYLA,Rosenbrock,50,2,84000,18.173001993714788
COBYLA,Rosenbrock,50,2,85000,17.91550329397316
COBYLA,Rosenbrock,50,2,86000,17.65741583586563
COBYLA,Rosenbrock,50,2,87000,17.377530931179518
COBYLA,Rosenbrock,50,2,88000,17.105747706271
COBYLA,Rosenbrock,50,2,89000,16.848881702809702
COBYLA,Rosenbrock,50,2,90000,16.57277288459506
COBYLA,Rosenbrock,50,2,91000,16.315083550680047
COBYLA,Rosenbrock,50,2,92000,16.06039210857261
COBYLA,Rosenbrock,50,2,93000,15.816778353883468
COBYLA,Rosenbrock,50,2,94000,15.562551592504777
COBYLA,Rosenbrock,50,2,95000,15.30949940744178
COBYLA,Rosenbrock,50,2,96000,15.042479215813493
COBYLA,Rosenbrock,50,2,97000,14.783485607034114
COBYLA,Rosenbrock,50,2,98000,14.549002267253316
COBYLA,Rosenbrock,50,2,99000,14.292394752693578
COBYLA,Rosenbrock,50,2,100000,14.063957367125175
COBYLA,Rosenbrock,50,2,101000,13.813252338548027
COBYLA,Rosenbrock,50,2,102000,13.573546353329272
COBYLA,Rosenbrock,50,2,103000,13.328799824760862
COBYLA,Rosenbrock,50,2,104000,13.078757459595991
COBYLA,Rosenbrock,50,2,105000,12.835116669871836
COBYLA,Rosenbrock,50,2,106000,12.579983762138212
COBYLA,Rosenbrock,50,2,107000,12.335740840813754
COBYLA,Rosenbrock,50,2,108000,12.098943718150007
COBYLA,Rosenbrock,50,2,109000,11.870527403925916
COBYLA,Rosenbrock,50,2,110000,11.644295452705338
COBYLA,Rosenbrock,50,2,111000,11.424249298857747
COBYLA,Rosenbrock,50,2,112000,11.187990214248314
COBYLA,Rosenbrock,50,2,113000,10.9505291388547
COBYLA,Rosenbrock,50,2,114000,10.725277203332556
COBYLA,Rosenbrock,50,2,115000,10.491116158673572
COBYLA,Rosenbrock,50,2,116000,10.250659508379002
COBYLA,Rosenbrock,50,2,117000,10.029562901404613
COBYLA,Rosenbrock,50,2,118000,9.788688417702762
COBYLA,Rosenbrock,50,2,119000,9.550105630048327
COBYLA,Rosenbrock,50,2,120000,9.332751007135622
COBYLA,Rosenbrock,50,2,121000,9.10885067480527
COBYLA,Rosenbrock,50,2,122000,8.887248970993948
COBYLA,Rosenbrock,50,2,123000,8.669019270703807
COBYLA,Rosenbrock,50,2,124000,8.44257394017186
COBYLA,Rosenbrock,50,2,125000,8.208779510733661
COBYLA,Rosenbrock,50,2,126000,7.997996742859292
COBYLA,Rosenbrock,50,2,127000,7.766863240646331
COBYLA,Rosenbrock,50,2,128000,7.543131687838564
COBYLA,Rosenbrock,50,2,129000,7.33117342535441
COBYLA,Rosenbrock,50,2,130000,7.107816068455423
COBYLA,Rosenbrock,50,2,131000,6.875101330085184
COBYLA,Rosenbrock,50,2,132000,6.647756253971559
COBYLA,Rosenbrock,50,2,133000,6.430912609055029
COBYLA,Rosenbrock,50,2,134000,6.209066019748935
COBYLA,Rosenbrock,50,2,135000,5.982475692574174
COBYLA,Rosenbrock,50,2,136000,5.768731263569121
COBYLA,Rosenbrock,50,2,137000,5.550314979232996
COBYLA,Rosenbrock,50,2,138000,5.331383754690036
COBYLA,Rosenbrock,50,2,139000,5.115044650037399
COBYLA,Rosenbrock,50,2,140000,4.895871409443203
COBYLA,Rosenbrock,50,2,141000,4.679677966552535
COBYLA,Rosenbrock,50,2,142000,4.4612874289675295
COBYLA,Rosenbrock,50,2,143000,4.246633440038843
COBYLA,Rosenbrock,50,2,144000,4.025424718727186
COBYLA,Rosenbrock,50,2,145000,3.8059974948970483
COBYLA,Rosenbrock,50,2,146000,3.586928086666518
COBYLA,Rosenbrock,50,2,147000,3.365195066763572
COBYLA,Rosenbrock,50,2,148000,3.1489412323101478
COBYLA,Rosenbrock,50,2,149000,2.9384862023367884
COBYLA,Rosenbrock,50,2,150000,2.725478722827616
COBYLA,Rosenbrock,50,2,151000,2.5035496971199738
COBYLA,Rosenbrock,50,2,152000,2.2830252159742486
COBYLA,Rosenbrock,50,2,153000,2.0790569674157253
COBYLA,Rosenbrock,50,2,154000,1.8723361551576474
COBYLA,Rosenbrock,50,2,155000,1.674283154669715
COBYLA,Rosenbrock,50,2,156000,1.4867845436746354
COBYLA,Rosenbrock,50,2,157000,1.3125902495413526
COBYLA,Rosenbrock,50,2,158000,1.153161600583577
COBYLA,Rosenbrock,50,2,159000,1.012716646694459
COBYLA,Rosenbrock,50,2,160000,0.8898392242253604
COBYLA,Rosenbrock,50,2,161000,0.7835728984659154
COBYLA,Rosenbrock,50,2,162000,0.6984857765991814
COBYLA,Rosenbrock,50,2,163000,0.6303856827944245
COBYLA,Rosenbrock,50,2,164000,0.5661198647229956
COBYLA,Rosenbrock,50,2,165000,0.5140276658703209
COBYLA,Rosenbrock,50,2,166000,0.4724333116775309
COBYLA,Rosenbrock,50,2,167000,0.43554456037865297
COBYLA,Rosenbrock,50,2,168000,0.4049835287041196
COBYLA,Rosenbrock,50,2,169000,0.37254700918378414
COBYLA,Rosenbrock,50,2,170000,0.3420414321255417
COBYLA,Rosenbrock,50,2,171000,0.30993676861374686
COBYLA,Rosenbrock,50,2,172000,0.2838137709909579
COBYLA,Rosenbrock,50,2,173000,0.2634446974930287
COBYLA,Rosenbrock,50,2,174000,0.24409052698186556
COBYLA,Rosenbrock,50,2,175000,0.22674490072664305
COBYLA,Rosenbrock,50,2,176000,0.20960272609853473
COBYLA,Rosenbrock,50,2,177000,0.1958847749240515
COBYLA,Rosenbrock,50,2,178000,0.18286523842078278
COBYLA,Rosenbrock,50,2,179000,0.17080404654736064
COBYLA,Rosenbrock,50,2,180000,0.16016489440734794
COBYLA,Rosenbrock,50,2,181000,0.149204346565668
COBYLA,Rosenbrock,50,2,182000,0.13927081547953973
COBYLA,Rosenbrock,50,2,183000,0.13049959307846598
COBYLA,Rosenbrock,50,2,184000,0.12161513893169526
COBYLA,Rosenbrock,50,2,185000,0.11394064116097954
COBYLA,Rosenbrock,50,2,186000,0.10719378927101347
COBYLA,Rosenbrock,50,2,187000,0.10108115964193568
COBYLA,Rosenbrock,50,2,188000,0.09500955126313682
COBYLA,Rosenbrock,50,2,189000,0.08989237165389602
COBYLA,Rosenbrock,50,2,190000,0.0846639593356433
COBYLA,Rosenbrock,50,2,191000,0.08050330651804387
COBYLA,Rosenbrock,50,2,192000,0.07666306591535332
COBYLA,Rosenbrock,50,2,193000,0.07334170692671958
COBYLA,Rosenbrock,50,2,194000,0.06986805466263322
COBYLA,Rosenbrock,50,2,195000,0.06664072634367682
COBYLA,Rosenbrock,50,2,196000,0.06363101396328677
COBYLA,Rosenbrock,50,2,197000,0.06068387117896939
COBYLA,Rosenbrock,50,2,198000,0.057682061912945636
COBYLA,Rosenbrock,50,2,199000,0.054914812651289134
COBYLA,Rosenbrock,50,2,200000,0.05221419166286692
COBYLA,Rosenbrock,50,2,201000,0.04959548467242392
COBYLA,Rosenbrock,50,2,202000,0.04720907630561457
COBYLA,Rosenbrock,50,2,203000,0.04486936909573239
COBYLA,Rosenbrock,50,2,204000,0.042751425808710455
COBYLA,Rosenbrock,50,2,205000,0.04067743614627013
COBYLA,Rosenbrock,50,2,206000,0.038788069862937466
COBYLA,Rosenbrock,50,2,207000,0.03693193267594244
COBYLA,Rosenbrock,50,2,208000,0.03511866317206684
COBYLA,Rosenbrock,50,2,209000,0.033425190908405615
COBYLA,Rosenbrock,50,2,210000,0.031886261964553436
COBYLA,Rosenbrock,50,2,211000,0.030287948800650586
COBYLA,Rosenbrock,50,2,212000,0.028936614656617506
COBYLA,Rosenbrock,50,2,213000,0.027623294372834544
COBYLA,Rosenbrock,50,2,214000,0.026266428219448485
COBYLA,Rosenbrock,50,2,215000,0.024936811480954987
COBYLA,Rosenbrock,50,2,216000,0.023789927294809436
COBYLA,Rosenbrock,50,2,217000,0.022692377722843656
COBYLA,Rosenbrock,50,2,218000,0.02167307486552256
COBYLA,Rosenbrock,50,2,219000,0.020767038437959538
COBYLA,Rosenbrock,50,2,220000,0.019917347755287626
COBYLA,Rosenbrock,50,2,221000,0.019083192254801686
COBYLA,Rosenbrock,50,2,222000,0.01826895929269706
COBYLA,Rosenbrock,50,2,223000,0.017608126958835686
COBYLA,Rosenbrock,50,2,224000,0.016942615460450706
COBYLA,Rosenbrock,50,2,225000,0.016265647199031785
COBYLA,Rosenbrock,50,2,226000,0.015635122227982544
COBYLA,Rosenbrock,50,2,227000,0.015009188808086067
COBYLA,Rosenbrock,50,2,228000,0.014471576104885114
COBYLA,Rosenbrock,50,2,229000,0.013905927501059831
COBYLA,Rosenbrock,50,2,230000,0.013398097145640726
COBYLA,Rosenbrock,50,2,231000,0.012879780223514131
COBYLA,Rosenbrock,50,2,232000,0.01237407452547136
COBYLA,Rosenbrock,50,2,233000,0.01190722506406152
COBYLA,Rosenbrock,50,2,234000,0.01146721919078977
COBYLA,Rosenbrock,50,2,235000,0.01104134218411054
COBYLA,Rosenbrock,50,2,236000,0.010658659183464087
COBYLA,Rosenbrock,50,2,237000,0.010317666586622023
COBYLA,Rosenbrock,50,2,238000,0.009958113296606504
COBYLA,Rosenbrock,50,2,239000,0.00960375573133835
COBYLA,Rosenbrock,50,2,240000,0.009308957240574857
COBYLA,Rosenbrock,50,7,1000,1051.0194168117432
COBYLA,Rosenbrock,50,7,2000,47.49906592162301
COBYLA,Rosenbrock,50,7,3000,46.46839954204582
COBYLA,Rosenbrock,50,7,4000,45.579717458027716
COBYLA,Rosenbrock,50,7,5000,44.87141242448322
COBYLA,Rosenbrock,50,7,6000,44.175788884893706
COBYLA,Rosenbrock,50,7,7000,43.57091994294455
COBYLA,Rosenbrock,50,7,8000,43.00441510544448
COBYLA,Rosenbrock,50,7,9000,42.56311477551012
COBYLA,Rosenbrock,50,7,10000,42.12373108670021
COBYLA,Rosenbrock,50,7,11000,41.71369955707707
COBYLA,Rosenbrock,50,7,12000,41.27179470912117
COBYLA,Rosenbrock,50,7,13000,40.85503799894688
COBYLA,Rosenbrock,50,7,14000,40.43965016495055
COBYLA,Rosenbrock,50,7,15000,40.002961539465524
COBYLA,Rosenbrock,50,7,16000,39.58031610710438
COBYLA,Rosenbrock,50,7,17000,39.14535438898221
COBYLA,Rosenbrock,50,7,18000,38.727789529233895
COBYLA,Rosenbrock,50,7,19000,38.307425248179456
COBYLA,Rosenbrock,50,7,20000,37.888181450318825
COBYLA,Rosenbrock,50,7,21000,37.488267347232
COBYLA,Rosenbrock,50,7,22000,37.075781064589265
COBYLA,Rosenbrock,50,7,23000,36.64769900308088
COBYLA,Rosenbrock,50,7,24000,36.280746292169944
COBYLA,Rosenbrock,50,7,25000,35.89374144299369
COBYLA,Rosenbrock,50,7,26000,35.495113671513785
COBYLA,Rosenbrock,50,7,27000,35.10252896763363
COBYLA,Rosenbrock,50,7,28000,34.74019426268304
COBYLA,Rosenbrock,50,7,29000,34.36492995411335
COBYLA,Rosenbrock,50,7,30000,34.01916713852803
COBYLA,Rosenbrock,50,7,31000,33.64110317143175
COBYLA,Rosenbrock,50,7,32000,33.27045325185748
COBYLA,Rosenbrock,50,7,33000,32.901818617279346
COBYLA,Rosenbrock,50,7,34000,32.52641943489137
COBYLA,Rosenbrock,50,7,35000,32.172147251377
COBYLA,Rosenbrock,50,7,36000,31.83466580752985
COBYLA,Rosenbrock,50,7,37000,31.48577392183259
COBYLA,Rosenbrock,50,7,38000,31.155641200718502
COBYLA,Rosenbrock,50,7,39000,30.87144878346427
COBYLA,Rosenbrock,50,7,40000,30.565664700162117
COBYLA,Rosenbrock,50,7,41000,30.25214175934828
COBYLA,Rosenbrock,50,7,42000,29.95713016270103
COBYLA,Rosenbrock,50,7,43000,29.654021024633323
COBYLA,Rosenbrock,50,7,44000,29.36073554768453
COBYLA,Rosenbrock,50,7,45000,29.036204875137827
COBYLA,Rosenbrock,50,7,46000,28.762611326947752
COBYLA,Rosenbrock,50,7,47000,28.456260977416584
COBYLA,Rosenbrock,50,7,48000,28.14562887158642
COBYLA,Rosenbrock,50,7,49000,27.83314522016434
COBYLA,Rosenbrock,50,7,50000,27.527751087527466
COBYLA,Rosenbrock,50,7,51000,27.23623291956741
COBYLA,Rosenbrock,50,7,52000,26.951800346321484
COBYLA,Rosenbrock,50,7,53000,26.653727421863245
COBYLA,Rosenbrock,50,7,54000,26.349099859905788
COBYLA,Rosenbrock,50,7,55000,26.075775315238168
COBYLA,Rosenbrock,50,7,56000,25.797650227792026
COBYLA,Rosenbrock,50,7,57000,25.510491548895054
COBYLA,Rosenbrock,50,7,58000,25.246269804919514
COBYLA,Rosenbrock,50,7,59000,24.96597356361773
COBYLA,Rosenbrock,50,7,60000,24.67002598982367
COBYLA,Rosenbrock,50,7,61000,24.37663398545136
COBYLA,Rosenbrock,50,7,62000,24.09684408479328
COBYLA,Rosenbrock,50,7,63000,23.80876153070593
COBYLA,Rosenbrock,50,7,64000,23.514050910874733
COBYLA,Rosenbrock,50,7,65000,23.226031603339877
COBYLA,Rosenbrock,50,7,66000,22.940088383017326
COBYLA,Rosenbrock,50,7,67000,22.655069804050456
COBYLA,Rosenbrock,50,7,68000,22.353208824464673
COBYLA,Rosenbrock,50,7,69000,22.076565218508968
COBYLA,Rosenbrock,50,7,70000,21.811451563735694
COBYLA,Rosenbrock,50,7,71000,21.531528324610477
COBYLA,Rosenbrock,50,7,72000,21.249490526672837
COBYLA,Rosenbrock,50,7,73000,20.972452082045063
COBYLA,Rosenbrock,50,7,74000,20.72995400067566
COBYLA,Rosenbrock,50,7,75000,20.471027379346282
COBYLA,Rosenbrock,50,7,76000,20.181806345399497
COBYLA,Rosenbrock,50,7,77000,19.915858713535386
COBYLA,Rosenbrock,50,7,78000,19.64000223744962
COBYLA,Rosenbrock,50,7,79000,19.365086638498383
COBYLA,Rosenbrock,50,7,80000,19.103838438718842
COBYLA,Rosenbrock,50,7,81000,18.84579812364679
COBYLA,Rosenbrock,50,7,82000,18.579570027164834
COBYLA,Rosenbrock,50,7,83000,18.32514014827547
COBYLA,Rosenbrock,50,7,84000,18.059772070301957
COBYLA,Rosenbrock,50,7,85000,17.78492419226436
COBYLA,Rosenbrock,50,7,86000,17.533102167527012
COBYLA,Rosenbrock,50,7,87000,17.273300598131737
COBYLA,Rosenbrock,50,7,88000,17.030950717309576
COBYLA,Rosenbrock,50,7,89000,16.745827935117724
COBYLA,Rosenbrock,50,7,90000,16.502757651602472
COBYLA,Rosenbrock,50,7,91000,16.235622985562664
COBYLA,Rosenbrock,50,7,92000,15.98886023496739
COBYLA,Rosenbrock,50,7,93000,15.729997373746503
COBYLA,Rosenbrock,50,7,94000,15.49301577761694
COBYLA,Rosenbrock,50,7,95000,15.2317077745302
COBYLA,Rosenbrock,50,7,96000,14.979766036942333
COBYLA,Rosenbrock,50,7,97000,14.730564490416645
COBYLA,Rosenbrock,50,7,98000,14.469201917378586
COBYLA,Rosenbrock,50,7,99000,14.212947471361248
COBYLA,Rosenbrock,50,7,100000,13.992270645030107
COBYLA,Rosenbrock,50,7,101000,13.75433904857216
COBYLA,Rosenbrock,50,7,102000,13.527042956888682
COBYLA,Rosenbrock,50,7,103000,13.291722609006765
COBYLA,Rosenbrock,50,7,104000,13.051719852673788
COBYLA,Rosenbrock,50,7,105000,12.811930027123964
COBYLA,Rosenbrock,50,7,106000,12.549041216581898
COBYLA,Rosenbrock,50,7,107000,12.315068376817093
COBYLA,Rosenbrock,50,7,108000,12.083079237773596
COBYLA,Rosenbrock,50,7,109000,11.843562044000025
COBYLA,Rosenbrock,50,7,110000,11.599316637530713
COBYLA,Rosenbrock,50,7,111000,11.370151600099545
COBYLA,Rosenbrock,50,7,112000,11.140857171261418
COBYLA,Rosenbrock,50,7,113000,10.903160159859842
COBYLA,Rosenbrock,50,7,114000,10.660493565849853
COBYLA,Rosenbrock,50,7,115000,10.4316518146947
COBYLA,Rosenbrock,50,7,116000,10.199580331781672
COBYLA,Rosenbrock,50,7,117000,9.968293604336848
COBYLA,Rosenbrock,50,7,118000,9.7202942840185
COBYLA,Rosenbrock,50,7,119000,9.478392798258902
COBYLA,Rosenbrock,50,7,120000,9.269237078262973
COBYLA,Rosenbrock,50,7,121000,9.05266534441958
COBYLA,Rosenbrock,50,7,122000,8.83432633341845
COBYLA,Rosenbrock,50,7,123000,8.612426681457425
COBYLA,Rosenbrock,50,7,124000,8.379829069573567
COBYLA,Rosenbrock,50,7,125000,8.153406681996294
COBYLA,Rosenbrock,50,7,126000,7.944117104482032
COBYLA,Rosenbrock,50,7,127000,7.714591349170883
COBYLA,Rosenbrock,50,7,128000,7.513965481965854
COBYLA,Rosenbrock,50,7,129000,7.294791140064353
COBYLA,Rosenbrock,50,7,130000,7.070177339980157
COBYLA,Rosenbrock,50,7,131000,6.832939017982684
COBYLA,Rosenbrock,50,7,132000,6.61130461136234
COBYLA,Rosenbrock,50,7,133000,6.4060225284471155
COBYLA,Rosenbrock,50,7,134000,6.184199285461241
COBYLA,Rosenbrock,50,7,135000,5.976526574886583
COBYLA,Rosenbrock,50,7,136000,5.745797833486791
COBYLA,Rosenbrock,50,7,137000,5.523303733997794
COBYLA,Rosenbrock,50,7,138000,5.281759231732585
COBYLA,Rosenbrock,50,7,139000,5.070254546096949
COBYLA,Rosenbrock,50,7,140000,4.875668254895996
COBYLA,Rosenbrock,50,7,141000,4.676542430886041
COBYLA,Rosenbrock,50,7,142000,4.470303908696235
COBYLA,Rosenbrock,50,7,143000,4.250704912389814
COBYLA,Rosenbrock,50,7,144000,4.047844124397949
COBYLA,Rosenbrock,50,7,145000,3.8430476029846394
COBYLA,Rosenbrock,50,7,146000,3.630945881382286
COBYLA,Rosenbrock,50,7,147000,3.434715418973349
COBYLA,Rosenbrock,50,7,148000,3.2372258564417034
COBYLA,Rosenbrock,50,7,149000,3.039225003815094
COBYLA,Rosenbrock,50,7,150000,2.8546154974946965
COBYLA,Rosenbrock,50,7,151000,2.667781977143196
COBYLA,Rosenbrock,50,7,152000,2.456095159175298
COBYLA,Rosenbrock,50,7,153000,2.2374218083585053
COBYLA,Rosenbrock,50,7,154000,2.0416161274816984
COBYLA,Rosenbrock,50,7,155000,1.8375660540846035
COBYLA,Rosenbrock,50,7,156000,1.6627138008728357
COBYLA,Rosenbrock,50,7,157000,1.4986705995435123
COBYLA,Rosenbrock,50,7,158000,1.3520865116456104
COBYLA,Rosenbrock,50,7,159000,1.212722442446026
COBYLA,Rosenbrock,50,7,160000,1.0598447895442167
COBYLA,Rosenbrock,50,7,161000,0.9323039541982436
COBYLA,Rosenbrock,50,7,162000,0.8214373427134003
COBYLA,Rosenbrock,50,7,163000,0.719651611722641
COBYLA,Rosenbrock,50,7,164000,0.6414907362359683
COBYLA,Rosenbrock,50,7,165000,0.5769672229927811
COBYLA,Rosenbrock,50,7,166000,0.525417423644644
COBYLA,Rosenbrock,50,7,167000,0.47630639917975515
COBYLA,Rosenbrock,50,7,168000,0.4302583208906345
COBYLA,Rosenbrock,50,7,169000,0.3893540110951134
COBYLA,Rosenbrock,50,7,170000,0.3538606529067797
COBYLA,Rosenbrock,50,7,171000,0.3234211684035999
COBYLA,Rosenbrock,50,7,172000,0.29713778654127737
COBYLA,Rosenbrock,50,7,173000,0.2737812124376146
COBYLA,Rosenbrock,50,7,174000,0.2533312405074532
COBYLA,Rosenbrock,50,7,175000,0.23406764803519087
COBYLA,Rosenbrock,50,7,176000,0.21812781190812258
COBYLA,Rosenbrock,50,7,177000,0.2047571406709379
COBYLA,Rosenbrock,50,7,178000,0.1919661110244853
COBYLA,Rosenbrock,50,7,179000,0.17877947227023408
COBYLA,Rosenbrock,50,7,180000,0.16757705760462493
COBYLA,Rosenbrock,50,7,181000,0.15655326984607043
COBYLA,Rosenbrock,50,7,182000,0.14605668881157402
COBYLA,Rosenbrock,50,7,183000,0.13625130270467659
COBYLA,Rosenbrock,50,7,184000,0.12774889014446938
COBYLA,Rosenbrock,50,7,185000,0.11972534629772456
COBYLA,Rosenbrock,50,7,186000,0.11285049184548301
COBYLA,Rosenbrock,50,7,187000,0.1062761807488774
COBYLA,Rosenbrock,50,7,188000,0.10016935488718647
COBYLA,Rosenbrock,50,7,189000,0.0944062818206208
COBYLA,Rosenbrock,50,7,190000,0.08907132725394326
COBYLA,Rosenbrock,50,7,191000,0.08402349572935798
COBYLA,Rosenbrock,50,7,192000,0.07977516588058799
COBYLA,Rosenbrock,50,7,193000,0.07595394393655941
COBYLA,Rosenbrock,50,7,194000,0.07213912145603893
COBYLA,Rosenbrock,50,7,195000,0.06870623970845285
COBYLA,Rosenbrock,50,7,196000,0.065592204592276
COBYLA,Rosenbrock,50,7,197000,0.06264261107592262
COBYLA,Rosenbrock,50,7,198000,0.05980658504052068
COBYLA,Rosenbrock,50,7,199000,0.0571463919107921
COBYLA,Rosenbrock,50,7,200000,0.054445574770942265
COBYLA,Rosenbrock,50,7,201000,0.051719261460134086
COBYLA,Rosenbrock,50,7,202000,0.04924770295628891
COBYLA,Rosenbrock,50,7,203000,0.046830053048773766
COBYLA,Rosenbrock,50,7,204000,0.04459105305950217
COBYLA,Rosenbrock,50,7,205000,0.04242898397441157
COBYLA,Rosenbrock,50,7,206000,0.04034724531502022
COBYLA,Rosenbrock,50,7,207000,0.038334904880497477
COBYLA,Rosenbrock,50,7,208000,0.0364316928475213
COBYLA,Rosenbrock,50,7,209000,0.03467695473040586
COBYLA,Rosenbrock,50,7,210000,0.03298395774099914
COBYLA,Rosenbrock,50,7,211000,0.031485897566099916
COBYLA,Rosenbrock,50,7,212000,0.029997944488654414
COBYLA,Rosenbrock,50,7,213000,0.02862739892549452
COBYLA,Rosenbrock,50,7,214000,0.027235700860792984
COBYLA,Rosenbrock,50,7,215000,0.025925850609655774
COBYLA,Rosenbrock,50,7,216000,0.0247778745239133
COBYLA,Rosenbrock,50,7,217000,0.023680238136738332
COBYLA,Rosenbrock,50,7,218000,0.02260396193255434
COBYLA,Rosenbrock,50,7,219000,0.021669580808735378
COBYLA,Rosenbrock,50,7,220000,0.02072574065010038
COBYLA,Rosenbrock,50,7,221000,0.019862675003975643
COBYLA,Rosenbrock,50,7,222000,0.01907800516757496
COBYLA,Rosenbrock,50,7,223000,0.01831020525046959
COBYLA,Rosenbrock,50,7,224000,0.017602108743346487
COBYLA,Rosenbrock,50,7,225000,0.016932824973308017
COBYLA,Rosenbrock,50,7,226000,0.0163164394776779
COBYLA,Rosenbrock,50,7,227000,0.01566573859295134
COBYLA,Rosenbrock,50,7,228000,0.015024114731460914
COBYLA,Rosenbrock,50,7,229000,0.014442205737019514
COBYLA,Rosenbrock,50,7,230000,0.013932471571315004
COBYLA,Rosenbrock,50,5,1000,107.63513799711143
COBYLA,Rosenbrock,50,5,2000,48.68955273176013
COBYLA,Rosenbrock,50,5,3000,48.4883377442309
COBYLA,Rosenbrock,50,5,4000,48.273029893618265
COBYLA,Rosenbrock,50,5,5000,48.009888873322765
COBYLA,Rosenbrock,50,5,6000,47.71354871288266
COBYLA,Rosenbrock,50,5,7000,47.4046038868584
COBYLA,Rosenbrock,50,5,8000,47.10865830991099
COBYLA,Rosenbrock,50,5,9000,46.818410156699514
COBYLA,Rosenbrock,50,5,10000,46.49426984103145
COBYLA,Rosenbrock,50,5,11000,46.16721247570531
COBYLA,Rosenbrock,50,5,12000,45.83416504835418
COBYLA,Rosenbrock,50,5,13000,45.519622568860775
COBYLA,Rosenbrock,50,5,14000,45.19439360468846
COBYLA,Rosenbrock,50,5,15000,44.87224176277582
COBYLA,Rosenbrock,50,5,16000,44.544200923409804
COBYLA,Rosenbrock,50,5,17000,44.23025150459879
COBYLA,Rosenbrock,50,5,18000,43.8985775899601
COBYLA,Rosenbrock,50,5,19000,43.56808650220647
COBYLA,Rosenbrock,50,5,20000,43.234001743931614
COBYLA,Rosenbrock,50,5,21000,42.904851445783535
COBYLA,Rosenbrock,50,5,22000,42.57298919689144
COBYLA,Rosenbrock,50,5,23000,42.257860096886624
COBYLA,Rosenbrock,50,5,24000,41.94130445242554
COBYLA,Rosenbrock,50,5,25000,41.6174801965406
COBYLA,Rosenbrock,50,5,26000,41.30122280834953
COBYLA,Rosenbrock,50,5,27000,40.970668722611954
COBYLA,Rosenbrock,50,5,28000,40.64379194790722
COBYLA,Rosenbrock,50,5,29000,40.32169204720818
COBYLA,Rosenbrock,50,5,30000,39.981888438337485
COBYLA,Rosenbrock,50,5,31000,39.649706488933234
COBYLA,Rosenbrock,50,5,32000,39.3384373033015
COBYLA,Rosenbrock,50,5,33000,39.02226209073231
COBYLA,Rosenbrock,50,5,34000,38.68885244766497
COBYLA,Rosenbrock,50,5,35000,38.35505562578043
COBYLA,Rosenbrock,50,5,36000,38.02960326664757
COBYLA,Rosenbrock,50,5,37000,37.720014123020086
COBYLA,Rosenbrock,50,5,38000,37.41872199879641
COBYLA,Rosenbrock,50,5,39000,37.11351736252873
COBYLA,Rosenbrock,50,5,40000,36.80075284905627
COBYLA,Rosenbrock,50,5,41000,36.47450227820725
COBYLA,Rosenbrock,50,5,42000,36.185716951495344
COBYLA,Rosenbrock,50,5,43000,35.88313800897003
COBYLA,Rosenbrock,50,5,44000,35.578726662607224
COBYLA,Rosenbrock,50,5,45000,35.27771224378274
COBYLA,Rosenbrock,50,5,46000,34.97390037855875
COBYLA,Rosenbrock,50,5,47000,34.68041591121104
COBYLA,Rosenbrock,50,5,48000,34.378031488134
COBYLA,Rosenbrock,50,5,49000,34.092700425202366
COBYLA,Rosenbrock,50,5,50000,33.777796606901624
COBYLA,Rosenbrock,50,5,51000,33.46401760804097
COBYLA,Rosenbrock,50,5,52000,33.18445224702643
COBYLA,Rosenbrock,50,5,53000,32.87512791763044
COBYLA,Rosenbrock,50,5,54000,32.57313341960703
COBYLA,Rosenbrock,50,5,55000,32.26099428515695
COBYLA,Rosenbrock,50,5,56000,31.965911725290812
COBYLA,Rosenbrock,50,5,57000,31.681473126946297
COBYLA,Rosenbrock,50,5,58000,31.389625739147007
COBYLA,Rosenbrock,50,5,59000,31.091457075785033
COBYLA,Rosenbrock,50,5,60000,30.795592983247893
COBYLA,Rosenbrock,50,5,61000,30.476721466506206
COBYLA,Rosenbrock,50,5,62000,30.186526440394175
COBYLA,Rosenbrock,50,5,63000,29.899687000162924
COBYLA,Rosenbrock,50,5,64000,29.611923946574862
COBYLA,Rosenbrock,50,5,65000,29.29218546634568
COBYLA,Rosenbrock,50,5,66000,28.990691145858243
COBYLA,Rosenbrock,50,5,67000,28.690596675904434
COBYLA,Rosenbrock,50,5,68000,28.42588651147703
COBYLA,Rosenbrock,50,5,69000,28.145262830398554
COBYLA,Rosenbrock,50,5,70000,27.861408839982975
COBYLA,Rosenbrock,50,5,71000,27.566618699872667
COBYLA,Rosenbrock,50,5,72000,27.271621213515022
COBYLA,Rosenbrock,50,5,73000,26.973045368906675
COBYLA,Rosenbrock,50,5,74000,26.698392879252054
COBYLA,Rosenbrock,50,5,75000,26.42942733389169
COBYLA,Rosenbrock,50,5,76000,26.16083837143885
COBYLA,Rosenbrock,50,5,77000,25.900906062659118
COBYLA,Rosenbrock,50,5,78000,25.635870905227634
COBYLA,Rosenbrock,50,5,79000,25.37698560798437
COBYLA,Rosenbrock,50,5,80000,25.0974743961923
COBYLA,Rosenbrock,50,5,81000,24.837635951778726
COBYLA,Rosenbrock,50,5,82000,24.56177643660273
COBYLA,Rosenbrock,50,5,83000,24.30526793389315
COBYLA,Rosenbrock,50,5,84000,24.034843273339042
COBYLA,Rosenbrock,50,5,85000,23.754657214249015
COBYLA,Rosenbrock,50,5,86000,23.48531324957771
COBYLA,Rosenbrock,50,5,87000,23.210796014620104
COBYLA,Rosenbrock,50,5,88000,22.931658065850467
COBYLA,Rosenbrock,50,5,89000,22.667613163029742
COBYLA,Rosenbrock,50,5,90000,22.401237855240378
COBYLA,Rosenbrock,50,5,91000,22.139738489154407
COBYLA,Rosenbrock,50,5,92000,21.872746993684743
COBYLA,Rosenbrock,50,5,93000,21.605821960017224
COBYLA,Rosenbrock,50,5,94000,21.354036325734047
COBYLA,Rosenbrock,50,5,95000,21.08780425635031
COBYLA,Rosenbrock,50,5,96000,20.83236848539516
COBYLA,Rosenbrock,50,5,97000,20.576356034210715
COBYLA,Rosenbrock,50,5,98000,20.334900571278553
COBYLA,Rosenbrock,50,5,99000,20.070337809585638
COBYLA,Rosenbrock,50,5,100000,19.812549218398622
COBYLA,Rosenbrock,50,5,101000,19.549285015302576
COBYLA,Rosenbrock,50,5,102000,19.310085716424744
COBYLA,Rosenbrock,50,5,103000,19.0559296964778
COBYLA,Rosenbrock,50,5,104000,18.824811498498473
COBYLA,Rosenbrock,50,5,105000,18.5786460981197
COBYLA,Rosenbrock,50,5,106000,18.345395114881992
COBYLA,Rosenbrock,50,5,107000,18.095970389509574
COBYLA,Rosenbrock,50,5,108000,17.837765273777226
COBYLA,Rosenbrock,50,5,109000,17.575203793419732
COBYLA,Rosenbrock,50,5,110000,17.337171851172002
COBYLA,Rosenbrock,50,5,111000,17.09566215174227
COBYLA,Rosenbrock,50,5,112000,16.88351600989235
COBYLA,Rosenbrock,50,5,113000,16.636389077609735
COBYLA,Rosenbrock,50,5,114000,16.389859272302886
COBYLA,Rosenbrock,50,5,115000,16.134842094114966
COBYLA,Rosenbrock,50,5,116000,15.883013181808149
COBYLA,Rosenbrock,50,5,117000,15.631674932272064
COBYLA,Rosenbrock,50,5,118000,15.406664172880518
COBYLA,Rosenbrock,50,5,119000,15.175110212674554
COBYLA,Rosenbrock,50,5,120000,14.920551965917152
COBYLA,Rosenbrock,50,5,121000,14.697360021556063
COBYLA,Rosenbrock,50,5,122000,14.477782726665664
COBYLA,Rosenbrock,50,5,123000,14.231973095448327
COBYLA,Rosenbrock,50,5,124000,14.003999391457272
COBYLA,Rosenbrock,50,5,125000,13.767031859028236
COBYLA,Rosenbrock,50,5,126000,13.524834993116503
COBYLA,Rosenbrock,50,5,127000,13.311719263349179
COBYLA,Rosenbrock,50,5,128000,13.068107243084494
COBYLA,Rosenbrock,50,5,129000,12.851336693695632
COBYLA,Rosenbrock,50,5,130000,12.621841823012923
COBYLA,Rosenbrock,50,5,131000,12.381255611501691
COBYLA,Rosenbrock,50,5,132000,12.155761575368313
COBYLA,Rosenbrock,50,5,133000,11.932989501001385
COBYLA,Rosenbrock,50,5,134000,11.70890712562471
COBYLA,Rosenbrock,50,5,135000,11.475654114390146
COBYLA,Rosenbrock,50,5,136000,11.244419450675814
COBYLA,Rosenbrock,50,5,137000,11.040907856323072
COBYLA,Rosenbrock,50,5,138000,10.838261462114604
COBYLA,Rosenbrock,50,5,139000,10.609593626535023
COBYLA,Rosenbrock,50,5,140000,10.404141243631395
COBYLA,Rosenbrock,50,5,141000,10.186756511535883
COBYLA,Rosenbrock,50,5,142000,9.977986764709595
COBYLA,Rosenbrock,50,5,143000,9.754570721871046
COBYLA,Rosenbrock,50,5,144000,9.537498380480908
COBYLA,Rosenbrock,50,5,145000,9.314322444678561
COBYLA,Rosenbrock,50,5,146000,9.090941734963684
COBYLA,Rosenbrock,50,5,147000,8.892762725318926
COBYLA,Rosenbrock,50,5,148000,8.68641812316765
COBYLA,Rosenbrock,50,5,149000,8.502491518898577
COBYLA,Rosenbrock,50,5,150000,8.279327068630066
COBYLA,Rosenbrock,50,5,151000,8.078971984183744
COBYLA,Rosenbrock,50,5,152000,7.88172615303296
COBYLA,Rosenbrock,50,5,153000,7.671479273403589
COBYLA,Rosenbrock,50,5,154000,7.465383279821214
COBYLA,Rosenbrock,50,5,155000,7.2620310633910785
COBYLA,Rosenbrock,50,5,156000,7.055287618666531
COBYLA,Rosenbrock,50,5,157000,6.872227423042629
COBYLA,Rosenbrock,50,5,158000,6.676042066249466
COBYLA,Rosenbrock,50,5,159000,6.473432638830607
COBYLA,Rosenbrock,50,5,160000,6.258209213949795
COBYLA,Rosenbrock,50,5,161000,6.069235295724991
COBYLA,Rosenbrock,50,5,162000,5.890195840275609
COBYLA,Rosenbrock,50,5,163000,5.7097304564968665
COBYLA,Rosenbrock,50,5,164000,5.514266441919237
COBYLA,Rosenbrock,50,5,165000,5.3373724533195155
COBYLA,Rosenbrock,50,5,166000,5.179793881514873
COBYLA,Rosenbrock,50,5,167000,5.031573900099149
COBYLA,Rosenbrock,50,5,168000,4.908073918197502
COBYLA,Rosenbrock,50,5,169000,4.802746605595233
COBYLA,Rosenbrock,50,5,170000,4.710687200924919
COBYLA,Rosenbrock,50,5,171000,4.631075474237163
COBYLA,Rosenbrock,50,5,172000,4.565632405396123
COBYLA,Rosenbrock,50,5,173000,4.511353487596093
COBYLA,Rosenbrock,50,5,174000,4.467220065214157
COBYLA,Rosenbrock,50,5,175000,4.429868634054909
COBYLA,Rosenbrock,50,5,176000,4.396128493033824
COBYLA,Rosenbrock,50,5,177000,4.358735520725023
COBYLA,Rosenbrock,50,5,178000,4.327201938897814
COBYLA,Rosenbrock,50,5,179000,4.299694479087488
COBYLA,Rosenbrock,50,5,180000,4.2764743600900585
COBYLA,Rosenbrock,50,5,181000,4.254214163686342
COBYLA,Rosenbrock,50,5,182000,4.235673996559179
COBYLA,Rosenbrock,50,5,183000,4.217732059328489
COBYLA,Rosenbrock,50,5,184000,4.202263969125869
COBYLA,Rosenbrock,50,5,185000,4.189231447759278
COBYLA,Rosenbrock,50,5,186000,4.176168534493943
COBYLA,Rosenbrock,50,5,187000,4.164534469314683
COBYLA,Rosenbrock,50,5,188000,4.152495160949728
COBYLA,Rosenbrock,50,5,189000,4.141919583299226
COBYLA,Rosenbrock,50,5,190000,4.131500612116931
COBYLA,Rosenbrock,50,5,191000,4.122135654501804
COBYLA,Rosenbrock,50,5,192000,4.113381457456447
COBYLA,Rosenbrock,50,5,193000,4.10583158693689
COBYLA,Rosenbrock,50,5,194000,4.098290996244462
COBYLA,Rosenbrock,50,5,195000,4.091941368088089
COBYLA,Rosenbrock,50,5,196000,4.08620585067905
COBYLA,Rosenbrock,50,5,197000,4.080735728288629
COBYLA,Rosenbrock,50,5,198000,4.0760627094872035
COBYLA,Rosenbrock,50,5,199000,4.071638914599481
COBYLA,Rosenbrock,50,5,200000,4.067077581164904
COBYLA,Rosenbrock,50,5,201000,4.063171919341592
COBYLA,Rosenbrock,50,5,202000,4.059589746421261
COBYLA,Rosenbrock,50,5,203000,4.055989870053382
COBYLA,Rosenbrock,50,5,204000,4.052396363243115
COBYLA,Rosenbrock,50,5,205000,4.049682895575799
COBYLA,Rosenbrock,50,5,206000,4.046552895342574
COBYLA,Rosenbrock,50,5,207000,4.044020675043241
COBYLA,Rosenbrock,50,5,208000,4.041602954404312
COBYLA,Rosenbrock,50,5,209000,4.038887288581677
COBYLA,Rosenbrock,50,5,210000,4.0363356016266625
COBYLA,Rosenbrock,50,5,211000,4.033869554457177
COBYLA,Rosenbrock,50,5,212000,4.031614609128249
COBYLA,Rosenbrock,50,5,213000,4.029430970784213
COBYLA,Rosenbrock,50,5,214000,4.0273386320147955
COBYLA,Rosenbrock,50,5,215000,4.025360671416356
COBYLA,Rosenbrock,50,5,216000,4.023467267624815
COBYLA,Rosenbrock,50,5,217000,4.021741999883318
COBYLA,Rosenbrock,50,5,218000,4.020015943898581
COBYLA,Rosenbrock,50,5,219000,4.018515972864235
COBYLA,Rosenbrock,50,5,220000,4.017053156559799
COBYLA,Rosenbrock,50,5,221000,4.015592227921357
COBYLA,Rosenbrock,50,5,222000,4.014230579379612
COBYLA,Rosenbrock,50,5,223000,4.012931997432657
COBYLA,Rosenbrock,50,5,224000,4.011728679576483
COBYLA,Rosenbrock,50,5,225000,4.010663177162854
COBYLA,Rosenbrock,50,5,226000,4.009581866589967
COBYLA,Rosenbrock,50,5,227000,4.008643229450659
COBYLA,Rosenbrock,50,5,228000,4.007631770346369
COBYLA,Rosenbrock,50,5,229000,4.006737433632058
COBYLA,Rosenbrock,50,5,230000,4.005857773706298
COBYLA,Rosenbrock,50,5,231000,4.005131941243557
COBYLA,Rosenbrock,50,5,232000,4.004428299598886
COBYLA,Rosenbrock,50,5,233000,4.0037559475338815
COBYLA,Rosenbrock,50,5,234000,4.003083134919683
COBYLA,Rosenbrock,50,5,235000,4.002465743191644
COBYLA,Rosenbrock,50,5,236000,4.0018415675057435
COBYLA,Rosenbrock,50,5,237000,4.001255235974454
COBYLA,Rosenbrock,50,5,238000,4.000713622604766
COBYLA,Rosenbrock,50,5,239000,4.000182392154916
COBYLA,Rosenbrock,50,5,240000,3.999666886532448
COBYLA,Rosenbrock,50,5,241000,3.9992059825402646
COBYLA,Rosenbrock,50,5,242000,3.998752505226688
COBYLA,Rosenbrock,50,5,243000,3.9982770233341207
COBYLA,Rosenbrock,50,5,244000,3.9978802854464233
COBYLA,Rosenbrock,50,5,245000,3.997468853277038
COBYLA,Rosenbrock,50,8,1000,206.8967986579368
COBYLA,Rosenbrock,50,8,2000,44.381062471689916
COBYLA,Rosenbrock,50,8,3000,43.74968231125561
COBYLA,Rosenbrock,50,8,4000,43.279685365778256
COBYLA,Rosenbrock,50,8,5000,42.79361289903066
COBYLA,Rosenbrock,50,8,6000,42.31497515057635
COBYLA,Rosenbrock,50,8,7000,41.86480925579516
COBYLA,Rosenbrock,50,8,8000,41.42978747090645
COBYLA,Rosenbrock,50,8,9000,40.980677330039434
COBYLA,Rosenbrock,50,8,10000,40.52983990790479
COBYLA,Rosenbrock,50,8,11000,40.10318108487762
COBYLA,Rosenbrock,50,8,12000,39.67775372330418
COBYLA,Rosenbrock,50,8,13000,39.280774179318364
COBYLA,Rosenbrock,50,8,14000,38.85712958936553
COBYLA,Rosenbrock,50,8,15000,38.43026323767793
COBYLA,Rosenbrock,50,8,16000,38.02478037896378
COBYLA,Rosenbrock,50,8,17000,37.626495490896154
COBYLA,Rosenbrock,50,8,18000,37.225149471507144
COBYLA,Rosenbrock,50,8,19000,36.838399015972755
COBYLA,Rosenbrock,50,8,20000,36.43944296858295
COBYLA,Rosenbrock,50,8,21000,36.06193673995006
COBYLA,Rosenbrock,50,8,22000,35.70677903053255
COBYLA,Rosenbrock,50,8,23000,35.3925472822654
COBYLA,Rosenbrock,50,8,24000,35.08146366521635
COBYLA,Rosenbrock,50,8,25000,34.765455419669216
COBYLA,Rosenbrock,50,8,26000,34.44784395833542
COBYLA,Rosenbrock,50,8,27000,34.15079182054092
COBYLA,Rosenbrock,50,8,28000,33.84795159229547
COBYLA,Rosenbrock,50,8,29000,33.54271217398634
COBYLA,Rosenbrock,50,8,30000,33.226046321471465
COBYLA,Rosenbrock,50,8,31000,32.92026592588968
COBYLA,Rosenbrock,50,8,32000,32.60343874598214
COBYLA,Rosenbrock,50,8,33000,32.256051287965896
COBYLA,Rosenbrock,50,8,34000,31.94188599770531
COBYLA,Rosenbrock,50,8,35000,31.62975341016511
COBYLA,Rosenbrock,50,8,36000,31.331863839805923
COBYLA,Rosenbrock,50,8,37000,31.044879555305105
COBYLA,Rosenbrock,50,8,38000,30.73393454894541
COBYLA,Rosenbrock,50,8,39000,30.440044401113838
COBYLA,Rosenbrock,50,8,40000,30.12308418008206
COBYLA,Rosenbrock,50,8,41000,29.8315956289668
COBYLA,Rosenbrock,50,8,42000,29.51474187064883
COBYLA,Rosenbrock,50,8,43000,29.217486561991187
COBYLA,Rosenbrock,50,8,44000,28.928441179716252
COBYLA,Rosenbrock,50,8,45000,28.6356978330282
COBYLA,Rosenbrock,50,8,46000,28.34324049677345
COBYLA,Rosenbrock,50,8,47000,28.05121010525604
COBYLA,Rosenbrock,50,8,48000,27.743555008160364
COBYLA,Rosenbrock,50,8,49000,27.443446100409602
COBYLA,Rosenbrock,50,8,50000,27.14578201997788
COBYLA,Rosenbrock,50,8,51000,26.861256991415537
COBYLA,Rosenbrock,50,8,52000,26.561464676481304
COBYLA,Rosenbrock,50,8,53000,26.271708933810416
COBYLA,Rosenbrock,50,8,54000,25.976757813742097
COBYLA,Rosenbrock,50,8,55000,25.654823081920593
COBYLA,Rosenbrock,50,8,56000,25.342222405273283
COBYLA,Rosenbrock,50,8,57000,25.074894769084683
COBYLA,Rosenbrock,50,8,58000,24.779074208770403
COBYLA,Rosenbrock,50,8,59000,24.49488451784462
COBYLA,Rosenbrock,50,8,60000,24.210542418337752
COBYLA,Rosenbrock,50,8,61000,23.944825306753977
COBYLA,Rosenbrock,50,8,62000,23.625866217701226
COBYLA,Rosenbrock,50,8,63000,23.34471412568485
COBYLA,Rosenbrock,50,8,64000,23.069142794225417
COBYLA,Rosenbrock,50,8,65000,22.781807401213477
COBYLA,Rosenbrock,50,8,66000,22.49595877271091
COBYLA,Rosenbrock,50,8,67000,22.203010571159798
COBYLA,Rosenbrock,50,8,68000,21.93692517741237
COBYLA,Rosenbrock,50,8,69000,21.639741078382688
COBYLA,Rosenbrock,50,8,70000,21.34768196134481
COBYLA,Rosenbrock,50,8,71000,21.073396473456945
COBYLA,Rosenbrock,50,8,72000,20.805522885054224
COBYLA,Rosenbrock,50,8,73000,20.52993426890163
COBYLA,Rosenbrock,50,8,74000,20.260382251438013
COBYLA,Rosenbrock,50,8,75000,19.98512153526925
COBYLA,Rosenbrock,50,8,76000,19.688842922612167
COBYLA,Rosenbrock,50,8,77000,19.4159969934816
COBYLA,Rosenbrock,50,8,78000,19.149936151008472
COBYLA,Rosenbrock,50,8,79000,18.89065648130139
COBYLA,Rosenbrock,50,8,80000,18.619541674127287
COBYLA,Rosenbrock,50,8,81000,18.34375827370118
COBYLA,Rosenbrock,50,8,82000,18.071463318066396
COBYLA,Rosenbrock,50,8,83000,17.80682123460855
COBYLA,Rosenbrock,50,8,84000,17.55619301914828
COBYLA,Rosenbrock,50,8,85000,17.297444388884987
COBYLA,Rosenbrock,50,8,86000,17.02956201513529
COBYLA,Rosenbrock,50,8,87000,16.769632287255842
COBYLA,Rosenbrock,50,8,88000,16.515523580840966
COBYLA,Rosenbrock,50,8,89000,16.253262552135222
COBYLA,Rosenbrock,50,8,90000,15.995111220581776
COBYLA,Rosenbrock,50,8,91000,15.761100059526985
COBYLA,Rosenbrock,50,8,92000,15.504073944295252
COBYLA,Rosenbrock,50,8,93000,15.270176449374926
COBYLA,Rosenbrock,50,8,94000,15.020855587205345
COBYLA,Rosenbrock,50,8,95000,14.781438346406778
COBYLA,Rosenbrock,50,8,96000,14.540845796726396
COBYLA,Rosenbrock,50,8,97000,14.297638072671718
COBYLA,Rosenbrock,50,8,98000,14.047736964608085
COBYLA,Rosenbrock,50,8,99000,13.803132660933445
COBYLA,Rosenbrock,50,8,100000,13.553915538164029
COBYLA,Rosenbrock,50,8,101000,13.301008563838575
COBYLA,Rosenbrock,50,8,102000,13.05310537335847
COBYLA,Rosenbrock,50,8,103000,12.817244450357776
COBYLA,Rosenbrock,50,8,104000,12.591070695740134
COBYLA,Rosenbrock,50,8,105000,12.360384527157768
COBYLA,Rosenbrock,50,8,106000,12.124941061636848
COBYLA,Rosenbrock,50,8,107000,11.900156595038139
COBYLA,Rosenbrock,50,8,108000,11.65589023392811
COBYLA,Rosenbrock,50,8,109000,11.443215455648685
COBYLA,Rosenbrock,50,8,110000,11.214813757650125
COBYLA,Rosenbrock,50,8,111000,11.003555378382183
COBYLA,Rosenbrock,50,8,112000,10.767516198061333
COBYLA,Rosenbrock,50,8,113000,10.528351274558245
COBYLA,Rosenbrock,50,8,114000,10.285618574465511
COBYLA,Rosenbrock,50,8,115000,10.066049344260719
COBYLA,Rosenbrock,50,8,116000,9.844706093469268
COBYLA,Rosenbrock,50,8,117000,9.610171895507687
COBYLA,Rosenbrock,50,8,118000,9.389670535031666
COBYLA,Rosenbrock,50,8,119000,9.155552978634853
COBYLA,Rosenbrock,50,8,120000,8.929199235105203
COBYLA,Rosenbrock,50,8,121000,8.719867113862168
COBYLA,Rosenbrock,50,8,122000,8.503671318583411
COBYLA,Rosenbrock,50,8,123000,8.273363131386763
COBYLA,Rosenbrock,50,8,124000,8.049229802649528
COBYLA,Rosenbrock,50,8,125000,7.82364589260273
COBYLA,Rosenbrock,50,8,126000,7.618657554234701
COBYLA,Rosenbrock,50,8,127000,7.400559663606187
COBYLA,Rosenbrock,50,8,128000,7.179380673142978
COBYLA,Rosenbrock,50,8,129000,6.962514987977168
COBYLA,Rosenbrock,50,8,130000,6.724769907573423
COBYLA,Rosenbrock,50,8,131000,6.50616662612198
COBYLA,Rosenbrock,50,8,132000,6.275413674954333
COBYLA,Rosenbrock,50,8,133000,6.063025353238611
COBYLA,Rosenbrock,50,8,134000,5.8399693227852785
COBYLA,Rosenbrock,50,8,135000,5.6113741892410225
COBYLA,Rosenbrock,50,8,136000,5.380343741557468
COBYLA,Rosenbrock,50,8,137000,5.170555234979121
COBYLA,Rosenbrock,50,8,138000,4.960761681449793
COBYLA,Rosenbrock,50,8,139000,4.758690349550972
COBYLA,Rosenbrock,50,8,140000,4.566060978694325
COBYLA,Rosenbrock,50,8,141000,4.368877541956375
COBYLA,Rosenbrock,50,8,142000,4.160641694839278
COBYLA,Rosenbrock,50,8,143000,3.9531878731152563
COBYLA,Rosenbrock,50,8,144000,3.7478526139373733
COBYLA,Rosenbrock,50,8,145000,3.551107640689435
COBYLA,Rosenbrock,50,8,146000,3.345632970044023
COBYLA,Rosenbrock,50,8,147000,3.1299401321209595
COBYLA,Rosenbrock,50,8,148000,2.931795984405995
COBYLA,Rosenbrock,50,8,149000,2.7376579410710646
COBYLA,Rosenbrock,50,8,150000,2.537155144125685
COBYLA,Rosenbrock,50,8,151000,2.3391613010881853
COBYLA,Rosenbrock,50,8,152000,2.122601987800058
COBYLA,Rosenbrock,50,8,153000,1.9138632172676773
COBYLA,Rosenbrock,50,8,154000,1.7092297047191907
COBYLA,Rosenbrock,50,8,155000,1.51399238416721
COBYLA,Rosenbrock,50,8,156000,1.3292473223519727
COBYLA,Rosenbrock,50,8,157000,1.1631399466682906
COBYLA,Rosenbrock,50,8,158000,1.0212120828556919
COBYLA,Rosenbrock,50,8,159000,0.8926467617810658
COBYLA,Rosenbrock,50,8,160000,0.7919568801857859
COBYLA,Rosenbrock,50,8,161000,0.7030076470852268
COBYLA,Rosenbrock,50,8,162000,0.6303105818429089
COBYLA,Rosenbrock,50,8,163000,0.5665014153388729
COBYLA,Rosenbrock,50,8,164000,0.5106074765989815
COBYLA,Rosenbrock,50,8,165000,0.46874575498398047
COBYLA,Rosenbrock,50,8,166000,0.42735868386928466
COBYLA,Rosenbrock,50,8,167000,0.3867711485894687
COBYLA,Rosenbrock,50,8,168000,0.3527135374689927
COBYLA,Rosenbrock,50,8,169000,0.32012755308825375
COBYLA,Rosenbrock,50,8,170000,0.2943051866722481
COBYLA,Rosenbrock,50,8,171000,0.27090186758883805
COBYLA,Rosenbrock,50,8,172000,0.2518638051261221
COBYLA,Rosenbrock,50,8,173000,0.234726472913451
COBYLA,Rosenbrock,50,8,174000,0.21918480880486413
COBYLA,Rosenbrock,50,8,175000,0.2043330437867193
COBYLA,Rosenbrock,50,8,176000,0.1906473890804931
COBYLA,Rosenbrock,50,8,177000,0.1787260701050346
COBYLA,Rosenbrock,50,8,178000,0.16867685771321433
COBYLA,Rosenbrock,50,8,179000,0.15793086374683865
COBYLA,Rosenbrock,50,8,180000,0.14774398001953637
COBYLA,Rosenbrock,50,8,181000,0.13791284536760962
COBYLA,Rosenbrock,50,8,182000,0.1287667368568252
COBYLA,Rosenbrock,50,8,183000,0.1201021027081123
COBYLA,Rosenbrock,50,8,184000,0.11254965374170434
COBYLA,Rosenbrock,50,8,185000,0.10551128001361589
COBYLA,Rosenbrock,50,8,186000,0.09947436851489279
COBYLA,Rosenbrock,50,8,187000,0.09364352156541443
COBYLA,Rosenbrock,50,8,188000,0.08850099066020484
COBYLA,Rosenbrock,50,8,189000,0.08352713287330607
COBYLA,Rosenbrock,50,8,190000,0.07918720935744823
COBYLA,Rosenbrock,50,8,191000,0.07528738301274077
COBYLA,Rosenbrock,50,8,192000,0.07162945312490507
COBYLA,Rosenbrock,50,8,193000,0.06813673344987779
COBYLA,Rosenbrock,50,8,194000,0.06490662722640361
COBYLA,Rosenbrock,50,8,195000,0.06184469300553621
COBYLA,Rosenbrock,50,8,196000,0.05876667090673604
COBYLA,Rosenbrock,50,8,197000,0.05592295013465993
COBYLA,Rosenbrock,50,8,198000,0.0531093220775519
COBYLA,Rosenbrock,50,8,199000,0.05042702440921776
COBYLA,Rosenbrock,50,8,200000,0.04793928118700258
COBYLA,Rosenbrock,50,8,201000,0.0456163652525277
COBYLA,Rosenbrock,50,8,202000,0.04336116054839005
COBYLA,Rosenbrock,50,8,203000,0.04120669906717142
COBYLA,Rosenbrock,50,8,204000,0.039215062124097505
COBYLA,Rosenbrock,50,8,205000,0.03737652982041406
COBYLA,Rosenbrock,50,8,206000,0.03556460500757337
COBYLA,Rosenbrock,50,8,207000,0.03385028790016846
COBYLA,Rosenbrock,50,8,208000,0.032201217042888274
COBYLA,Rosenbrock,50,8,209000,0.030707561357409922
COBYLA,Rosenbrock,50,8,210000,0.029252953783335128
COBYLA,Rosenbrock,50,8,211000,0.027881104803930336
COBYLA,Rosenbrock,50,8,212000,0.026525066632585456
COBYLA,Rosenbrock,50,8,213000,0.025323811202346596
COBYLA,Rosenbrock,50,8,214000,0.02419400175207831
COBYLA,Rosenbrock,50,8,215000,0.023106042464010698
COBYLA,Rosenbrock,50,8,216000,0.022112399099596086
COBYLA,Rosenbrock,50,8,217000,0.02109339055416961
COBYLA,Rosenbrock,50,8,218000,0.020196486578376714
COBYLA,Rosenbrock,50,8,219000,0.019363381031291916
COBYLA,Rosenbrock,50,8,220000,0.01857602108442609
COBYLA,Rosenbrock,50,8,221000,0.017882847158212763
COBYLA,Rosenbrock,50,8,222000,0.01707051261523127
COBYLA,Rosenbrock,50,8,223000,0.01638693005296176
COBYLA,Rosenbrock,50,8,224000,0.01574071897105236
COBYLA,Rosenbrock,50,8,225000,0.015099817942087247
COBYLA,Rosenbrock,50,8,226000,0.01454432009365615
COBYLA,Rosenbrock,50,8,227000,0.014015742948000733
COBYLA,Rosenbrock,50,8,228000,0.013479470317877367
COBYLA,Rosenbrock,50,8,229000,0.012938279847120066
COBYLA,Rosenbrock,50,8,230000,0.012454817298701144
COBYLA,Rosenbrock,50,8,231000,0.011968170832562713
COBYLA,Rosenbrock,50,8,232000,0.011505254858462556
COBYLA,Rosenbrock,50,8,233000,0.011096164601129598
COBYLA,Rosenbrock,50,8,234000,0.010698285010838155
COBYLA,Rosenbrock,50,8,235000,0.010323636449791968
COBYLA,Rosenbrock,50,8,236000,0.009950654741796313
COBYLA,Rosenbrock,50,8,237000,0.009603169801749436
COBYLA,Rosenbrock,50,9,1000,365.4263844517602
COBYLA,Rosenbrock,50,9,2000,99.50170619280522
COBYLA,Rosenbrock,50,9,3000,98.66618449398861
COBYLA,Rosenbrock,50,9,4000,97.8675455175766
COBYLA,Rosenbrock,50,9,5000,97.0188723678069
COBYLA,Rosenbrock,50,9,6000,96.00467612300493
COBYLA,Rosenbrock,50,9,7000,95.04853494735531
COBYLA,Rosenbrock,50,9,8000,94.26569562689589
COBYLA,Rosenbrock,50,9,9000,93.48155280646259
COBYLA,Rosenbrock,50,9,10000,92.69961684833729
COBYLA,Rosenbrock,50,9,11000,91.71623914730564
COBYLA,Rosenbrock,50,9,12000,90.65315968536757
COBYLA,Rosenbrock,50,9,13000,89.88186726202557
COBYLA,Rosenbrock,50,9,14000,89.13719139722183
COBYLA,Rosenbrock,50,9,15000,88.450601056862
COBYLA,Rosenbrock,50,9,16000,87.55309409756961
COBYLA,Rosenbrock,50,9,17000,86.5054682886826
COBYLA,Rosenbrock,50,9,18000,85.78499103958748
COBYLA,Rosenbrock,50,9,19000,85.09087019300232
COBYLA,Rosenbrock,50,9,20000,84.38359623554452
COBYLA,Rosenbrock,50,9,21000,83.7487239226197
COBYLA,Rosenbrock,50,9,22000,83.03773319624914
COBYLA,Rosenbrock,50,9,23000,82.1711610190163
COBYLA,Rosenbrock,50,9,24000,81.26628897331469
COBYLA,Rosenbrock,50,9,25000,80.6691216017502
COBYLA,Rosenbrock,50,9,26000,80.08555908809788
COBYLA,Rosenbrock,50,9,27000,79.46712519057529
COBYLA,Rosenbrock,50,9,28000,78.8309088195614
COBYLA,Rosenbrock,50,9,29000,78.02690459882047
COBYLA,Rosenbrock,50,9,30000,77.0726071205518
COBYLA,Rosenbrock,50,9,31000,76.43888024905031
COBYLA,Rosenbrock,50,9,32000,75.87868040520688
COBYLA,Rosenbrock,50,9,33000,75.2965846211156
COBYLA,Rosenbrock,50,9,34000,74.49864504698195
COBYLA,Rosenbrock,50,9,35000,68.8700566158697
COBYLA,Rosenbrock,50,9,36000,7.821618041887122
COBYLA,Rosenbrock,50,9,37000,7.290651106732231
COBYLA,Rosenbrock,50,9,38000,7.060539230841056
COBYLA,Rosenbrock,50,9,39000,6.855498455705251
COBYLA,Rosenbrock,50,9,40000,6.635700015763822
COBYLA,Rosenbrock,50,9,41000,6.4340180372995945
COBYLA,Rosenbrock,50,9,42000,6.237795955483849
COBYLA,Rosenbrock,50,9,43000,6.009619012724719
COBYLA,Rosenbrock,50,9,44000,5.804313340168562
COBYLA,Rosenbrock,50,9,45000,5.581228671534922
COBYLA,Rosenbrock,50,9,46000,5.371570411458792
COBYLA,Rosenbrock,50,9,47000,5.1620325147853885
COBYLA,Rosenbrock,50,9,48000,4.971805722064026
COBYLA,Rosenbrock,50,9,49000,4.751076336992455
COBYLA,Rosenbrock,50,9,50000,4.52522719132255
COBYLA,Rosenbrock,50,9,51000,4.316907578453373
COBYLA,Rosenbrock,50,9,52000,4.107799949878742
COBYLA,Rosenbrock,50,9,53000,3.8920545218635394
COBYLA,Rosenbrock,50,9,54000,3.7038795267251388
COBYLA,Rosenbrock,50,9,55000,3.501030870249097
COBYLA,Rosenbrock,50,9,56000,3.310055574434209
COBYLA,Rosenbrock,50,9,57000,3.1111254548816674
COBYLA,Rosenbrock,50,9,58000,2.9080267735467387
COBYLA,Rosenbrock,50,9,59000,2.680036875631287
COBYLA,Rosenbrock,50,9,60000,2.4861055490451793
COBYLA,Rosenbrock,50,9,61000,2.2785316833056912
COBYLA,Rosenbrock,50,9,62000,2.075213239738689
COBYLA,Rosenbrock,50,9,63000,1.8832607033559952
COBYLA,Rosenbrock,50,9,64000,1.6934959967364858
COBYLA,Rosenbrock,50,9,65000,1.5315179400324397
COBYLA,Rosenbrock,50,9,66000,1.3822545956760786
COBYLA,Rosenbrock,50,9,67000,1.2352054297278785
COBYLA,Rosenbrock,50,9,68000,1.1198244016040564
COBYLA,Rosenbrock,50,9,69000,0.984029489282203
COBYLA,Rosenbrock,50,9,70000,0.8674502295243114
COBYLA,Rosenbrock,50,9,71000,0.7623744332036206
COBYLA,Rosenbrock,50,9,72000,0.6740869151868085
COBYLA,Rosenbrock,50,9,73000,0.6048216056292747
COBYLA,Rosenbrock,50,9,74000,0.546488211953496
COBYLA,Rosenbrock,50,9,75000,0.4995033391475361
COBYLA,Rosenbrock,50,9,76000,0.4581183914229927
COBYLA,Rosenbrock,50,9,77000,0.4182517728039369
COBYLA,Rosenbrock,50,9,78000,0.3814864668080057
COBYLA,Rosenbrock,50,9,79000,0.34732482666348413
COBYLA,Rosenbrock,50,9,80000,0.3189086752692747
COBYLA,Rosenbrock,50,9,81000,0.2929303761557569
COBYLA,Rosenbrock,50,9,82000,0.2697143668464255
COBYLA,Rosenbrock,50,9,83000,0.24825104301827544
COBYLA,Rosenbrock,50,9,84000,0.231512328705079
COBYLA,Rosenbrock,50,9,85000,0.21600050552227934
COBYLA,Rosenbrock,50,9,86000,0.20165094413277773
COBYLA,Rosenbrock,50,9,87000,0.19026596425924458
COBYLA,Rosenbrock,50,9,88000,0.17755612281734176
COBYLA,Rosenbrock,50,9,89000,0.16573740375850562
COBYLA,Rosenbrock,50,9,90000,0.15521013586389676
COBYLA,Rosenbrock,50,9,91000,0.14519530247921686
COBYLA,Rosenbrock,50,9,92000,0.13540086214083702
COBYLA,Rosenbrock,50,9,93000,0.12688588108095247
COBYLA,Rosenbrock,50,9,94000,0.11928479897472821
COBYLA,Rosenbrock,50,9,95000,0.1118126467966082
COBYLA,Rosenbrock,50,9,96000,0.1051099747546266
COBYLA,Rosenbrock,50,9,97000,0.09908278459292984
COBYLA,Rosenbrock,50,9,98000,0.09405779381871197
COBYLA,Rosenbrock,50,9,99000,0.08914413979089836
COBYLA,Rosenbrock,50,9,100000,0.08499079981533741
COBYLA,Rosenbrock,50,9,101000,0.08082443038402504
COBYLA,Rosenbrock,50,9,102000,0.07672117125711334
COBYLA,Rosenbrock,50,9,103000,0.07276352102593867
COBYLA,Rosenbrock,50,9,104000,0.0694044223186781
COBYLA,Rosenbrock,50,9,105000,0.06592981959411626
COBYLA,Rosenbrock,50,9,106000,0.06312408413850361
COBYLA,Rosenbrock,50,9,107000,0.06040807838532386
COBYLA,Rosenbrock,50,9,108000,0.057570682643663176
COBYLA,Rosenbrock,50,9,109000,0.05472924772465007
COBYLA,Rosenbrock,50,9,110000,0.05206741941069643
COBYLA,Rosenbrock,50,9,111000,0.04947850832437999
COBYLA,Rosenbrock,50,9,112000,0.047163633789651105
COBYLA,Rosenbrock,50,9,113000,0.04489442741155515
COBYLA,Rosenbrock,50,9,114000,0.04272832383324681
COBYLA,Rosenbrock,50,9,115000,0.04070493203030211
COBYLA,Rosenbrock,50,9,116000,0.03876383045886919
COBYLA,Rosenbrock,50,9,117000,0.036895412836921285
COBYLA,Rosenbrock,50,9,118000,0.03518564327912804
COBYLA,Rosenbrock,50,9,119000,0.03356325556611575
COBYLA,Rosenbrock,50,9,120000,0.031900204339898666
COBYLA,Rosenbrock,50,9,121000,0.03048897585881865
COBYLA,Rosenbrock,50,9,122000,0.029112470745955306
COBYLA,Rosenbrock,50,9,123000,0.027811615859160803
COBYLA,Rosenbrock,50,9,124000,0.026541033296846196
COBYLA,Rosenbrock,50,9,125000,0.025320189533136476
COBYLA,Rosenbrock,50,9,126000,0.024108761056924097
COBYLA,Rosenbrock,50,9,127000,0.0229511085473973
COBYLA,Rosenbrock,50,9,128000,0.02194736445574268
COBYLA,Rosenbrock,50,9,129000,0.020918234472737773
COBYLA,Rosenbrock,50,9,130000,0.020114568726010203
COBYLA,Rosenbrock,50,9,131000,0.01928739460174672
COBYLA,Rosenbrock,50,9,132000,0.01854474465870535
COBYLA,Rosenbrock,50,9,133000,0.01787043805106517
COBYLA,Rosenbrock,50,9,134000,0.01718810426168482
COBYLA,Rosenbrock,50,9,135000,0.01654741524690096
COBYLA,Rosenbrock,50,9,136000,0.01586220609484513
COBYLA,Rosenbrock,50,9,137000,0.015210521698410275
COBYLA,Rosenbrock,50,9,138000,0.01462920550887465
COBYLA,Rosenbrock,50,9,139000,0.014001561698464072
COBYLA,Rosenbrock,50,9,140000,0.01343293834765113
COBYLA,Rosenbrock,50,9,141000,0.012931915906088252
COBYLA,Rosenbrock,50,9,142000,0.01246771664213656
COBYLA,Rosenbrock,50,9,143000,0.012001094079380315
COBYLA,Rosenbrock,50,6,1000,937.5948252566809
COBYLA,Rosenbrock,50,6,2000,397.01446151943145
COBYLA,Rosenbrock,50,6,3000,320.1109824924795
COBYLA,Rosenbrock,50,6,4000,279.501562861153
COBYLA,Rosenbrock,50,6,5000,261.40449442118296
COBYLA,Rosenbrock,50,6,6000,258.63264367789833
COBYLA,Rosenbrock,50,6,7000,258.3522161632126
COBYLA,Rosenbrock,50,6,8000,258.2153072910572
COBYLA,Rosenbrock,50,6,9000,258.074218790929
COBYLA,Rosenbrock,50,6,10000,257.9368815788789
COBYLA,Rosenbrock,50,6,11000,257.80862365136284
COBYLA,Rosenbrock,50,6,12000,257.6728136331115
COBYLA,Rosenbrock,50,6,13000,257.56033070096504
COBYLA,Rosenbrock,50,6,14000,257.44036388963667
COBYLA,Rosenbrock,50,6,15000,257.31358277568216
COBYLA,Rosenbrock,50,6,16000,257.1664147569012
COBYLA,Rosenbrock,50,6,17000,257.0089087213981
COBYLA,Rosenbrock,50,6,18000,256.88534971850476
COBYLA,Rosenbrock,50,6,19000,256.74963996077827
COBYLA,Rosenbrock,50,6,20000,256.63356363487475
COBYLA,Rosenbrock,50,6,21000,256.51806615383157
COBYLA,Rosenbrock,50,6,22000,256.3482826638192
COBYLA,Rosenbrock,50,6,23000,256.2073371110372
COBYLA,Rosenbrock,50,6,24000,256.0557954382825
COBYLA,Rosenbrock,50,6,25000,255.9001810833025
COBYLA,Rosenbrock,50,6,26000,255.73731262408373
COBYLA,Rosenbrock,50,6,27000,255.59643315683124
COBYLA,Rosenbrock,50,6,28000,255.4428489713685
COBYLA,Rosenbrock,50,6,29000,255.3068985946898
COBYLA,Rosenbrock,50,6,30000,255.16819414602315
COBYLA,Rosenbrock,50,6,31000,255.00782054318762
COBYLA,Rosenbrock,50,6,32000,254.85784976818317
COBYLA,Rosenbrock,50,6,33000,254.7548180125765
COBYLA,Rosenbrock,50,6,34000,254.64559486215165
COBYLA,Rosenbrock,50,6,35000,254.52193963195091
COBYLA,Rosenbrock,50,6,36000,254.40944307760486
COBYLA,Rosenbrock,50,6,37000,254.30704340483254
COBYLA,Rosenbrock,50,6,38000,254.19527149967413
COBYLA,Rosenbrock,50,6,39000,254.08710008698412
COBYLA,Rosenbrock,50,6,40000,253.97064390070375
COBYLA,Rosenbrock,50,6,41000,253.86735166049243
COBYLA,Rosenbrock,50,6,42000,253.74095746440537
COBYLA,Rosenbrock,50,6,43000,253.6194265081022
COBYLA,Rosenbrock,50,6,44000,253.52245290075248
COBYLA,Rosenbrock,50,6,45000,253.4104674986366
COBYLA,Rosenbrock,50,6,46000,253.28806004158747
COBYLA,Rosenbrock,50,6,47000,253.18554395780652
COBYLA,Rosenbrock,50,6,48000,253.07737179731555
COBYLA,Rosenbrock,50,6,49000,252.97154736004413
COBYLA,Rosenbrock,50,6,50000,252.86943157366292
COBYLA,Rosenbrock,50,6,51000,252.76700568899682
COBYLA,Rosenbrock,50,6,52000,252.6582712989637
COBYLA,Rosenbrock,50,6,53000,252.55572477392982
COBYLA,Rosenbrock,50,6,54000,252.44652832553527
COBYLA,Rosenbrock,50,6,55000,252.3350150315921
COBYLA,Rosenbrock,50,6,56000,252.21074943212324
COBYLA,Rosenbrock,50,6,57000,252.11247692665168
COBYLA,Rosenbrock,50,6,58000,252.00772675200835
COBYLA,Rosenbrock,50,6,59000,251.8933084204744
COBYLA,Rosenbrock,50,6,60000,251.7692368581578
COBYLA,Rosenbrock,50,6,61000,251.66968526814992
COBYLA,Rosenbrock,50,6,62000,251.56539097298645
COBYLA,Rosenbrock,50,6,63000,251.45146214380716
COBYLA,Rosenbrock,50,6,64000,251.34778114511116
COBYLA,Rosenbrock,50,6,65000,251.24136779162006
COBYLA,Rosenbrock,50,6,66000,251.14014152744633
COBYLA,Rosenbrock,50,6,67000,251.03465037466378
COBYLA,Rosenbrock,50,6,68000,250.9178293995978
COBYLA,Rosenbrock,50,6,69000,250.76943675891565
COBYLA,Rosenbrock,50,6,70000,250.66273597908642
COBYLA,Rosenbrock,50,6,71000,250.55658231290923
COBYLA,Rosenbrock,50,6,72000,250.42574501573955
COBYLA,Rosenbrock,50,6,73000,250.31429898279103
COBYLA,Rosenbrock,50,6,74000,250.21050126223668
COBYLA,Rosenbrock,50,6,75000,250.0885436817016
COBYLA,Rosenbrock,50,6,76000,249.9867377847007
COBYLA,Rosenbrock,50,6,77000,249.86894069944876
COBYLA,Rosenbrock,50,6,78000,249.75915177694463
COBYLA,Rosenbrock,50,6,79000,249.65232407329117
COBYLA,Rosenbrock,50,6,80000,249.53889042243208
COBYLA,Rosenbrock,50,6,81000,249.42483367026682
COBYLA,Rosenbrock,50,6,82000,249.31870723017053
COBYLA,Rosenbrock,50,6,83000,249.2154033350832
COBYLA,Rosenbrock,50,6,84000,249.10450510986058
COBYLA,Rosenbrock,50,6,85000,248.97721809163966
COBYLA,Rosenbrock,50,6,86000,248.86689227423898
COBYLA,Rosenbrock,50,6,87000,248.75519451903745
COBYLA,Rosenbrock,50,6,88000,248.64019663980227
COBYLA,Rosenbrock,50,6,89000,248.53867064533844
COBYLA,Rosenbrock,50,6,90000,248.42449270180686
COBYLA,Rosenbrock,50,6,91000,248.3082210245022
COBYLA,Rosenbrock,50,6,92000,248.2095665764636
COBYLA,Rosenbrock,50,6,93000,248.10693100187348
COBYLA,Rosenbrock,50,6,94000,248.0010636868092
COBYLA,Rosenbrock,50,6,95000,247.88822582516252
COBYLA,Rosenbrock,50,6,96000,247.76161917113157
COBYLA,Rosenbrock,50,6,97000,247.65275742198781
COBYLA,Rosenbrock,50,6,98000,247.51667982096228
COBYLA,Rosenbrock,50,6,99000,247.34357965747847
COBYLA,Rosenbrock,50,6,100000,247.23636067388153
COBYLA,Rosenbrock,50,6,101000,247.11647008782944
COBYLA,Rosenbrock,50,6,102000,246.9989208091686
COBYLA,Rosenbrock,50,6,103000,246.88391482365452
COBYLA,Rosenbrock,50,6,104000,246.77819440119674
COBYLA,Rosenbrock,50,6,105000,246.67245155056142
COBYLA,Rosenbrock,50,6,106000,246.54292555502636
COBYLA,Rosenbrock,50,6,107000,246.42891773045378
COBYLA,Rosenbrock,50,6,108000,246.30947770747338
COBYLA,Rosenbrock,50,6,109000,246.13964785169452
COBYLA,Rosenbrock,50,6,110000,246.02608634128677
COBYLA,Rosenbrock,50,6,111000,245.90831819619072
COBYLA,Rosenbrock,50,6,112000,245.79904969825316
COBYLA,Rosenbrock,50,6,113000,245.68032694757244
COBYLA,Rosenbrock,50,6,114000,245.54801612589893
COBYLA,Rosenbrock,50,6,115000,245.41604656007536
COBYLA,Rosenbrock,50,6,116000,245.30049411919666
COBYLA,Rosenbrock,50,6,117000,245.18039798636173
COBYLA,Rosenbrock,50,6,118000,245.0525711287614
COBYLA,Rosenbrock,50,6,119000,244.93320056767755
COBYLA,Rosenbrock,50,6,120000,244.82208321347244
COBYLA,Rosenbrock,50,6,121000,244.70248956158937
COBYLA,Rosenbrock,50,6,122000,244.58867801128062
COBYLA,Rosenbrock,50,6,123000,244.4638011146868
COBYLA,Rosenbrock,50,6,124000,244.3400098184663
COBYLA,Rosenbrock,50,6,125000,244.22601045434854
COBYLA,Rosenbrock,50,6,126000,244.10537596457866
COBYLA,Rosenbrock,50,6,127000,243.9931398334624
COBYLA,Rosenbrock,50,6,128000,243.87849019692416
COBYLA,Rosenbrock,50,6,129000,243.74027058351197
COBYLA,Rosenbrock,50,6,130000,243.61776172444618
COBYLA,Rosenbrock,50,6,131000,243.50171668789653
COBYLA,Rosenbrock,50,6,132000,243.38628477188217
COBYLA,Rosenbrock,50,6,133000,243.2727206799604
COBYLA,Rosenbrock,50,6,134000,243.15837379857996
COBYLA,Rosenbrock,50,6,135000,243.03377977623978
COBYLA,Rosenbrock,50,6,136000,242.9210513183045
COBYLA,Rosenbrock,50,6,137000,242.78149887690122
COBYLA,Rosenbrock,50,6,138000,242.65041698829765
COBYLA,Rosenbrock,50,6,139000,242.5242416861155
COBYLA,Rosenbrock,50,6,140000,242.4148602663783
COBYLA,Rosenbrock,50,6,141000,242.26066111035706
COBYLA,Rosenbrock,50,6,142000,242.14983644224714
COBYLA,Rosenbrock,50,6,143000,242.00343298050257
COBYLA,Rosenbrock,50,6,144000,241.88157736217696
COBYLA,Rosenbrock,50,6,145000,241.76161839127607
COBYLA,Rosenbrock,50,6,146000,241.6335254050065
COBYLA,Rosenbrock,50,6,147000,241.5154933820776
COBYLA,Rosenbrock,50,6,148000,241.39195866382988
COBYLA,Rosenbrock,50,6,149000,241.276609816339
COBYLA,Rosenbrock,50,6,150000,241.14879768959935
COBYLA,Rosenbrock,50,6,151000,241.0056653794565
COBYLA,Rosenbrock,50,6,152000,240.90131046430616
COBYLA,Rosenbrock,50,6,153000,240.7839557123427
COBYLA,Rosenbrock,50,6,154000,240.66455915533533
COBYLA,Rosenbrock,50,6,155000,240.55311476010732
COBYLA,Rosenbrock,50,6,156000,240.42175976941274
COBYLA,Rosenbrock,50,6,157000,240.27242647745305
COBYLA,Rosenbrock,50,6,158000,240.16227164035337
COBYLA,Rosenbrock,50,6,159000,240.04879518699923
COBYLA,Rosenbrock,50,6,160000,239.9356626981302
COBYLA,Rosenbrock,50,6,161000,239.81280719771658
COBYLA,Rosenbrock,50,6,162000,239.67804091839176
COBYLA,Rosenbrock,50,6,163000,239.5458056686017
COBYLA,Rosenbrock,50,6,164000,239.42330405454177
COBYLA,Rosenbrock,50,6,165000,239.3083834343296
COBYLA,Rosenbrock,50,6,166000,239.17854312387036
COBYLA,Rosenbrock,50,6,167000,239.04580369471097
COBYLA,Rosenbrock,50,6,168000,238.9285520698541
COBYLA,Rosenbrock,50,6,169000,238.78300143807263
COBYLA,Rosenbrock,50,6,170000,238.65127523953743
COBYLA,Rosenbrock,50,6,171000,238.52244138582805
COBYLA,Rosenbrock,50,6,172000,238.40523557902313
COBYLA,Rosenbrock,50,6,173000,238.28165855141975
COBYLA,Rosenbrock,50,6,174000,238.16585072683225
COBYLA,Rosenbrock,50,6,175000,238.02949681458736
COBYLA,Rosenbrock,50,6,176000,237.9098282980185
COBYLA,Rosenbrock,50,6,177000,237.7897051775777
COBYLA,Rosenbrock,50,6,178000,237.6271270991549
COBYLA,Rosenbrock,50,6,179000,237.50443796275698
COBYLA,Rosenbrock,50,6,180000,237.38179674355806
COBYLA,Rosenbrock,50,6,181000,237.25094831195855
COBYLA,Rosenbrock,50,6,182000,237.1060069997406
COBYLA,Rosenbrock,50,6,183000,236.98227507221085
COBYLA,Rosenbrock,50,6,184000,236.836894474676
COBYLA,Rosenbrock,50,6,185000,236.70934546666848
COBYLA,Rosenbrock,50,6,186000,236.5776188946525
COBYLA,Rosenbrock,50,6,187000,236.45905044532958
COBYLA,Rosenbrock,50,6,188000,236.33511301096343
COBYLA,Rosenbrock,50,6,189000,236.15012477543812
COBYLA,Rosenbrock,50,6,190000,236.01262933298455
COBYLA,Rosenbrock,50,6,191000,235.89846310895737
COBYLA,Rosenbrock,50,6,192000,235.75896069404112
COBYLA,Rosenbrock,50,6,193000,235.6272678005993
COBYLA,Rosenbrock,50,6,194000,235.5044501730403
COBYLA,Rosenbrock,50,6,195000,235.3064244183556
COBYLA,Rosenbrock,50,6,196000,235.1262431901531
COBYLA,Rosenbrock,50,6,197000,235.0098399061302
COBYLA,Rosenbrock,50,6,198000,234.86152272181064
COBYLA,Rosenbrock,50,6,199000,234.73379670898123
COBYLA,Rosenbrock,50,6,200000,234.61110514418277
COBYLA,Rosenbrock,50,6,201000,234.47487392223763
COBYLA,Rosenbrock,50,6,202000,234.32680559426012
COBYLA,Rosenbrock,50,6,203000,234.20700399731547
COBYLA,Rosenbrock,50,6,204000,234.06569220791368
COBYLA,Rosenbrock,50,6,205000,233.9266261500669
COBYLA,Rosenbrock,50,6,206000,233.80132787726248
COBYLA,Rosenbrock,50,6,207000,233.67507616261173
COBYLA,Rosenbrock,50,6,208000,233.5552724858729
COBYLA,Rosenbrock,50,6,209000,233.4059946847998
COBYLA,Rosenbrock,50,6,210000,233.27926263042727
COBYLA,Rosenbrock,50,6,211000,233.15813431327467
COBYLA,Rosenbrock,50,6,212000,233.0120225764852
COBYLA,Rosenbrock,50,6,213000,232.87141944062677
COBYLA,Rosenbrock,50,6,214000,232.72199012133055
COBYLA,Rosenbrock,50,6,215000,232.59434014125907
COBYLA,Rosenbrock,50,6,216000,232.44559097181002
COBYLA,Rosenbrock,50,6,217000,232.31193300868458
COBYLA,Rosenbrock,50,6,218000,232.10767240963318
COBYLA,Rosenbrock,50,6,219000,231.9629199894848
COBYLA,Rosenbrock,50,6,220000,231.83054046943178
COBYLA,Rosenbrock,50,6,221000,231.7083630954722
COBYLA,Rosenbrock,50,6,222000,231.57650574324998
COBYLA,Rosenbrock,50,6,223000,231.41683250492713
COBYLA,Rosenbrock,50,6,224000,231.28633042590045
COBYLA,Rosenbrock,50,6,225000,231.14850073381277
COBYLA,Rosenbrock,50,6,226000,231.01984523970737
COBYLA,Rosenbrock,50,6,227000,230.87733354115457
COBYLA,Rosenbrock,50,6,228000,230.73518057443493
COBYLA,Rosenbrock,50,6,229000,230.57684695313768
COBYLA,Rosenbrock,50,6,230000,230.4315585183009
COBYLA,Rosenbrock,50,6,231000,230.28719904268021
COBYLA,Rosenbrock,50,6,232000,230.13540317226247
COBYLA,Rosenbrock,50,6,233000,230.00507793146085
COBYLA,Rosenbrock,50,6,234000,229.8697248623947
COBYLA,Rosenbrock,50,6,235000,229.7226269306849
COBYLA,Rosenbrock,50,6,236000,229.5771066945799
COBYLA,Rosenbrock,50,6,237000,229.45143467980787
COBYLA,Rosenbrock,50,6,238000,229.32067319062642
COBYLA,Rosenbrock,50,6,239000,229.18544806554203
COBYLA,Rosenbrock,50,6,240000,229.06086454485143
COBYLA,Rosenbrock,50,6,241000,228.91610976469764
COBYLA,Rosenbrock,50,6,242000,228.78688899118552
COBYLA,Rosenbrock,50,6,243000,228.65167210342904
COBYLA,Rosenbrock,50,6,244000,228.50663162589356
COBYLA,Rosenbrock,50,6,245000,228.36567399057984
COBYLA,Rosenbrock,50,6,246000,228.2283432141689
COBYLA,Rosenbrock,50,6,247000,228.07929457852538
COBYLA,Rosenbrock,50,6,248000,227.94066083478458
COBYLA,Rosenbrock,50,6,249000,227.77617006146278
COBYLA,Rosenbrock,50,6,250000,227.61204732072687
COBYLA,Rosenbrock,50,6,251000,227.470830673182
COBYLA,Rosenbrock,50,6,252000,227.30426895686423
COBYLA,Rosenbrock,50,6,253000,227.15088609886237
COBYLA,Rosenbrock,50,6,254000,227.00902635370156
COBYLA,Rosenbrock,50,6,255000,226.85704562265303
COBYLA,Rosenbrock,50,6,256000,226.70906421688684
COBYLA,Rosenbrock,50,6,257000,226.56405143329917
COBYLA,Rosenbrock,50,6,258000,226.41307939421077
COBYLA,Rosenbrock,50,6,259000,226.2605289234179
COBYLA,Rosenbrock,50,6,260000,226.10848954224107
COBYLA,Rosenbrock,50,6,261000,225.9684997687229
COBYLA,Rosenbrock,50,6,262000,225.82053429817415
COBYLA,Rosenbrock,50,6,263000,225.67546801428472
COBYLA,Rosenbrock,50,6,264000,225.53407686030732
COBYLA,Rosenbrock,50,6,265000,225.39554884252524
COBYLA,Rosenbrock,50,6,266000,225.2388253191836
COBYLA,Rosenbrock,50,6,267000,225.03775912548045
COBYLA,Rosenbrock,50,6,268000,224.89819447834358
COBYLA,Rosenbrock,50,6,269000,224.75978727486802
COBYLA,Rosenbrock,50,6,270000,224.6106740350583
COBYLA,Rosenbrock,50,6,271000,224.45204402210808
COBYLA,Rosenbrock,50,6,272000,224.28324059486982
COBYLA,Rosenbrock,50,6,273000,224.08390309088273
COBYLA,Rosenbrock,50,6,274000,223.91871755606974
COBYLA,Rosenbrock,50,6,275000,223.77233520220423
COBYLA,Rosenbrock,50,6,276000,223.61720854785034
COBYLA,Rosenbrock,50,6,277000,223.47426556438487
COBYLA,Rosenbrock,50,6,278000,223.31518164749963
COBYLA,Rosenbrock,50,6,279000,223.1511421176723
COBYLA,Rosenbrock,50,6,280000,223.00105421588808
COBYLA,Rosenbrock,50,6,281000,222.85391830593886
COBYLA,Rosenbrock,50,6,282000,222.71017894700668
COBYLA,Rosenbrock,50,6,283000,222.560077028802
COBYLA,Rosenbrock,50,6,284000,222.40852393058742
COBYLA,Rosenbrock,50,6,285000,222.25092992837293
COBYLA,Rosenbrock,50,6,286000,222.0802038921764
COBYLA,Rosenbrock,50,6,287000,221.91961695805693
COBYLA,Rosenbrock,50,6,288000,221.76023986144662
COBYLA,Rosenbrock,50,6,289000,221.60258372550203
COBYLA,Rosenbrock,50,6,290000,221.43226833111763
COBYLA,Rosenbrock,50,6,291000,221.2636161694757
COBYLA,Rosenbrock,50,6,292000,221.109784400517
COBYLA,Rosenbrock,50,6,293000,220.9308948669438
COBYLA,Rosenbrock,50,6,294000,220.7526398391816
COBYLA,Rosenbrock,50,6,295000,220.60282074733044
COBYLA,Rosenbrock,50,6,296000,220.45498184890982
COBYLA,Rosenbrock,50,6,297000,220.26894386452938
COBYLA,Rosenbrock,50,6,298000,220.10905866215813
COBYLA,Rosenbrock,50,6,299000,219.95389397135338
COBYLA,Rosenbrock,50,6,300000,219.79400463499644
COBYLA,Rosenbrock,50,6,301000,219.64441286757267
COBYLA,Rosenbrock,50,6,302000,219.46918360150357
COBYLA,Rosenbrock,50,6,303000,219.27496635697264
COBYLA,Rosenbrock,50,6,304000,219.11197350987527
COBYLA,Rosenbrock,50,6,305000,218.9189623818419
COBYLA,Rosenbrock,50,6,306000,218.7287562762669
COBYLA,Rosenbrock,50,6,307000,218.56300176986326
COBYLA,Rosenbrock,50,6,308000,218.40624057467207
COBYLA,Rosenbrock,50,6,309000,218.2533202201714
COBYLA,Rosenbrock,50,6,310000,218.09247961362104
COBYLA,Rosenbrock,50,6,311000,217.93251611531952
COBYLA,Rosenbrock,50,6,312000,217.75361973879632
COBYLA,Rosenbrock,50,6,313000,217.59420537052372
COBYLA,Rosenbrock,50,6,314000,217.41709732791958
COBYLA,Rosenbrock,50,6,315000,217.25296162282376
COBYLA,Rosenbrock,50,6,316000,217.06327172722166
COBYLA,Rosenbrock,50,6,317000,216.90028030393734
COBYLA,Rosenbrock,50,6,318000,216.71326668390788
COBYLA,Rosenbrock,50,6,319000,216.53305843281672
COBYLA,Rosenbrock,50,6,320000,216.3465686863686
COBYLA,Rosenbrock,50,6,321000,216.11012789321398
COBYLA,Rosenbrock,50,6,322000,215.9345995472255
COBYLA,Rosenbrock,50,6,323000,215.7602623789865
COBYLA,Rosenbrock,50,6,324000,215.57210845287614
COBYLA,Rosenbrock,50,6,325000,215.34933653910554
COBYLA,Rosenbrock,50,6,326000,215.1826064718036
COBYLA,Rosenbrock,50,6,327000,214.9607928096543
COBYLA,Rosenbrock,50,6,328000,214.76216869984341
COBYLA,Rosenbrock,50,6,329000,214.52183478372467
COBYLA,Rosenbrock,50,6,330000,214.35523075390677
COBYLA,Rosenbrock,50,6,331000,214.1762670037348
COBYLA,Rosenbrock,50,6,332000,213.99683006319628
COBYLA,Rosenbrock,50,6,333000,213.82719552143016
COBYLA,Rosenbrock,50,6,334000,213.629089169916
COBYLA,Rosenbrock,50,6,335000,213.4369923669999
COBYLA,Rosenbrock,50,6,336000,213.2551683152805
COBYLA,Rosenbrock,50,6,337000,213.07606245768366
COBYLA,Rosenbrock,50,6,338000,212.9000341827936
COBYLA,Rosenbrock,50,6,339000,212.70795877244726
COBYLA,Rosenbrock,50,6,340000,212.52609769011968
COBYLA,Rosenbrock,50,6,341000,212.33231013404384
COBYLA,Rosenbrock,50,6,342000,212.13582656780702
COBYLA,Rosenbrock,50,6,343000,211.91351407441675
COBYLA,Rosenbrock,50,6,344000,211.7057941255252
COBYLA,Rosenbrock,50,6,345000,211.52849092511855
COBYLA,Rosenbrock,50,6,346000,211.356901981014
COBYLA,Rosenbrock,50,6,347000,211.17928891318437
COBYLA,Rosenbrock,50,6,348000,211.00455350001764
COBYLA,Rosenbrock,50,6,349000,210.80163466993707
COBYLA,Rosenbrock,50,6,350000,210.6064992406244
COBYLA,Rosenbrock,50,6,351000,210.4220824854874
COBYLA,Rosenbrock,50,6,352000,210.23277289159
COBYLA,Rosenbrock,50,6,353000,209.98832812134665
COBYLA,Rosenbrock,50,6,354000,209.7788779056851
COBYLA,Rosenbrock,50,6,355000,209.58399913582056
COBYLA,Rosenbrock,50,6,356000,209.38934082703437
COBYLA,Rosenbrock,50,6,357000,209.20583743158906
COBYLA,Rosenbrock,50,6,358000,209.01431940428537
COBYLA,Rosenbrock,50,6,359000,208.8140770456926
COBYLA,Rosenbrock,50,6,360000,208.6019989551648
COBYLA,Rosenbrock,50,6,361000,208.40773222054773
COBYLA,Rosenbrock,50,6,362000,208.2185117304242
COBYLA,Rosenbrock,50,6,363000,208.01405087060883
COBYLA,Rosenbrock,50,6,364000,207.82670049929118
COBYLA,Rosenbrock,50,6,365000,207.63586924550302
COBYLA,Rosenbrock,50,6,366000,207.43426417098337
COBYLA,Rosenbrock,50,6,367000,207.2265003261183
COBYLA,Rosenbrock,50,6,368000,207.0264779534861
COBYLA,Rosenbrock,50,6,369000,206.81906493614895
COBYLA,Rosenbrock,50,6,370000,206.60471189296265
COBYLA,Rosenbrock,50,6,371000,206.38996277173328
COBYLA,Rosenbrock,50,6,372000,206.1813306547177
COBYLA,Rosenbrock,50,6,373000,205.97888638983352
COBYLA,Rosenbrock,50,6,374000,205.76048403248888
COBYLA,Rosenbrock,50,6,375000,205.55005184224052
COBYLA,Rosenbrock,50,6,376000,205.31308272673434
COBYLA,Rosenbrock,50,6,377000,205.10297856993463
COBYLA,Rosenbrock,50,6,378000,204.89322687020672
COBYLA,Rosenbrock,50,6,379000,204.61250697258424
COBYLA,Rosenbrock,50,6,380000,204.42093435189406
COBYLA,Rosenbrock,50,6,381000,204.18493641736677
COBYLA,Rosenbrock,50,6,382000,203.97370718673983
COBYLA,Rosenbrock,50,6,383000,203.70471869577122
COBYLA,Rosenbrock,50,6,384000,203.48995545090293
COBYLA,Rosenbrock,50,6,385000,203.27485556719523
COBYLA,Rosenbrock,50,6,386000,203.07159258257047
COBYLA,Rosenbrock,50,6,387000,202.82408466934413
COBYLA,Rosenbrock,50,6,388000,202.59100161574585
COBYLA,Rosenbrock,50,6,389000,202.35634004434408
COBYLA,Rosenbrock,50,6,390000,202.12149441763214
COBYLA,Rosenbrock,50,6,391000,201.91373515300174
COBYLA,Rosenbrock,50,6,392000,201.65938750271104
COBYLA,Rosenbrock,50,6,393000,201.4318348404998
COBYLA,Rosenbrock,50,6,394000,201.18656619517506
COBYLA,Rosenbrock,50,6,395000,200.94526658406687
COBYLA,Rosenbrock,50,6,396000,200.71979441697906
COBYLA,Rosenbrock,50,6,397000,200.48836782717046
COBYLA,Rosenbrock,50,6,398000,200.26549992689166
COBYLA,Rosenbrock,50,6,399000,200.0284012816057
COBYLA,Rosenbrock,50,6,400000,199.7646268894168
COBYLA,Rosenbrock,50,6,401000,199.49876153466943
COBYLA,Rosenbrock,50,6,402000,199.2455401219009
COBYLA,Rosenbrock,50,6,403000,199.00659656888683
COBYLA,Rosenbrock,50,6,404000,198.7569879460105
COBYLA,Rosenbrock,50,6,405000,198.49231392024063
COBYLA,Rosenbrock,50,6,406000,198.26557637764424
COBYLA,Rosenbrock,50,6,407000,198.0009680989539
COBYLA,Rosenbrock,50,6,408000,197.75820933306224
COBYLA,Rosenbrock,50,6,409000,197.52860206987103
COBYLA,Rosenbrock,50,6,410000,197.2799357757537
COBYLA,Rosenbrock,50,6,411000,197.0236865411189
COBYLA,Rosenbrock,50,6,412000,196.7621734202019
COBYLA,Rosenbrock,50,6,413000,196.50796347145337
COBYLA,Rosenbrock,50,6,414000,196.26643776985077
COBYLA,Rosenbrock,50,6,415000,196.02549345683596
COBYLA,Rosenbrock,50,6,416000,195.78536828097253
COBYLA,Rosenbrock,50,6,417000,195.5378085814234
COBYLA,Rosenbrock,50,6,418000,195.29465788498783
COBYLA,Rosenbrock,50,6,419000,195.05304751738169
COBYLA,Rosenbrock,50,6,420000,194.79333762982645
COBYLA,Rosenbrock,50,6,421000,194.5409694980263
COBYLA,Rosenbrock,50,6,422000,194.2759042547703
COBYLA,Rosenbrock,50,6,423000,194.00325776246328
COBYLA,Rosenbrock,50,6,424000,193.69459087051672
COBYLA,Rosenbrock,50,6,425000,193.42463048178183
COBYLA,Rosenbrock,50,6,426000,193.17391456599768
COBYLA,Rosenbrock,50,6,427000,192.92102068455642
COBYLA,Rosenbrock,50,6,428000,192.65069837223913
COBYLA,Rosenbrock,50,6,429000,192.38326831000998
COBYLA,Rosenbrock,50,6,430000,192.10994339289607
COBYLA,Rosenbrock,50,6,431000,191.8418106685724
COBYLA,Rosenbrock,50,6,432000,191.5734836276534
COBYLA,Rosenbrock,50,6,433000,191.30473378062365
COBYLA,Rosenbrock,50,6,434000,191.01009401354858
COBYLA,Rosenbrock,50,6,435000,190.72038173265378
COBYLA,Rosenbrock,50,6,436000,190.44562102716995
COBYLA,Rosenbrock,50,6,437000,190.17954515478826
COBYLA,Rosenbrock,50,6,438000,189.9048994979778
COBYLA,Rosenbrock,50,6,439000,189.63152299313208
COBYLA,Rosenbrock,50,6,440000,189.33269487745378
COBYLA,Rosenbrock,50,6,441000,189.03485532096047
COBYLA,Rosenbrock,50,6,442000,188.74067273180955
COBYLA,Rosenbrock,50,6,443000,188.46608491453827
COBYLA,Rosenbrock,50,6,444000,188.17646476058906
COBYLA,Rosenbrock,50,6,445000,187.86989850184656
COBYLA,Rosenbrock,50,6,446000,187.5966062285052
COBYLA,Rosenbrock,50,6,447000,187.30532682623573
COBYLA,Rosenbrock,50,6,448000,187.00155867409802
COBYLA,Rosenbrock,50,6,449000,186.6593685510748
COBYLA,Rosenbrock,50,6,450000,186.35731776821555
COBYLA,Rosenbrock,50,6,451000,186.0536985725546
COBYLA,Rosenbrock,50,6,452000,185.72043102127446
COBYLA,Rosenbrock,50,6,453000,185.4279105762727
COBYLA,Rosenbrock,50,6,454000,185.13167466068447
COBYLA,Rosenbrock,50,6,455000,184.80725715207868
COBYLA,Rosenbrock,50,6,456000,184.4648427485538
COBYLA,Rosenbrock,50,6,457000,184.13112850306862
COBYLA,Rosenbrock,50,6,458000,183.79875956525237
COBYLA,Rosenbrock,50,6,459000,183.47210071479475
COBYLA,Rosenbrock,50,6,460000,183.1409154770482
COBYLA,Rosenbrock,50,6,461000,182.79438854102284
COBYLA,Rosenbrock,50,6,462000,182.4621459273462
COBYLA,Rosenbrock,50,6,463000,182.12543820412523
COBYLA,Rosenbrock,50,6,464000,181.79457385202434
COBYLA,Rosenbrock,50,6,465000,181.46843960750786
COBYLA,Rosenbrock,50,6,466000,181.1082106995105
COBYLA,Rosenbrock,50,6,467000,180.76984664503775
COBYLA,Rosenbrock,50,6,468000,180.4328503487619
COBYLA,Rosenbrock,50,6,469000,180.0557433193709
COBYLA,Rosenbrock,50,6,470000,179.70713278112848
COBYLA,Rosenbrock,50,6,471000,179.35662836183417
COBYLA,Rosenbrock,50,6,472000,178.9977346205052
COBYLA,Rosenbrock,50,6,473000,178.61845575481547
COBYLA,Rosenbrock,50,6,474000,178.23467835530738
COBYLA,Rosenbrock,50,6,475000,177.8744921578413
COBYLA,Rosenbrock,50,6,476000,177.5097202594792
COBYLA,Rosenbrock,50,6,477000,177.1223631668738
COBYLA,Rosenbrock,50,6,478000,176.77171178093758
COBYLA,Rosenbrock,50,6,479000,176.38665745415938
COBYLA,Rosenbrock,50,6,480000,176.00354570804745
COBYLA,Rosenbrock,50,6,481000,175.61200498810135
COBYLA,Rosenbrock,50,6,482000,175.21210465459316
COBYLA,Rosenbrock,50,6,483000,174.84362732132522
COBYLA,Rosenbrock,50,6,484000,174.46472579693602
COBYLA,Rosenbrock,50,6,485000,174.06957636261123
COBYLA,Rosenbrock,50,6,486000,173.6711862471946
COBYLA,Rosenbrock,50,6,487000,173.23926768450647
COBYLA,Rosenbrock,50,6,488000,172.82770106699462
COBYLA,Rosenbrock,50,6,489000,172.43267902108497
COBYLA,Rosenbrock,50,6,490000,172.013561132616
COBYLA,Rosenbrock,50,6,491000,171.60180439502838
COBYLA,Rosenbrock,50,6,492000,171.18893156043413
COBYLA,Rosenbrock,50,6,493000,170.7596605120962
COBYLA,Rosenbrock,50,6,494000,170.31216844394962
COBYLA,Rosenbrock,50,6,495000,169.87557942268046
COBYLA,Rosenbrock,50,6,496000,169.42143246345796
COBYLA,Rosenbrock,50,6,497000,168.9420692081985
COBYLA,Rosenbrock,50,6,498000,168.49208837830952
COBYLA,Rosenbrock,50,6,499000,168.0034824744504
COBYLA,Rosenbrock,50,6,500000,167.55161408576268
COBYLA,Rosenbrock,50,6,501000,167.08633483788435
COBYLA,Rosenbrock,50,6,502000,166.6118119811146
COBYLA,Rosenbrock,50,6,503000,166.1267050010156
COBYLA,Rosenbrock,50,6,504000,165.64636009293795
COBYLA,Rosenbrock,50,6,505000,165.16576442439032
COBYLA,Rosenbrock,50,6,506000,164.64845622788235
COBYLA,Rosenbrock,50,6,507000,164.12286689814806
COBYLA,Rosenbrock,50,6,508000,163.60758517954673
COBYLA,Rosenbrock,50,6,509000,163.07865766346464
COBYLA,Rosenbrock,50,6,510000,162.48472377700276
COBYLA,Rosenbrock,50,6,511000,161.95852493088597
COBYLA,Rosenbrock,50,6,512000,161.38912864696113
COBYLA,Rosenbrock,50,6,513000,160.82798129728369
COBYLA,Rosenbrock,50,6,514000,160.23760545185243
COBYLA,Rosenbrock,50,6,515000,159.65629460385728
COBYLA,Rosenbrock,50,6,516000,159.02677836807416
COBYLA,Rosenbrock,50,6,517000,158.41628931677857
COBYLA,Rosenbrock,50,6,518000,157.76940598241222
COBYLA,Rosenbrock,50,6,519000,157.12636715390326
COBYLA,Rosenbrock,50,6,520000,156.46166344902502
COBYLA,Rosenbrock,50,6,521000,155.82895203302348
COBYLA,Rosenbrock,50,6,522000,155.1655314912498
COBYLA,Rosenbrock,50,6,523000,154.49383587683474
COBYLA,Rosenbrock,50,6,524000,153.80790803187688
COBYLA,Rosenbrock,50,6,525000,153.07356274833856
COBYLA,Rosenbrock,50,6,526000,152.37494754530266
COBYLA,Rosenbrock,50,6,527000,151.6264226450737
COBYLA,Rosenbrock,50,6,528000,150.87102950443898
COBYLA,Rosenbrock,50,6,529000,150.08168329651986
COBYLA,Rosenbrock,50,6,530000,149.26524131996155
COBYLA,Rosenbrock,100,0,1000,707640.842445744
COBYLA,Rosenbrock,100,0,2000,670.7828834365725
COBYLA,Rosenbrock,100,0,3000,104.69164625189829
COBYLA,Rosenbrock,100,0,4000,98.26676991854711
COBYLA,Rosenbrock,100,0,5000,98.03395044254952
COBYLA,Rosenbrock,100,0,6000,97.69789636862046
COBYLA,Rosenbrock,100,0,7000,97.30911536886157
COBYLA,Rosenbrock,100,0,8000,96.8878153853427
COBYLA,Rosenbrock,100,0,9000,96.4896795645264
COBYLA,Rosenbrock,100,0,10000,96.06910156771812
COBYLA,Rosenbrock,100,0,11000,95.60421079967959
COBYLA,Rosenbrock,100,0,12000,95.21068532305088
COBYLA,Rosenbrock,100,0,13000,94.83724486016737
COBYLA,Rosenbrock,100,0,14000,94.53537353583677
COBYLA,Rosenbrock,100,0,15000,94.21312806613187
COBYLA,Rosenbrock,100,0,16000,93.89678771815983
COBYLA,Rosenbrock,100,0,17000,93.55384526157859
COBYLA,Rosenbrock,100,0,18000,93.18709495106249
COBYLA,Rosenbrock,100,0,19000,92.86783111594217
COBYLA,Rosenbrock,100,0,20000,92.55201396082396
COBYLA,Rosenbrock,100,0,21000,92.26149262935424
COBYLA,Rosenbrock,100,0,22000,91.97887184284265
COBYLA,Rosenbrock,100,0,23000,91.68927225191892
COBYLA,Rosenbrock,100,0,24000,91.37780354374846
COBYLA,Rosenbrock,100,0,25000,91.10672086997984
COBYLA,Rosenbrock,100,0,26000,90.82822256287584
COBYLA,Rosenbrock,100,0,27000,90.56472707512536
COBYLA,Rosenbrock,100,0,28000,90.25951787231413
COBYLA,Rosenbrock,100,0,29000,90.00806969103151
COBYLA,Rosenbrock,100,0,30000,89.763813688663
COBYLA,Rosenbrock,100,0,31000,89.52732943496338
COBYLA,Rosenbrock,100,0,32000,89.27488055422408
COBYLA,Rosenbrock,100,0,33000,89.06844788951274
COBYLA,Rosenbrock,100,0,34000,88.8373847472058
COBYLA,Rosenbrock,100,0,35000,88.6234096465752
COBYLA,Rosenbrock,100,0,36000,88.38817659024834
COBYLA,Rosenbrock,100,0,37000,88.13946644658748
COBYLA,Rosenbrock,100,0,38000,87.91429932344704
COBYLA,Rosenbrock,100,0,39000,87.66676474685119
COBYLA,Rosenbrock,100,0,40000,87.4397403822911
COBYLA,Rosenbrock,100,0,41000,87.20551286501191
COBYLA,Rosenbrock,100,0,42000,86.99291776626706
COBYLA,Rosenbrock,100,0,43000,86.75931845132652
COBYLA,Rosenbrock,100,0,44000,86.52770983900572
COBYLA,Rosenbrock,100,0,45000,86.31619681287816
COBYLA,Rosenbrock,100,0,46000,86.10579781826851
COBYLA,Rosenbrock,100,0,47000,85.89065629674991
COBYLA,Rosenbrock,100,0,48000,85.6749154153014
COBYLA,Rosenbrock,100,0,49000,85.44844880602406
COBYLA,Rosenbrock,100,0,50000,85.23017241514097
COBYLA,Rosenbrock,100,0,51000,85.0121915919237
COBYLA,Rosenbrock,100,0,52000,84.77460956669665
COBYLA,Rosenbrock,100,0,53000,84.55039269755524
COBYLA,Rosenbrock,100,0,54000,84.31964786624837
COBYLA,Rosenbrock,100,0,55000,84.10847257042309
COBYLA,Rosenbrock,100,0,56000,83.88266298165055
COBYLA,Rosenbrock,100,0,57000,83.65199429189772
COBYLA,Rosenbrock,100,0,58000,83.44742105294068
COBYLA,Rosenbrock,100,0,59000,83.21644046195026
COBYLA,Rosenbrock,100,0,60000,83.00837665752246
COBYLA,Rosenbrock,100,0,61000,82.78022410734854
COBYLA,Rosenbrock,100,0,62000,82.55897028581245
COBYLA,Rosenbrock,100,0,63000,82.35146674306203
COBYLA,Rosenbrock,100,0,64000,82.14695280618821
COBYLA,Rosenbrock,100,0,65000,81.926619369708
COBYLA,Rosenbrock,100,0,66000,81.70953408755334
COBYLA,Rosenbrock,100,0,67000,81.51915527260873
COBYLA,Rosenbrock,100,1,1000,960989.991067826
COBYLA,Rosenbrock,100,1,2000,1078.7945930940027
COBYLA,Rosenbrock,100,1,3000,294.1815952375571
COBYLA,Rosenbrock,100,1,4000,106.12726647111583
COBYLA,Rosenbrock,100,1,5000,98.76297300983538
COBYLA,Rosenbrock,100,1,6000,98.66346788451293
COBYLA,Rosenbrock,100,1,7000,98.65135738821812
COBYLA,Rosenbrock,100,1,8000,98.63348405660595
COBYLA,Rosenbrock,100,1,9000,98.60290069291102
COBYLA,Rosenbrock,100,1,10000,98.55737291490725
COBYLA,Rosenbrock,100,1,11000,98.50672572635293
COBYLA,Rosenbrock,100,1,12000,98.44176836013303
COBYLA,Rosenbrock,100,1,13000,98.36863957884962
COBYLA,Rosenbrock,100,1,14000,98.28392095062927
COBYLA,Rosenbrock,100,1,15000,98.19089626998408
COBYLA,Rosenbrock,100,1,16000,98.0835471777886
COBYLA,Rosenbrock,100,1,17000,97.96585512031302
COBYLA,Rosenbrock,100,1,18000,97.84043385736382
COBYLA,Rosenbrock,100,1,19000,97.69508321560109
COBYLA,Rosenbrock,100,1,20000,97.55681945926877
COBYLA,Rosenbrock,100,1,21000,97.40110277723065
COBYLA,Rosenbrock,100,1,22000,97.24906340995244
COBYLA,Rosenbrock,100,1,23000,97.09275473578522
COBYLA,Rosenbrock,100,1,24000,96.92458667109372
COBYLA,Rosenbrock,100,1,25000,96.76155929686493
COBYLA,Rosenbrock,100,1,26000,96.58355709862066
COBYLA,Rosenbrock,100,1,27000,96.40617172353868
COBYLA,Rosenbrock,100,1,28000,96.24120566059705
COBYLA,Rosenbrock,100,1,29000,96.07031546971288
COBYLA,Rosenbrock,100,1,30000,95.8967266214516
COBYLA,Rosenbrock,100,1,31000,95.7252696822674
COBYLA,Rosenbrock,100,1,32000,95.54652612087222
COBYLA,Rosenbrock,100,1,33000,95.36925354426003
COBYLA,Rosenbrock,100,1,34000,95.17969233275917
COBYLA,Rosenbrock,100,1,35000,95.00563855224877
COBYLA,Rosenbrock,100,1,36000,94.80269019317808
COBYLA,Rosenbrock,100,1,37000,94.62588997084026
COBYLA,Rosenbrock,100,1,38000,94.4403881928888
COBYLA,Rosenbrock,100,1,39000,94.25922323395359
COBYLA,Rosenbrock,100,1,40000,94.07908288883468
COBYLA,Rosenbrock,100,1,41000,93.89975757003567
COBYLA,Rosenbrock,100,1,42000,93.713884188789
COBYLA,Rosenbrock,100,1,43000,93.5247088652338
COBYLA,Rosenbrock,100,1,44000,93.35581808038188
COBYLA,Rosenbrock,100,1,45000,93.17158088937256
COBYLA,Rosenbrock,100,1,46000,92.99319249301813
COBYLA,Rosenbrock,100,1,47000,92.81197606265303
COBYLA,Rosenbrock,100,1,48000,92.63039506354974
COBYLA,Rosenbrock,100,1,49000,92.45586566445964
COBYLA,Rosenbrock,100,1,50000,92.279923167375
COBYLA,Rosenbrock,100,1,51000,92.10182713093458
COBYLA,Rosenbrock,100,1,52000,91.92007601363217
COBYLA,Rosenbrock,100,1,53000,91.73905304933221
COBYLA,Rosenbrock,100,1,54000,91.55222381156632
COBYLA,Rosenbrock,100,1,55000,91.36621507002596
COBYLA,Rosenbrock,100,1,56000,91.18613452634207
COBYLA,Rosenbrock,100,1,57000,91.00202393794432
COBYLA,Rosenbrock,100,1,58000,90.81692548013184
COBYLA,Rosenbrock,100,1,59000,90.63521198259814
COBYLA,Rosenbrock,100,1,60000,90.45451664134218
COBYLA,Rosenbrock,100,1,61000,90.26223070922978
COBYLA,Rosenbrock,100,1,62000,90.08077379491813
COBYLA,Rosenbrock,100,1,63000,89.894746701966
COBYLA,Rosenbrock,100,1,64000,89.71278162225678
COBYLA,Rosenbrock,100,1,65000,89.5476426575257
COBYLA,Rosenbrock,100,1,66000,89.36084978648609
COBYLA,Rosenbrock,100,2,1000,649256.1712456464
COBYLA,Rosenbrock,100,2,2000,1854.1378320455512
COBYLA,Rosenbrock,100,2,3000,688.3233610123248
COBYLA,Rosenbrock,100,2,4000,501.680375793689
COBYLA,Rosenbrock,100,2,5000,397.81482685733243
COBYLA,Rosenbrock,100,2,6000,380.42344224719164
COBYLA,Rosenbrock,100,2,7000,366.6265615392067
COBYLA,Rosenbrock,100,2,8000,350.15811466231054
COBYLA,Rosenbrock,100,2,9000,336.68822700157887
COBYLA,Rosenbrock,100,2,10000,333.8153403478213
COBYLA,Rosenbrock,100,2,11000,332.9248170243238
COBYLA,Rosenbrock,100,2,12000,332.5230132645211
COBYLA,Rosenbrock,100,2,13000,332.2139518265097
COBYLA,Rosenbrock,100,2,14000,331.92685329897245
COBYLA,Rosenbrock,100,2,15000,331.5963703861672
COBYLA,Rosenbrock,100,2,16000,331.2201745534179
COBYLA,Rosenbrock,100,2,17000,330.7923457215026
COBYLA,Rosenbrock,100,2,18000,330.3217672335989
COBYLA,Rosenbrock,100,2,19000,329.77936455973116
COBYLA,Rosenbrock,100,2,20000,329.2697806254919
COBYLA,Rosenbrock,100,2,21000,328.60739871439205
COBYLA,Rosenbrock,100,2,22000,327.8809271571927
COBYLA,Rosenbrock,100,2,23000,327.20376407623945
COBYLA,Rosenbrock,100,2,24000,326.37396862570046
COBYLA,Rosenbrock,100,2,25000,325.02525432418946
COBYLA,Rosenbrock,100,2,26000,323.29965299207146
COBYLA,Rosenbrock,100,2,27000,320.75899578528055
COBYLA,Rosenbrock,100,2,28000,316.9091794280536
COBYLA,Rosenbrock,100,2,29000,312.3548249710965
COBYLA,Rosenbrock,100,2,30000,306.05219568229404
COBYLA,Rosenbrock,100,2,31000,297.7907037697426
COBYLA,Rosenbrock,100,2,32000,289.58759878690614
COBYLA,Rosenbrock,100,2,33000,281.70571725765694
COBYLA,Rosenbrock,100,2,34000,277.089225805888
COBYLA,Rosenbrock,100,2,35000,275.2498696485945
COBYLA,Rosenbrock,100,2,36000,274.68071873754303
COBYLA,Rosenbrock,100,2,37000,274.4373342957674
COBYLA,Rosenbrock,100,2,38000,274.2328735092487
COBYLA,Rosenbrock,100,2,39000,274.08532656428247
COBYLA,Rosenbrock,100,2,40000,273.95009465507434
COBYLA,Rosenbrock,100,2,41000,273.79255862856667
COBYLA,Rosenbrock,100,2,42000,273.63335814204953
COBYLA,Rosenbrock,100,2,43000,273.480242042996
COBYLA,Rosenbrock,100,2,44000,273.3362425657952
COBYLA,Rosenbrock,100,2,45000,273.1883551516006
COBYLA,Rosenbrock,100,2,46000,273.0294865962597
COBYLA,Rosenbrock,100,2,47000,272.8501818370393
COBYLA,Rosenbrock,100,2,48000,272.6849070441264
COBYLA,Rosenbrock,100,2,49000,272.4920543198467
COBYLA,Rosenbrock,100,2,50000,272.3063754608373
COBYLA,Rosenbrock,100,2,51000,272.160460073493
COBYLA,Rosenbrock,100,2,52000,272.0013524284373
COBYLA,Rosenbrock,100,2,53000,271.826040838176
COBYLA,Rosenbrock,100,2,54000,271.6530464484991
COBYLA,Rosenbrock,100,2,55000,271.4800513872594
COBYLA,Rosenbrock,100,2,56000,271.30302365412956
COBYLA,Rosenbrock,100,2,57000,271.1183376999756
COBYLA,Rosenbrock,100,2,58000,270.9297396985627
COBYLA,Rosenbrock,100,2,59000,270.74443935871034
COBYLA,Rosenbrock,100,2,60000,270.57639409971887
COBYLA,Rosenbrock,100,2,61000,270.4061831947715
COBYLA,Rosenbrock,100,2,62000,270.2423787301182
COBYLA,Rosenbrock,100,2,63000,270.066349642902
COBYLA,Rosenbrock,100,2,64000,269.91237427349125
COBYLA,Rosenbrock,100,2,65000,269.7084350368043
COBYLA,Rosenbrock,100,2,66000,269.52213973294386
COBYLA,Rosenbrock,100,3,1000,776364.2611496244
COBYLA,Rosenbrock,100,3,2000,1153.7109090325343
COBYLA,Rosenbrock,100,3,3000,638.0019266613211
COBYLA,Rosenbrock,100,3,4000,521.688985298316
COBYLA,Rosenbrock,100,3,5000,458.8818315710049
COBYLA,Rosenbrock,100,3,6000,432.84273632185136
COBYLA,Rosenbrock,100,3,7000,415.58468859885573
COBYLA,Rosenbrock,100,3,8000,410.9655044535449
COBYLA,Rosenbrock,100,3,9000,408.1495349378473
COBYLA,Rosenbrock,100,3,10000,405.08754740124675
COBYLA,Rosenbrock,100,3,11000,401.96278223031123
COBYLA,Rosenbrock,100,3,12000,399.57610692997963
COBYLA,Rosenbrock,100,3,13000,396.8267805020682
COBYLA,Rosenbrock,100,3,14000,394.4315701207732
COBYLA,Rosenbrock,100,3,15000,391.6791131856627
COBYLA,Rosenbrock,100,3,16000,388.52514847294196
COBYLA,Rosenbrock,100,3,17000,385.58000111592327
COBYLA,Rosenbrock,100,3,18000,382.989401376705
COBYLA,Rosenbrock,100,3,19000,380.27502958142287
COBYLA,Rosenbrock,100,3,20000,377.1895937386329
COBYLA,Rosenbrock,100,3,21000,373.8450752161468
COBYLA,Rosenbrock,100,3,22000,370.54338132238365
COBYLA,Rosenbrock,100,3,23000,367.11990014523474
COBYLA,Rosenbrock,100,3,24000,363.66869829004855
COBYLA,Rosenbrock,100,3,25000,359.87833042654825
COBYLA,Rosenbrock,100,3,26000,356.1768236615062
COBYLA,Rosenbrock,100,3,27000,352.57503364937503
COBYLA,Rosenbrock,100,3,28000,348.5987655711206
COBYLA,Rosenbrock,100,3,29000,344.32120653150025
COBYLA,Rosenbrock,100,3,30000,339.63187419301573
COBYLA,Rosenbrock,100,3,31000,334.49898633676776
COBYLA,Rosenbrock,100,3,32000,328.37496092419246
COBYLA,Rosenbrock,100,3,33000,323.6415833903021
COBYLA,Rosenbrock,100,3,34000,318.3862597282518
COBYLA,Rosenbrock,100,3,35000,312.9807271798483
COBYLA,Rosenbrock,100,3,36000,307.43419569592146
COBYLA,Rosenbrock,100,3,37000,301.82293604163226
COBYLA,Rosenbrock,100,3,38000,294.9153643811313
COBYLA,Rosenbrock,100,3,39000,288.054139354861
COBYLA,Rosenbrock,100,3,40000,280.26043169815773
COBYLA,Rosenbrock,100,3,41000,271.4706283484122
COBYLA,Rosenbrock,100,3,42000,261.22048710327243
COBYLA,Rosenbrock,100,3,43000,249.84122705525965
COBYLA,Rosenbrock,100,3,44000,236.3789280167823
COBYLA,Rosenbrock,100,3,45000,220.36504730186388
COBYLA,Rosenbrock,100,3,46000,197.3514440099624
COBYLA,Rosenbrock,100,3,47000,156.68786980746242
COBYLA,Rosenbrock,100,3,48000,96.15674368426487
COBYLA,Rosenbrock,100,3,49000,93.1365475288918
COBYLA,Rosenbrock,100,3,50000,92.79531855844311
COBYLA,Rosenbrock,100,3,51000,92.46943477459007
COBYLA,Rosenbrock,100,3,52000,92.16329758092729
COBYLA,Rosenbrock,100,3,53000,91.8800195277648
COBYLA,Rosenbrock,100,3,54000,91.57021670880734
COBYLA,Rosenbrock,100,3,55000,91.22125209738418
COBYLA,Rosenbrock,100,3,56000,90.9543103472941
COBYLA,Rosenbrock,100,3,57000,90.65630077576735
COBYLA,Rosenbrock,100,3,58000,90.41304328634538
COBYLA,Rosenbrock,100,3,59000,90.1821450671617
COBYLA,Rosenbrock,100,3,60000,89.92809407963803
COBYLA,Rosenbrock,100,3,61000,89.647362284022
COBYLA,Rosenbrock,100,4,1000,1042876.7956536788
COBYLA,Rosenbrock,100,4,2000,457.0854097882073
COBYLA,Rosenbrock,100,4,3000,112.48852675476714
COBYLA,Rosenbrock,100,4,4000,97.92583927613876
COBYLA,Rosenbrock,100,4,5000,97.28403614062421
COBYLA,Rosenbrock,100,4,6000,96.80565494437063
COBYLA,Rosenbrock,100,4,7000,96.3994278475727
COBYLA,Rosenbrock,100,4,8000,96.01768585140168
COBYLA,Rosenbrock,100,4,9000,95.56599041891752
COBYLA,Rosenbrock,100,4,10000,95.16728481672085
COBYLA,Rosenbrock,100,4,11000,94.74083730050098
COBYLA,Rosenbrock,100,4,12000,94.33139129482028
COBYLA,Rosenbrock,100,4,13000,93.98182101505284
COBYLA,Rosenbrock,100,4,14000,93.68667156066978
COBYLA,Rosenbrock,100,4,15000,93.37285832193845
COBYLA,Rosenbrock,100,4,16000,93.03091475982067
COBYLA,Rosenbrock,100,4,17000,92.74080708487841
COBYLA,Rosenbrock,100,4,18000,92.43105951144628
COBYLA,Rosenbrock,100,4,19000,92.14321813792303
COBYLA,Rosenbrock,100,4,20000,91.85598169817077
COBYLA,Rosenbrock,100,4,21000,91.55833123757102
COBYLA,Rosenbrock,100,4,22000,91.27194811117052
COBYLA,Rosenbrock,100,4,23000,90.94119335102492
COBYLA,Rosenbrock,100,4,24000,90.66880132441172
COBYLA,Rosenbrock,100,4,25000,90.43302466044703
COBYLA,Rosenbrock,100,4,26000,90.17501592638142
COBYLA,Rosenbrock,100,4,27000,89.92029587836919
COBYLA,Rosenbrock,100,4,28000,89.66432148709507
COBYLA,Rosenbrock,100,4,29000,89.44325711772622
COBYLA,Rosenbrock,100,4,30000,89.23527156126774
COBYLA,Rosenbrock,100,4,31000,88.96274441206091
COBYLA,Rosenbrock,100,4,32000,88.75079909921924
COBYLA,Rosenbrock,100,4,33000,88.48677221918663
COBYLA,Rosenbrock,100,4,34000,88.26741108456704
COBYLA,Rosenbrock,100,4,35000,88.00293955704404
COBYLA,Rosenbrock,100,4,36000,87.75299174913458
COBYLA,Rosenbrock,100,4,37000,87.52508882168803
COBYLA,Rosenbrock,100,4,38000,87.30040293418622
COBYLA,Rosenbrock,100,4,39000,87.0921436869753
COBYLA,Rosenbrock,100,4,40000,86.88005047683419
COBYLA,Rosenbrock,100,4,41000,86.67982179969331
COBYLA,Rosenbrock,100,4,42000,86.47904586894953
COBYLA,Rosenbrock,100,4,43000,86.26601608725161
COBYLA,Rosenbrock,100,4,44000,86.04436693579696
COBYLA,Rosenbrock,100,4,45000,85.83708512449435
COBYLA,Rosenbrock,100,4,46000,85.6198393479597
COBYLA,Rosenbrock,100,4,47000,85.41512539200178
COBYLA,Rosenbrock,100,4,48000,85.16775342512008
COBYLA,Rosenbrock,100,4,49000,84.95997956538115
COBYLA,Rosenbrock,100,4,50000,84.75236866240897
COBYLA,Rosenbrock,100,4,51000,84.52021298724593
COBYLA,Rosenbrock,100,4,52000,84.31126202239187
COBYLA,Rosenbrock,100,4,53000,84.09168004943434
COBYLA,Rosenbrock,100,4,54000,83.86063568416898
COBYLA,Rosenbrock,100,4,55000,83.64963265024916
COBYLA,Rosenbrock,100,4,56000,83.43066994105138
COBYLA,Rosenbrock,100,4,57000,83.23312231488376
COBYLA,Rosenbrock,100,4,58000,83.03358328997108
COBYLA,Rosenbrock,100,4,59000,82.80346507653148
COBYLA,Rosenbrock,100,4,60000,82.60867537199981
COBYLA,Ackley,50,2,1000,19.558766760331945
COBYLA,Ackley,50,1,1000,19.62699296649145
COBYLA,Ackley,50,0,1000,19.527337792577068
COBYLA,Ackley,50,3,1000,19.482770188273037
COBYLA,Ackley,50,4,1000,19.63171575840143
COBYLA,Ackley,50,5,1000,19.482016610854657
COBYLA,Ackley,50,6,1000,19.38210175997206
COBYLA,Ackley,50,8,1000,19.420426636830353
COBYLA,Ackley,50,7,1000,19.522928311931153
COBYLA,Ackley,50,9,1000,19.340865107439136
COBYLA,Rosenbrock,100,5,1000,619662.111827083
COBYLA,Rosenbrock,100,5,2000,640.2697026375707
COBYLA,Rosenbrock,100,5,3000,348.51317894540784
COBYLA,Rosenbrock,100,5,4000,261.5035729442199
COBYLA,Rosenbrock,100,5,5000,231.76836727933897
COBYLA,Rosenbrock,100,5,6000,223.27478011163916
COBYLA,Rosenbrock,100,5,7000,212.22228359511138
COBYLA,Rosenbrock,100,5,8000,195.9896835007049
COBYLA,Rosenbrock,100,5,9000,179.09903191026
COBYLA,Rosenbrock,100,5,10000,175.05023151777476
COBYLA,Rosenbrock,100,5,11000,174.40363142065883
COBYLA,Rosenbrock,100,5,12000,174.3056662382233
COBYLA,Rosenbrock,100,5,13000,174.2698755980807
COBYLA,Rosenbrock,100,5,14000,174.23330541534284
COBYLA,Rosenbrock,100,5,15000,174.20785026214006
COBYLA,Rosenbrock,100,5,16000,174.18178829576547
COBYLA,Rosenbrock,100,5,17000,174.15923490372043
COBYLA,Rosenbrock,100,5,18000,174.13053134699322
COBYLA,Rosenbrock,100,5,19000,174.10219088409715
COBYLA,Rosenbrock,100,5,20000,174.07523976353096
COBYLA,Rosenbrock,100,5,21000,174.05133826044343
COBYLA,Rosenbrock,100,5,22000,174.0278409750931
COBYLA,Rosenbrock,100,5,23000,174.00252577882154
COBYLA,Rosenbrock,100,5,24000,173.97217670020825
COBYLA,Rosenbrock,100,5,25000,173.93741400120368
COBYLA,Rosenbrock,100,5,26000,173.9127207300699
COBYLA,Rosenbrock,100,5,27000,173.8819156817761
COBYLA,Rosenbrock,100,5,28000,173.85005977162018
COBYLA,Rosenbrock,100,5,29000,173.82022576082107
COBYLA,Rosenbrock,100,5,30000,173.7926667008275
COBYLA,Rosenbrock,100,5,31000,173.76183724130576
COBYLA,Rosenbrock,100,5,32000,173.73107454856128
COBYLA,Rosenbrock,100,5,33000,173.69936583947091
COBYLA,Rosenbrock,100,5,34000,173.6668956174979
COBYLA,Rosenbrock,100,5,35000,173.63327337536026
COBYLA,Rosenbrock,100,5,36000,173.59980189473833
COBYLA,Rosenbrock,100,5,37000,173.56675691238118
COBYLA,Rosenbrock,100,5,38000,173.53367920679165
COBYLA,Rosenbrock,100,5,39000,173.50200717744676
COBYLA,Rosenbrock,100,5,40000,173.46564083416442
COBYLA,Rosenbrock,100,5,41000,173.42973840604037
COBYLA,Rosenbrock,100,5,42000,173.38968760880346
COBYLA,Rosenbrock,100,5,43000,173.35285567020094
COBYLA,Rosenbrock,100,5,44000,173.31694907472328
COBYLA,Rosenbrock,100,5,45000,173.27377237214486
COBYLA,Rosenbrock,100,5,46000,173.2329614124705
COBYLA,Rosenbrock,100,5,47000,173.19335456898622
COBYLA,Rosenbrock,100,5,48000,173.15647193672658
COBYLA,Rosenbrock,100,5,49000,173.11466609301033
COBYLA,Rosenbrock,100,6,1000,930935.8659567423
COBYLA,Rosenbrock,100,6,2000,738.3258337951579
COBYLA,Rosenbrock,100,6,3000,397.6289957018072
COBYLA,Rosenbrock,100,6,4000,362.17250031294463
COBYLA,Rosenbrock,100,6,5000,313.89281768401605
COBYLA,Rosenbrock,100,6,6000,274.80347490241036
COBYLA,Rosenbrock,100,6,7000,242.49028648889748
COBYLA,Rosenbrock,100,6,8000,234.20290419240106
COBYLA,Rosenbrock,100,6,9000,232.48311299091296
COBYLA,Rosenbrock,100,6,10000,231.27197895259962
COBYLA,Rosenbrock,100,6,11000,230.03324103930927
COBYLA,Rosenbrock,100,6,12000,229.0030696573229
COBYLA,Rosenbrock,100,6,13000,228.03108932769274
COBYLA,Rosenbrock,100,6,14000,227.03450754580214
COBYLA,Rosenbrock,100,6,15000,225.99719498564554
COBYLA,Rosenbrock,100,6,16000,224.91368214056658
COBYLA,Rosenbrock,100,6,17000,223.46425982330499
COBYLA,Rosenbrock,100,6,18000,222.33727154452978
COBYLA,Rosenbrock,100,6,19000,220.98844726085161
COBYLA,Rosenbrock,100,6,20000,219.50286531804866
COBYLA,Rosenbrock,100,6,21000,218.01516615606354
COBYLA,Rosenbrock,100,6,22000,216.32559164367925
COBYLA,Rosenbrock,100,6,23000,214.61264629987718
COBYLA,Rosenbrock,100,6,24000,212.68365310255396
COBYLA,Rosenbrock,100,6,25000,210.54159324433488
COBYLA,Rosenbrock,100,6,26000,208.3239960414732
COBYLA,Rosenbrock,100,6,27000,205.69726490972153
COBYLA,Rosenbrock,100,6,28000,203.0240825984475
COBYLA,Rosenbrock,100,6,29000,199.35912797347265
COBYLA,Rosenbrock,100,6,30000,195.20352898121732
COBYLA,Rosenbrock,100,6,31000,190.9983343114676
COBYLA,Rosenbrock,100,6,32000,185.13196637709027
COBYLA,Rosenbrock,100,6,33000,177.3901240830595
COBYLA,Rosenbrock,100,6,34000,165.10092145282098
COBYLA,Rosenbrock,100,6,35000,129.1475560289772
COBYLA,Rosenbrock,100,6,36000,96.09230195218011
COBYLA,Rosenbrock,100,6,37000,95.71186701702915
COBYLA,Rosenbrock,100,6,38000,95.30863409892638
COBYLA,Rosenbrock,100,6,39000,94.93290891032329
COBYLA,Rosenbrock,100,6,40000,94.59403561001797
COBYLA,Rosenbrock,100,6,41000,94.21621552467194
COBYLA,Rosenbrock,100,6,42000,93.86392066013029
COBYLA,Rosenbrock,100,6,43000,93.53134264677269
COBYLA,Rosenbrock,100,6,44000,93.23396184787579
COBYLA,Rosenbrock,100,6,45000,92.88745569166663
COBYLA,Rosenbrock,100,6,46000,92.56942019201703
COBYLA,Rosenbrock,100,6,47000,92.31010369493674
COBYLA,Ackley,100,0,1000,19.68390790758414
COBYLA,Ackley,100,0,2000,19.565004731167228
COBYLA,Ackley,100,0,3000,19.56411984021715
COBYLA,Ackley,100,0,4000,19.564107488144348
COBYLA,Ackley,100,1,1000,19.686017716331616
COBYLA,Ackley,100,1,2000,19.52555209552205
COBYLA,Ackley,100,1,3000,19.522979681387227
COBYLA,Ackley,100,1,4000,19.52296533971197
COBYLA,Ackley,100,2,1000,19.626778679907872
COBYLA,Ackley,100,2,2000,19.58455407297592
COBYLA,Ackley,100,2,3000,19.58455407297592
COBYLA,Ackley,100,2,4000,19.58455407297592
COBYLA,Ackley,100,3,1000,19.668324405141252
COBYLA,Ackley,100,3,2000,19.541386390313285
COBYLA,Ackley,100,3,3000,19.5399995622105
COBYLA,Ackley,100,3,4000,19.539988061126987
COBYLA,Ackley,100,4,1000,19.657120645582033
COBYLA,Ackley,100,4,2000,19.51159984039696
COBYLA,Ackley,100,4,3000,19.509425618703634
COBYLA,Ackley,100,4,4000,19.50936825642692
COBYLA,Ackley,100,6,1000,19.621313962459148
COBYLA,Ackley,100,6,2000,19.497488488542587
COBYLA,Ackley,100,6,3000,19.49689001947324
COBYLA,Griewank,10,0,1000,60.20883407614088
COBYLA,Griewank,10,1,1000,27.866944279697922
COBYLA,Griewank,10,2,1000,6.104624397898986
COBYLA,Griewank,10,3,1000,40.435337142416
COBYLA,Griewank,10,4,1000,23.977399979368283
COBYLA,Griewank,10,5,1000,24.075098851771422
COBYLA,Griewank,10,6,1000,20.396249719163134
COBYLA,Griewank,10,7,1000,42.74554275088236
COBYLA,Griewank,30,0,1000,257.1317724499143
COBYLA,Griewank,30,0,2000,8.075121512446815
COBYLA,Griewank,30,0,3000,1.235308011982017e-05
COBYLA,Ackley,100,5,1000,19.580179660573233
COBYLA,Ackley,100,5,2000,19.4017438382824
COBYLA,Ackley,100,5,3000,19.400952051443966
COBYLA,Ackley,100,5,4000,19.400928990016425
COBYLA,Griewank,30,1,1000,330.71891507875745
COBYLA,Griewank,30,1,2000,22.401180192273035
COBYLA,Griewank,30,1,3000,0.010107564594862506
COBYLA,Griewank,30,2,1000,232.44039130033386
COBYLA,Griewank,30,2,2000,5.433335131429508
COBYLA,Griewank,30,2,3000,0.007402986121444632
COBYLA,Ackley,100,8,1000,19.539396940060595
COBYLA,Ackley,100,8,2000,19.43372018057134
COBYLA,Ackley,100,8,3000,19.43260357718979
COBYLA,Ackley,100,8,4000,19.432599123306733
COBYLA,Griewank,30,3,1000,285.4799450893691
COBYLA,Griewank,30,3,2000,13.175023165477327
COBYLA,Griewank,30,3,3000,0.012333843294691005
COBYLA,Griewank,30,4,1000,261.7341643238681
COBYLA,Griewank,30,4,2000,8.557764205168079
COBYLA,Griewank,30,4,3000,1.4324679453170397e-05
COBYLA,Ackley,100,7,1000,19.658135337057534
COBYLA,Ackley,100,7,2000,19.532981377351348
COBYLA,Ackley,100,7,3000,19.53228428425189
COBYLA,Ackley,100,7,4000,19.53227279973861
COBYLA,Griewank,30,6,1000,186.56407175886793
COBYLA,Griewank,30,6,2000,1.746598066661108
COBYLA,Griewank,30,6,3000,0.00739653880440605
COBYLA,Griewank,30,5,1000,337.41612994734936
COBYLA,Griewank,30,5,2000,22.682190017628812
COBYLA,Griewank,30,5,3000,0.007557630100420321
COBYLA,Griewank,30,7,1000,248.12271419493976
COBYLA,Griewank,30,7,2000,7.230841121189611
COBYLA,Griewank,30,7,3000,1.3681472114335236e-05
COBYLA,Griewank,30,8,1000,233.4938860611559
COBYLA,Griewank,30,8,2000,5.313329878013724
COBYLA,Griewank,30,8,3000,8.935168095969281e-06
COBYLA,Griewank,30,9,1000,178.6740754815341
COBYLA,Griewank,30,9,2000,1.4454532337813855
COBYLA,Griewank,30,9,3000,0.007396952636874454
COBYLA,Ackley,100,9,1000,19.50733289760309
COBYLA,Ackley,100,9,2000,19.375060754141224
COBYLA,Ackley,100,9,3000,19.374377133839193
COBYLA,Griewank,50,0,1000,799.8858547807889
COBYLA,Griewank,50,0,2000,245.76151247408646
COBYLA,Griewank,50,0,3000,18.37887937806711
COBYLA,Griewank,50,0,4000,0.03385306480081607
COBYLA,Griewank,50,0,5000,5.976396876017365e-05
COBYLA,Griewank,50,0,6000,8.061535239356488e-08
COBYLA,Griewank,50,2,1000,736.3341990177233
COBYLA,Griewank,50,2,2000,195.76008538751907
COBYLA,Griewank,50,2,3000,8.528861811414624
COBYLA,Griewank,50,2,4000,0.02160303884956305
COBYLA,Griewank,50,2,5000,0.0074193835879842185
COBYLA,Griewank,50,2,6000,0.007396082181115871
COBYLA,Griewank,50,1,1000,855.7675229999114
COBYLA,Griewank,50,1,2000,249.28127600524033
COBYLA,Griewank,50,1,3000,15.83608167260641
COBYLA,Griewank,50,1,4000,0.033417755672702554
COBYLA,Griewank,50,1,5000,5.625711568413294e-05
COBYLA,Griewank,50,1,6000,1.2129648718772756e-07
COBYLA,Griewank,50,3,1000,715.0328499209642
COBYLA,Griewank,50,3,2000,185.49091347308485
COBYLA,Griewank,50,3,3000,7.060979211904754
COBYLA,Griewank,50,3,4000,0.03879263793047383
COBYLA,Griewank,50,3,5000,0.012376026477736723
COBYLA,Griewank,50,3,6000,0.012316215918158013
COBYLA,Griewank,50,4,1000,949.3546757266295
COBYLA,Griewank,50,4,2000,313.9113362611597
COBYLA,Griewank,50,4,3000,33.76549800289652
COBYLA,Griewank,50,4,4000,0.09165815320953863
COBYLA,Griewank,50,4,5000,0.00013108295280550575
COBYLA,Griewank,50,4,6000,2.32264736110821e-07
COBYLA,Griewank,50,5,1000,746.443447702512
COBYLA,Griewank,50,5,2000,201.10599654259585
COBYLA,Griewank,50,5,3000,9.21410744167139
COBYLA,Griewank,50,5,4000,0.015921941954481045
COBYLA,Griewank,50,5,5000,0.007409643363069929
COBYLA,Griewank,50,5,6000,0.007396068572351644
COBYLA,Griewank,50,6,1000,697.2868067539216
COBYLA,Griewank,50,6,2000,188.77362542230046
COBYLA,Griewank,50,6,3000,8.490784855519312
COBYLA,Griewank,50,6,4000,0.029413802775321907
COBYLA,Griewank,50,6,5000,0.007433596444500257
COBYLA,Griewank,50,6,6000,0.007396120330615319
COBYLA,Griewank,50,7,1000,752.0436981785107
COBYLA,Griewank,50,7,2000,217.45189893627514
COBYLA,Griewank,50,7,3000,13.526222135958374
COBYLA,Griewank,50,7,4000,0.055376050650447484
COBYLA,Griewank,50,7,5000,9.924594834564981e-05
COBYLA,Griewank,50,7,6000,6.597305548527999e-07
COBYLA,Griewank,50,8,1000,665.4730027963572
COBYLA,Griewank,50,8,2000,161.38436495879066
COBYLA,Griewank,50,8,3000,4.066228517165637
COBYLA,Griewank,50,8,4000,0.007754019419532687
COBYLA,Griewank,50,8,5000,1.141669777982024e-05
COBYLA,Griewank,50,8,6000,1.6092448484883448e-08
COBYLA,Griewank,50,9,1000,581.8789790849589
COBYLA,Griewank,50,9,2000,134.71091555211112
COBYLA,Griewank,50,9,3000,2.653776508735414
COBYLA,Griewank,50,9,4000,0.004377018881657313
COBYLA,Griewank,50,9,5000,1.002807745442702e-05
COBYLA,Griewank,50,9,6000,2.4605161019763955e-08
COBYLA,Griewank,100,0,1000,2272.924267110299
COBYLA,Griewank,100,0,2000,1312.7259956355742
COBYLA,Griewank,100,0,3000,646.3184846145089
COBYLA,Griewank,100,0,4000,242.19224299219525
COBYLA,Griewank,100,0,5000,50.88278758963429
COBYLA,Griewank,100,0,6000,2.0590259089658414
COBYLA,Griewank,100,0,7000,0.2063672576161436
COBYLA,Griewank,100,0,8000,0.023222288171715677
COBYLA,Griewank,100,0,9000,0.0038734875462819174
COBYLA,Griewank,100,0,10000,0.00041545661099728903
COBYLA,Griewank,100,0,11000,3.869997484184928e-05
COBYLA,Griewank,100,0,12000,7.06869269961885e-06
COBYLA,Griewank,100,0,13000,8.80412025949795e-07
COBYLA,Griewank,100,0,14000,1.4776450840692235e-07
COBYLA,Griewank,100,0,15000,2.807598675769185e-08
COBYLA,Griewank,100,1,1000,2187.6312346611485
COBYLA,Griewank,100,1,2000,1270.82912433391
COBYLA,Griewank,100,1,3000,629.4879356563574
COBYLA,Griewank,100,1,4000,236.55440803425833
COBYLA,Griewank,100,1,5000,49.525312910803265
COBYLA,Griewank,100,1,6000,1.930726632412274
COBYLA,Griewank,100,1,7000,0.21348045850176878
COBYLA,Griewank,100,1,8000,0.03247445008171257
COBYLA,Griewank,100,1,9000,0.003380307543891403
COBYLA,Griewank,100,1,10000,0.0005297555088341621
COBYLA,Griewank,100,1,11000,5.4653364537027294e-05
COBYLA,Griewank,100,1,12000,5.805089240862316e-06
COBYLA,Griewank,100,1,13000,1.0515914827813333e-06
COBYLA,Griewank,100,1,14000,1.0691524232608884e-07
COBYLA,Griewank,100,1,15000,2.136310028877375e-08
COBYLA,Griewank,100,2,1000,2394.7490220839823
COBYLA,Griewank,100,2,2000,1472.135583490119
COBYLA,Griewank,100,2,3000,790.2718049126539
COBYLA,Griewank,100,2,4000,344.0477564924843
COBYLA,Griewank,100,2,5000,99.43268886775928
COBYLA,Griewank,100,2,6000,10.087023374298047
COBYLA,Griewank,100,2,7000,0.6142370626088045
COBYLA,Griewank,100,2,8000,0.1116578699300772
COBYLA,Griewank,100,2,9000,0.019410833263707183
COBYLA,Griewank,100,2,10000,0.0023288460509169884
COBYLA,Griewank,100,2,11000,0.0002389017621124978
COBYLA,Griewank,100,2,12000,4.315414335731571e-05
COBYLA,Griewank,100,2,13000,8.19544662178373e-06
COBYLA,Griewank,100,2,14000,1.4153622427404144e-06
COBYLA,Griewank,100,2,15000,1.5935927111243586e-07
COBYLA,Griewank,100,2,16000,3.459483954859621e-08
COBYLA,Griewank,100,2,17000,5.548978387892589e-09
COBYLA,Griewank,100,3,1000,2286.0543580822996
COBYLA,Griewank,100,3,2000,1365.5023152109618
COBYLA,Griewank,100,3,3000,704.3043271207653
COBYLA,Griewank,100,3,4000,285.568705223564
COBYLA,Griewank,100,3,5000,67.57404470423813
COBYLA,Griewank,100,3,6000,3.3273431238393365
COBYLA,Griewank,100,3,7000,0.18287522128130584
COBYLA,Griewank,100,3,8000,0.030958909034383697
COBYLA,Griewank,100,3,9000,0.003746694334875178
COBYLA,Griewank,100,3,10000,0.0007408984675727481
COBYLA,Griewank,100,3,11000,0.00012533074576126513
COBYLA,Griewank,100,3,12000,1.4147844479173166e-05
COBYLA,Griewank,100,3,13000,2.603934152856091e-06
COBYLA,Griewank,100,3,14000,2.977980902985067e-07
COBYLA,Griewank,100,3,15000,4.024595556817445e-08
COBYLA,Griewank,100,3,16000,8.651760974309752e-09
COBYLA,Griewank,100,4,1000,2227.8724904921983
COBYLA,Griewank,100,4,2000,1324.4412881404896
COBYLA,Griewank,100,4,3000,682.4181713589046
COBYLA,Griewank,100,4,4000,275.71902885343115
COBYLA,Griewank,100,4,5000,63.95793168246616
COBYLA,Griewank,100,4,6000,3.0163633170235644
COBYLA,Griewank,100,4,7000,0.1498293948592403
COBYLA,Griewank,100,4,8000,0.018811210063192862
COBYLA,Griewank,100,4,9000,0.003440086599923342
COBYLA,Griewank,100,4,10000,0.0005068495155214903
COBYLA,Griewank,100,4,11000,7.443630762471454e-05
COBYLA,Griewank,100,4,12000,1.223025035601566e-05
COBYLA,Griewank,100,4,13000,2.6841277024347576e-06
COBYLA,Griewank,100,4,14000,4.574059045969747e-07
COBYLA,Griewank,100,4,15000,6.702750665610324e-08
COBYLA,Griewank,100,4,16000,9.171196690971328e-09
COBYLA,Griewank,100,6,1000,2181.244237851705
COBYLA,Griewank,100,6,2000,1382.780782142504
COBYLA,Griewank,100,6,3000,768.3043465297535
COBYLA,Griewank,100,6,4000,346.8210622430313
COBYLA,Griewank,100,6,5000,106.03598423686215
COBYLA,Griewank,100,6,6000,11.505206905372715
COBYLA,Griewank,100,6,7000,0.3965658503043601
COBYLA,Griewank,100,6,8000,0.060830789755672576
COBYLA,Griewank,100,6,9000,0.016083215362352576
COBYLA,Griewank,100,6,10000,0.008252087060938051
COBYLA,Griewank,100,6,11000,0.0074990343184422326
COBYLA,Griewank,100,6,12000,0.007408403208786329
COBYLA,Griewank,100,6,13000,0.007398692354120828
COBYLA,Griewank,100,6,14000,0.00739644455892885
COBYLA,Griewank,100,6,15000,0.007396099111346421
COBYLA,Griewank,100,6,16000,0.007396045408732177
COBYLA,Griewank,100,7,1000,2264.9781846030573
COBYLA,Griewank,100,7,2000,1364.0667576134067
COBYLA,Griewank,100,7,3000,705.6020818861699
COBYLA,Griewank,100,7,4000,282.1531167218415
COBYLA,Griewank,100,7,5000,66.30948049688082
COBYLA,Griewank,100,7,6000,3.478099325395712
COBYLA,Griewank,100,7,7000,0.4516289608899918
COBYLA,Griewank,100,7,8000,0.07854064543667572
COBYLA,Griewank,100,7,9000,0.007579485431877142
COBYLA,Griewank,100,7,10000,0.0008564951299340207
COBYLA,Griewank,100,7,11000,7.045629356061678e-05
COBYLA,Griewank,100,7,12000,4.411441980600728e-06
COBYLA,Griewank,100,7,13000,1.0528749841975937e-06
COBYLA,Griewank,100,7,14000,1.6653301004865284e-07
COBYLA,Griewank,100,7,15000,2.1498993918456222e-08
COBYLA,Griewank,100,7,16000,2.2973350999322406e-09
COBYLA,Griewank,100,9,1000,1942.566633993587
COBYLA,Griewank,100,9,2000,1114.4741336629095
COBYLA,Griewank,100,9,3000,539.1277796593158
COBYLA,Griewank,100,9,4000,193.7542152764809
COBYLA,Griewank,100,9,5000,34.30970767776408
COBYLA,Griewank,100,9,6000,1.1770423594284276
COBYLA,Griewank,100,9,7000,0.10639549708344243
COBYLA,Griewank,100,9,8000,0.012252304985031937
COBYLA,Griewank,100,9,9000,0.002052547332030419
COBYLA,Griewank,100,9,10000,0.0003451283213888878
COBYLA,Griewank,100,9,11000,4.1962136163586905e-05
COBYLA,Griewank,100,9,12000,4.758886996469869e-06
COBYLA,Griewank,100,9,13000,6.252468537359945e-07
COBYLA,Griewank,100,9,14000,7.745250940605075e-08
COBYLA,Griewank,100,9,15000,1.4451228880218991e-08
COBYLA,Griewank,100,9,16000,2.3804602733434876e-09
COBYLA,Griewank,100,8,1000,2039.2801491624214
COBYLA,Griewank,100,8,2000,1170.220730233636
COBYLA,Griewank,100,8,3000,562.3814308519555
COBYLA,Griewank,100,8,4000,196.32452348101765
COBYLA,Griewank,100,8,5000,33.115881375717926
COBYLA,Griewank,100,8,6000,1.114769613901965
COBYLA,Griewank,100,8,7000,0.12748105066265814
COBYLA,Griewank,100,8,8000,0.020431202648733104
COBYLA,Griewank,100,8,9000,0.0019673951430179137
COBYLA,Griewank,100,8,10000,0.00030443880931196876
COBYLA,Griewank,100,8,11000,3.773889158964483e-05
COBYLA,Griewank,100,8,12000,7.379063096335514e-06
COBYLA,Griewank,100,8,13000,9.051843640195401e-07
COBYLA,Griewank,100,8,14000,1.5278870046930848e-07
COBYLA,Griewank,100,8,15000,2.0796302346859363e-08
COBYLA,Griewank,100,5,1000,2106.380604448041
COBYLA,Griewank,100,5,2000,1297.893318250149
COBYLA,Griewank,100,5,3000,686.1103319653694
COBYLA,Griewank,100,5,4000,282.0077680569765
COBYLA,Griewank,100,5,5000,71.16097108503135
COBYLA,Griewank,100,5,6000,4.805071266447167
COBYLA,Griewank,100,5,7000,0.2964119757207194
COBYLA,Griewank,100,5,8000,0.046524012999774045
COBYLA,Griewank,100,5,9000,0.008794549934337703
COBYLA,Griewank,100,5,10000,0.0021708149405541555
COBYLA,Griewank,100,5,11000,0.00018396159813816038
COBYLA,Griewank,100,5,12000,2.9417645782681134e-05
COBYLA,Griewank,100,5,13000,4.262762191009628e-06
COBYLA,Griewank,100,5,14000,7.245392177335219e-07
COBYLA,Griewank,100,5,15000,1.0997429611414589e-07
COBYLA,Griewank,100,5,16000,1.3488824501806107e-08
COBYLA,Rosenbrock,100,7,1000,802553.4105762556
COBYLA,Rosenbrock,100,7,2000,567.9538825516465
COBYLA,Rosenbrock,100,7,3000,103.08643317733787
COBYLA,Rosenbrock,100,7,4000,97.44096351906053
COBYLA,Rosenbrock,100,7,5000,96.98335247632184
COBYLA,Rosenbrock,100,7,6000,96.59044114570975
COBYLA,Rosenbrock,100,7,7000,96.18197415266111
COBYLA,Rosenbrock,100,7,8000,95.70769248547091
COBYLA,Rosenbrock,100,7,9000,95.25690847101914
COBYLA,Rosenbrock,100,7,10000,94.82176846030379
COBYLA,Rosenbrock,100,7,11000,94.42747048457144
COBYLA,Rosenbrock,100,7,12000,94.11507072369055
COBYLA,Rosenbrock,100,7,13000,93.77635375117386
COBYLA,Rosenbrock,100,7,14000,93.4615553501239
COBYLA,Rosenbrock,100,7,15000,93.11798735463994
COBYLA,Rosenbrock,100,7,16000,92.79846536158969
COBYLA,Rosenbrock,100,7,17000,92.52663398083949
COBYLA,Rosenbrock,100,7,18000,92.22880133455645
COBYLA,Rosenbrock,100,7,19000,91.91639509227814
COBYLA,Rosenbrock,100,7,20000,91.58433137449943
COBYLA,Rosenbrock,100,7,21000,91.3047273386621
COBYLA,Rosenbrock,100,7,22000,91.04734711505337
COBYLA,Rosenbrock,100,7,23000,90.78322487186631
COBYLA,Rosenbrock,100,7,24000,90.54309845338365
COBYLA,Rosenbrock,100,7,25000,90.25375506706739
COBYLA,Rosenbrock,100,7,26000,89.98169135796914
COBYLA,Rosenbrock,100,7,27000,89.75662405429901
COBYLA,Rosenbrock,100,7,28000,89.52164919992538
COBYLA,Rosenbrock,100,7,29000,89.2800619086136
COBYLA,Rosenbrock,100,7,30000,89.0576445161035
COBYLA,Rosenbrock,100,7,31000,88.8121035129396
COBYLA,Rosenbrock,100,7,32000,88.58169729541977
COBYLA,Rosenbrock,100,7,33000,88.3550520758971
COBYLA,Rosenbrock,100,7,34000,88.13943517486861
COBYLA,Rosenbrock,100,7,35000,87.9014697351267
COBYLA,Rosenbrock,100,7,36000,87.68121030288918
COBYLA,Rosenbrock,100,7,37000,87.46728579217779
COBYLA,Rosenbrock,100,7,38000,87.23223606245053
COBYLA,Rosenbrock,100,7,39000,86.98722187661386
COBYLA,Rosenbrock,100,7,40000,86.75294654687015
COBYLA,Rosenbrock,100,7,41000,86.54990074412167
COBYLA,Rosenbrock,100,7,42000,86.33355050669623
COBYLA,Rosenbrock,100,7,43000,86.1120117432094
COBYLA,Rosenbrock,100,7,44000,85.88451648824368
COBYLA,Rosenbrock,100,7,45000,85.66756941188173
COBYLA,Rosenbrock,100,7,46000,85.43900487972095
COBYLA,Rosenbrock,100,7,47000,85.19509802302834
COBYLA,Rosenbrock,100,7,48000,84.97036750970047
COBYLA,Rosenbrock,100,7,49000,84.73530795160494
COBYLA,Rosenbrock,100,7,50000,84.5313940284592
COBYLA,Rosenbrock,100,7,51000,84.30784734250624
COBYLA,Rosenbrock,100,7,52000,84.09638242317642
COBYLA,Rosenbrock,100,7,53000,83.88983503597964
COBYLA,Rosenbrock,100,7,54000,83.66999751104298
COBYLA,Rosenbrock,100,7,55000,83.46339339521464
COBYLA,Rosenbrock,100,7,56000,83.24767789564905
COBYLA,Rosenbrock,100,7,57000,83.02976047775122
COBYLA,Rosenbrock,100,7,58000,82.79552616740712
COBYLA,Rosenbrock,100,7,59000,82.56075988165148
COBYLA,Rosenbrock,100,7,60000,82.33056507064471
COBYLA,Rosenbrock,100,7,61000,82.1101293530931
COBYLA,Rosenbrock,100,7,62000,81.88699824608344
COBYLA,Rosenbrock,100,7,63000,81.70097663051975
COBYLA,Rosenbrock,100,7,64000,81.47603753816598
COBYLA,Rosenbrock,100,8,1000,545950.078286948
COBYLA,Rosenbrock,100,8,2000,376.2467486860199
COBYLA,Rosenbrock,100,8,3000,105.57978078723593
COBYLA,Rosenbrock,100,8,4000,97.86484942225087
COBYLA,Rosenbrock,100,8,5000,97.43883805266712
COBYLA,Rosenbrock,100,8,6000,97.099354677716
COBYLA,Rosenbrock,100,8,7000,96.62645538003946
COBYLA,Rosenbrock,100,8,8000,96.188090551178
COBYLA,Rosenbrock,100,8,9000,95.82317671801992
COBYLA,Rosenbrock,100,8,10000,95.36733564465344
COBYLA,Rosenbrock,100,8,11000,94.97440723032805
COBYLA,Rosenbrock,100,8,12000,94.59663883977991
COBYLA,Rosenbrock,100,8,13000,94.22488979510665
COBYLA,Rosenbrock,100,8,14000,93.8726488852799
COBYLA,Rosenbrock,100,8,15000,93.51421096524062
COBYLA,Rosenbrock,100,8,16000,93.20164216915924
COBYLA,Rosenbrock,100,8,17000,92.88335628228145
COBYLA,Rosenbrock,100,8,18000,92.53923099223223
COBYLA,Rosenbrock,100,8,19000,92.24603528689646
COBYLA,Rosenbrock,100,8,20000,91.96299081201266
COBYLA,Rosenbrock,100,8,21000,91.66125244470878
COBYLA,Rosenbrock,100,8,22000,91.38550844400422
COBYLA,Rosenbrock,100,8,23000,91.11610483390912
COBYLA,Rosenbrock,100,8,24000,90.84569057164987
COBYLA,Rosenbrock,100,8,25000,90.51809542165054
COBYLA,Rosenbrock,100,8,26000,90.257825458433
COBYLA,Rosenbrock,100,8,27000,90.01575077472538
COBYLA,Rosenbrock,100,8,28000,89.77093010510734
COBYLA,Rosenbrock,100,8,29000,89.5171639843829
COBYLA,Rosenbrock,100,8,30000,89.29727382787767
COBYLA,Rosenbrock,100,8,31000,89.06810334926787
COBYLA,Rosenbrock,100,8,32000,88.83652396452314
COBYLA,Rosenbrock,100,8,33000,88.56237639575545
COBYLA,Rosenbrock,100,8,34000,88.34947816425887
COBYLA,Rosenbrock,100,8,35000,88.0865174078679
COBYLA,Rosenbrock,100,8,36000,87.85772888771194
COBYLA,Rosenbrock,100,8,37000,87.62839938395939
COBYLA,Rosenbrock,100,8,38000,87.39617086625368
COBYLA,Rosenbrock,100,8,39000,87.18064862257671
COBYLA,Rosenbrock,100,8,40000,86.95432054365469
COBYLA,Rosenbrock,100,8,41000,86.72559057685004
COBYLA,Rosenbrock,100,8,42000,86.49965499913878
COBYLA,Rosenbrock,100,8,43000,86.270842809444
COBYLA,Rosenbrock,100,8,44000,86.03907104413032
COBYLA,Rosenbrock,100,8,45000,85.80776481406083
COBYLA,Rosenbrock,100,8,46000,85.56231898649779
COBYLA,Rosenbrock,100,8,47000,85.34374165127915
COBYLA,Rosenbrock,100,8,48000,85.13480444840721
COBYLA,Rosenbrock,100,8,49000,84.92680421187048
COBYLA,Rosenbrock,100,8,50000,84.70082763208794
COBYLA,Rosenbrock,100,8,51000,84.48139190689422
COBYLA,Rosenbrock,100,8,52000,84.27487245561771
COBYLA,Rosenbrock,100,8,53000,84.05473491419201
COBYLA,Rosenbrock,100,8,54000,83.81767397069432
COBYLA,Rosenbrock,100,8,55000,83.60388911966065
COBYLA,Rosenbrock,100,8,56000,83.37004880420837
COBYLA,Rosenbrock,100,8,57000,83.15076003730836
COBYLA,Rosenbrock,100,8,58000,82.92913532585935
COBYLA,Rosenbrock,100,8,59000,82.7122889938345
COBYLA,Rosenbrock,100,8,60000,82.49219194632327
COBYLA,Rosenbrock,100,8,61000,82.26517790401574
COBYLA,Rosenbrock,100,8,62000,82.0540153507634
COBYLA,Rosenbrock,100,8,63000,81.82842112469896
COBYLA,Rosenbrock,100,8,64000,81.6174262667727
COBYLA,Rosenbrock,100,8,65000,81.40145849588993
COBYLA,Rosenbrock,100,8,66000,81.20485180153227
COBYLA,Rosenbrock,100,8,67000,80.98739512179063
COBYLA,Rosenbrock,100,8,68000,80.7797651486852
COBYLA,Rosenbrock,100,8,69000,80.57828371420806
COBYLA,Rosenbrock,100,8,70000,80.37841215562399
COBYLA,Rosenbrock,100,8,71000,80.19283503737016
COBYLA,Rosenbrock,100,8,72000,80.00885142746854
COBYLA,Rosenbrock,100,8,73000,79.80871655576523
COBYLA,Rosenbrock,100,8,74000,79.59135971988093
COBYLA,Rosenbrock,100,8,75000,79.38952980908385
COBYLA,Rosenbrock,100,8,76000,79.15674298478963
COBYLA,Rosenbrock,100,8,77000,78.96283770827577
COBYLA,Rosenbrock,100,8,78000,78.74785484588101
COBYLA,Rosenbrock,100,8,79000,78.55050839320506
COBYLA,Rosenbrock,100,8,80000,78.34614795916808
COBYLA,Rosenbrock,100,8,81000,78.15069806315056
COBYLA,Rosenbrock,100,8,82000,77.95765451083189
COBYLA,Rosenbrock,100,8,83000,77.73344933428
COBYLA,Rosenbrock,100,8,84000,77.54251054754833
COBYLA,Rosenbrock,100,8,85000,77.35097594359793
COBYLA,Rosenbrock,100,8,86000,77.14616289718104
COBYLA,Rosenbrock,100,8,87000,76.94978843717766
COBYLA,Rosenbrock,100,8,88000,76.75736720649466
COBYLA,Rosenbrock,100,8,89000,76.53785059191831
COBYLA,Rosenbrock,100,8,90000,76.34900899023545
COBYLA,Rosenbrock,100,8,91000,76.1607196177626
COBYLA,Rosenbrock,100,8,92000,75.97834118326942
COBYLA,Rosenbrock,100,8,93000,75.79265179055905
COBYLA,Rosenbrock,100,8,94000,75.62518666247814
COBYLA,Rosenbrock,100,8,95000,75.44670556741274
COBYLA,Rosenbrock,100,8,96000,75.27749494721587
COBYLA,Rosenbrock,100,8,97000,75.08790145646604
COBYLA,Rosenbrock,100,8,98000,74.9140104028528
COBYLA,Rosenbrock,100,8,99000,74.72257981561823
COBYLA,Rosenbrock,100,8,100000,74.544741354435
COBYLA,Rosenbrock,100,8,101000,74.34416498945816
COBYLA,Rosenbrock,100,8,102000,74.18121526594646
COBYLA,Rosenbrock,100,8,103000,74.012078207763
COBYLA,Rosenbrock,100,8,104000,73.80188489610988
COBYLA,Rosenbrock,100,8,105000,73.61924612030165
COBYLA,Rosenbrock,100,9,1000,146803.00072854373
COBYLA,Rosenbrock,100,9,2000,3187.0223236981565
COBYLA,Rosenbrock,100,9,3000,2491.4521145404556
COBYLA,Rosenbrock,100,9,4000,2232.2147456385583
COBYLA,Rosenbrock,100,9,5000,2107.6312964774597
COBYLA,Rosenbrock,100,9,6000,2012.7331267982695
COBYLA,Rosenbrock,100,9,7000,1928.4591171172456
COBYLA,Rosenbrock,100,9,8000,1842.8971290276872
COBYLA,Rosenbrock,100,9,9000,1765.8912745061793
COBYLA,Rosenbrock,100,9,10000,1699.1379418072297
COBYLA,Rosenbrock,100,9,11000,1633.7095404574345
COBYLA,Rosenbrock,100,9,12000,1580.2882198830803
COBYLA,Rosenbrock,100,9,13000,1519.6992656723287
COBYLA,Rosenbrock,100,9,14000,1458.141323654614
COBYLA,Rosenbrock,100,9,15000,1395.8051250506207
COBYLA,Rosenbrock,100,9,16000,1317.3055416099412
COBYLA,Rosenbrock,100,9,17000,1234.6130121248843
COBYLA,Rosenbrock,100,9,18000,1141.1362424275692
COBYLA,Rosenbrock,100,9,19000,1050.4670675703799
COBYLA,Rosenbrock,100,9,20000,967.8334618254552
COBYLA,Rosenbrock,100,9,21000,879.1842124160504
COBYLA,Rosenbrock,100,9,22000,784.1811761583591
COBYLA,Rosenbrock,100,9,23000,636.8831847354595
COBYLA,Rosenbrock,100,9,24000,516.8298671657057
COBYLA,Rosenbrock,100,9,25000,333.3650686492515
COBYLA,Rosenbrock,100,9,26000,96.9438019476362
COBYLA,Rosenbrock,100,9,27000,96.17088907738686
COBYLA,Rosenbrock,100,9,28000,95.68258948838452
COBYLA,Rosenbrock,100,9,29000,95.22517273160146
COBYLA,Rosenbrock,100,9,30000,94.80661858719186
COBYLA,Rosenbrock,100,9,31000,94.36873456854234
COBYLA,Rosenbrock,100,9,32000,94.01090334826921
COBYLA,Rosenbrock,100,9,33000,93.7009754663201
COBYLA,Rosenbrock,100,9,34000,93.37037639182371
COBYLA,Rosenbrock,100,9,35000,93.08611670193285
COBYLA,Rosenbrock,100,9,36000,92.80388955106493
COBYLA,Rosenbrock,100,9,37000,92.49371304222056
COBYLA,Rosenbrock,100,9,38000,92.2238451648165
COBYLA,Rosenbrock,100,9,39000,91.93458486464382
COBYLA,Rosenbrock,100,9,40000,91.62841947062284
COBYLA,Rosenbrock,100,9,41000,91.30925658325145
COBYLA,Rosenbrock,100,9,42000,91.07852575279155
COBYLA,Rosenbrock,100,9,43000,90.83198274142217
COBYLA,Rosenbrock,100,9,44000,90.56957248115835
COBYLA,Rosenbrock,100,9,45000,90.31701638741684
COBYLA,Rosenbrock,100,9,46000,90.05501927129163
COBYLA,Rosenbrock,100,9,47000,89.79067296611757
COBYLA,Rosenbrock,100,9,48000,89.54146493496735
COBYLA,Rosenbrock,100,9,49000,89.30280418953663
COBYLA,Rosenbrock,100,9,50000,89.06697336824982
COBYLA,Rosenbrock,100,9,51000,88.83816367442674
COBYLA,Rosenbrock,100,9,52000,88.61455791834167
COBYLA,Rosenbrock,100,9,53000,88.3682451123814
COBYLA,Rosenbrock,100,9,54000,88.13666641180774
COBYLA,Rosenbrock,100,9,55000,87.90545541581525
COBYLA,Rosenbrock,100,9,56000,87.67047214863115
COBYLA,Rosenbrock,100,9,57000,87.45489808478709
COBYLA,Rosenbrock,100,9,58000,87.2095679741527
COBYLA,Rosenbrock,100,9,59000,86.97710737035291
COBYLA,Rosenbrock,100,9,60000,86.74151869021088
COBYLA,Rosenbrock,100,9,61000,86.52626273332497
COBYLA,Rosenbrock,100,9,62000,86.29722894922085
COBYLA,Rosenbrock,100,9,63000,86.08611895368185
COBYLA,Rosenbrock,100,9,64000,85.86276764565032
COBYLA,Rosenbrock,100,9,65000,85.63056501019545
COBYLA,Rosenbrock,100,9,66000,85.40583575228827
COBYLA,Rosenbrock,100,9,67000,85.16336445258344
COBYLA,Rosenbrock,100,9,68000,84.95387545395138
COBYLA,Rosenbrock,100,9,69000,84.74092042872648
COBYLA,Rosenbrock,100,9,70000,84.53069303999719
COBYLA,Rosenbrock,100,9,71000,84.30766832982242
COBYLA,Rosenbrock,100,9,72000,84.08897225496946
COBYLA,Rosenbrock,100,9,73000,83.88021000075406
COBYLA,Rosenbrock,100,9,74000,83.66458496597546
COBYLA,Rosenbrock,100,9,75000,83.46126517653306
COBYLA,Rosenbrock,100,9,76000,83.2388563933494
COBYLA,Rosenbrock,100,9,77000,83.02054488221077
COBYLA,Rosenbrock,100,9,78000,82.8072703329468
COBYLA,Rosenbrock,100,9,79000,82.59546374202135
COBYLA,Rosenbrock,100,9,80000,82.35974650161062
COBYLA,Rosenbrock,100,9,81000,82.15242300229627
COBYLA,Rosenbrock,100,9,82000,81.94189230901212
COBYLA,Rosenbrock,100,9,83000,81.72157194986336
COBYLA,Rosenbrock,100,9,84000,81.52659181762942
COBYLA,Rosenbrock,100,9,85000,81.29969945759869
COBYLA,Rosenbrock,100,9,86000,81.08603305896303
COBYLA,Rosenbrock,100,9,87000,80.89049143820182
COBYLA,Rosenbrock,100,9,88000,80.66056973873181
COBYLA,Rosenbrock,100,9,89000,80.45208458813099
COBYLA,Rosenbrock,100,9,90000,80.27692011846767
COBYLA,Rosenbrock,100,9,91000,80.056842252689
COBYLA,Rosenbrock,100,9,92000,79.85531040010706
COBYLA,Rosenbrock,100,9,93000,79.66558059426897
COBYLA,Rosenbrock,100,9,94000,79.45947117607385
COBYLA,Rosenbrock,100,9,95000,79.25819903198169
COBYLA,Rosenbrock,100,9,96000,79.07015838634574
COBYLA,Rosenbrock,100,9,97000,78.86081391597388
COBYLA,Rosenbrock,100,9,98000,78.64996171275482
COBYLA,Rosenbrock,100,9,99000,78.47201173002317
COBYLA,Rosenbrock,100,9,100000,78.26207306785506
COBYLA,Rosenbrock,100,9,101000,78.04455489318842
COBYLA,Rosenbrock,100,9,102000,77.82559177487563
COBYLA,Rosenbrock,100,9,103000,77.6310504414378
COBYLA,Rosenbrock,100,9,104000,77.43509761633987
COBYLA,Rosenbrock,100,9,105000,77.23789708921237
